GEO.id,GEO.id2,GEO.display-label,HD01_VD01,HD02_VD01
Id,Id2,Geography,Estimate; Total,Margin of Error; Total
1500000US420454003011,420454003011,"Block Group 1, Census Tract 4003.01, Delaware County, Pennsylvania",1105,520
1500000US420454003012,420454003012,"Block Group 2, Census Tract 4003.01, Delaware County, Pennsylvania",1975,711
1500000US420454003013,420454003013,"Block Group 3, Census Tract 4003.01, Delaware County, Pennsylvania",1836,739
1500000US420454003014,420454003014,"Block Group 4, Census Tract 4003.01, Delaware County, Pennsylvania",1162,495
1500000US420454003021,420454003021,"Block Group 1, Census Tract 4003.02, Delaware County, Pennsylvania",672,265
1500000US420454003022,420454003022,"Block Group 2, Census Tract 4003.02, Delaware County, Pennsylvania",1640,381
1500000US420454003023,420454003023,"Block Group 3, Census Tract 4003.02, Delaware County, Pennsylvania",1244,286
1500000US420454004011,420454004011,"Block Group 1, Census Tract 4004.01, Delaware County, Pennsylvania",1298,333
1500000US420454004012,420454004012,"Block Group 2, Census Tract 4004.01, Delaware County, Pennsylvania",2061,412
1500000US420454004013,420454004013,"Block Group 3, Census Tract 4004.01, Delaware County, Pennsylvania",1704,252
1500000US420454004021,420454004021,"Block Group 1, Census Tract 4004.02, Delaware County, Pennsylvania",627,279
1500000US420454004022,420454004022,"Block Group 2, Census Tract 4004.02, Delaware County, Pennsylvania",2227,620
1500000US420454004023,420454004023,"Block Group 3, Census Tract 4004.02, Delaware County, Pennsylvania",1154,400
1500000US420454004024,420454004024,"Block Group 4, Census Tract 4004.02, Delaware County, Pennsylvania",542,329
1500000US420454005001,420454005001,"Block Group 1, Census Tract 4005, Delaware County, Pennsylvania",1671,534
1500000US420454005002,420454005002,"Block Group 2, Census Tract 4005, Delaware County, Pennsylvania",1033,309
1500000US420454005003,420454005003,"Block Group 3, Census Tract 4005, Delaware County, Pennsylvania",657,293
1500000US420454005004,420454005004,"Block Group 4, Census Tract 4005, Delaware County, Pennsylvania",1016,278
1500000US420454006001,420454006001,"Block Group 1, Census Tract 4006, Delaware County, Pennsylvania",938,264
1500000US420454006002,420454006002,"Block Group 2, Census Tract 4006, Delaware County, Pennsylvania",1421,427
1500000US420454006003,420454006003,"Block Group 3, Census Tract 4006, Delaware County, Pennsylvania",883,341
1500000US420454006004,420454006004,"Block Group 4, Census Tract 4006, Delaware County, Pennsylvania",329,187
1500000US420454006005,420454006005,"Block Group 5, Census Tract 4006, Delaware County, Pennsylvania",1031,380
1500000US420454007001,420454007001,"Block Group 1, Census Tract 4007, Delaware County, Pennsylvania",1075,579
1500000US420454007002,420454007002,"Block Group 2, Census Tract 4007, Delaware County, Pennsylvania",2038,650
1500000US420454007003,420454007003,"Block Group 3, Census Tract 4007, Delaware County, Pennsylvania",754,407
1500000US420454007004,420454007004,"Block Group 4, Census Tract 4007, Delaware County, Pennsylvania",1272,428
1500000US420454007005,420454007005,"Block Group 5, Census Tract 4007, Delaware County, Pennsylvania",916,321
1500000US420454008011,420454008011,"Block Group 1, Census Tract 4008.01, Delaware County, Pennsylvania",2312,405
1500000US420454008021,420454008021,"Block Group 1, Census Tract 4008.02, Delaware County, Pennsylvania",1374,313
1500000US420454008022,420454008022,"Block Group 2, Census Tract 4008.02, Delaware County, Pennsylvania",844,219
1500000US420454008023,420454008023,"Block Group 3, Census Tract 4008.02, Delaware County, Pennsylvania",1472,197
1500000US420454009001,420454009001,"Block Group 1, Census Tract 4009, Delaware County, Pennsylvania",1550,131
1500000US420454010001,420454010001,"Block Group 1, Census Tract 4010, Delaware County, Pennsylvania",1143,171
1500000US420454010002,420454010002,"Block Group 2, Census Tract 4010, Delaware County, Pennsylvania",700,150
1500000US420454011011,420454011011,"Block Group 1, Census Tract 4011.01, Delaware County, Pennsylvania",1339,286
1500000US420454011012,420454011012,"Block Group 2, Census Tract 4011.01, Delaware County, Pennsylvania",835,190
1500000US420454011013,420454011013,"Block Group 3, Census Tract 4011.01, Delaware County, Pennsylvania",953,238
1500000US420454011031,420454011031,"Block Group 1, Census Tract 4011.03, Delaware County, Pennsylvania",938,155
1500000US420454011032,420454011032,"Block Group 2, Census Tract 4011.03, Delaware County, Pennsylvania",1471,233
1500000US420454011033,420454011033,"Block Group 3, Census Tract 4011.03, Delaware County, Pennsylvania",1039,168
1500000US420454011041,420454011041,"Block Group 1, Census Tract 4011.04, Delaware County, Pennsylvania",1958,533
1500000US420454011042,420454011042,"Block Group 2, Census Tract 4011.04, Delaware County, Pennsylvania",1518,413
1500000US420454011043,420454011043,"Block Group 3, Census Tract 4011.04, Delaware County, Pennsylvania",646,173
1500000US420454011044,420454011044,"Block Group 4, Census Tract 4011.04, Delaware County, Pennsylvania",912,291
1500000US420454012001,420454012001,"Block Group 1, Census Tract 4012, Delaware County, Pennsylvania",996,196
1500000US420454012002,420454012002,"Block Group 2, Census Tract 4012, Delaware County, Pennsylvania",676,160
1500000US420454012003,420454012003,"Block Group 3, Census Tract 4012, Delaware County, Pennsylvania",821,248
1500000US420454012004,420454012004,"Block Group 4, Census Tract 4012, Delaware County, Pennsylvania",886,262
1500000US420454013011,420454013011,"Block Group 1, Census Tract 4013.01, Delaware County, Pennsylvania",2425,311
1500000US420454013021,420454013021,"Block Group 1, Census Tract 4013.02, Delaware County, Pennsylvania",1343,216
1500000US420454013022,420454013022,"Block Group 2, Census Tract 4013.02, Delaware County, Pennsylvania",1384,225
1500000US420454014011,420454014011,"Block Group 1, Census Tract 4014.01, Delaware County, Pennsylvania",1067,149
1500000US420454014012,420454014012,"Block Group 2, Census Tract 4014.01, Delaware County, Pennsylvania",932,124
1500000US420454014021,420454014021,"Block Group 1, Census Tract 4014.02, Delaware County, Pennsylvania",445,163
1500000US420454014022,420454014022,"Block Group 2, Census Tract 4014.02, Delaware County, Pennsylvania",1101,344
1500000US420454014023,420454014023,"Block Group 3, Census Tract 4014.02, Delaware County, Pennsylvania",1129,304
1500000US420454014024,420454014024,"Block Group 4, Census Tract 4014.02, Delaware County, Pennsylvania",1104,299
1500000US420454015011,420454015011,"Block Group 1, Census Tract 4015.01, Delaware County, Pennsylvania",1266,279
1500000US420454015012,420454015012,"Block Group 2, Census Tract 4015.01, Delaware County, Pennsylvania",2296,329
1500000US420454015021,420454015021,"Block Group 1, Census Tract 4015.02, Delaware County, Pennsylvania",1596,359
1500000US420454015022,420454015022,"Block Group 2, Census Tract 4015.02, Delaware County, Pennsylvania",549,166
1500000US420454015023,420454015023,"Block Group 3, Census Tract 4015.02, Delaware County, Pennsylvania",1378,308
1500000US420454015024,420454015024,"Block Group 4, Census Tract 4015.02, Delaware County, Pennsylvania",621,170
1500000US420454016001,420454016001,"Block Group 1, Census Tract 4016, Delaware County, Pennsylvania",839,162
1500000US420454016002,420454016002,"Block Group 2, Census Tract 4016, Delaware County, Pennsylvania",877,179
1500000US420454017001,420454017001,"Block Group 1, Census Tract 4017, Delaware County, Pennsylvania",2674,17
1500000US420454018001,420454018001,"Block Group 1, Census Tract 4018, Delaware County, Pennsylvania",1902,465
1500000US420454018002,420454018002,"Block Group 2, Census Tract 4018, Delaware County, Pennsylvania",1087,344
1500000US420454018003,420454018003,"Block Group 3, Census Tract 4018, Delaware County, Pennsylvania",1194,291
1500000US420454019001,420454019001,"Block Group 1, Census Tract 4019, Delaware County, Pennsylvania",677,172
1500000US420454019002,420454019002,"Block Group 2, Census Tract 4019, Delaware County, Pennsylvania",564,237
1500000US420454019003,420454019003,"Block Group 3, Census Tract 4019, Delaware County, Pennsylvania",1198,272
1500000US420454019004,420454019004,"Block Group 4, Census Tract 4019, Delaware County, Pennsylvania",892,287
1500000US420454019005,420454019005,"Block Group 5, Census Tract 4019, Delaware County, Pennsylvania",848,253
1500000US420454020001,420454020001,"Block Group 1, Census Tract 4020, Delaware County, Pennsylvania",711,167
1500000US420454020002,420454020002,"Block Group 2, Census Tract 4020, Delaware County, Pennsylvania",1568,417
1500000US420454021001,420454021001,"Block Group 1, Census Tract 4021, Delaware County, Pennsylvania",1582,503
1500000US420454021002,420454021002,"Block Group 2, Census Tract 4021, Delaware County, Pennsylvania",1524,506
1500000US420454021003,420454021003,"Block Group 3, Census Tract 4021, Delaware County, Pennsylvania",1523,493
1500000US420454021004,420454021004,"Block Group 4, Census Tract 4021, Delaware County, Pennsylvania",1210,300
1500000US420454022001,420454022001,"Block Group 1, Census Tract 4022, Delaware County, Pennsylvania",1106,199
1500000US420454022002,420454022002,"Block Group 2, Census Tract 4022, Delaware County, Pennsylvania",1162,186
1500000US420454023001,420454023001,"Block Group 1, Census Tract 4023, Delaware County, Pennsylvania",1044,237
1500000US420454023002,420454023002,"Block Group 2, Census Tract 4023, Delaware County, Pennsylvania",541,163
1500000US420454023003,420454023003,"Block Group 3, Census Tract 4023, Delaware County, Pennsylvania",1831,309
1500000US420454024001,420454024001,"Block Group 1, Census Tract 4024, Delaware County, Pennsylvania",1377,347
1500000US420454024002,420454024002,"Block Group 2, Census Tract 4024, Delaware County, Pennsylvania",1109,414
1500000US420454024003,420454024003,"Block Group 3, Census Tract 4024, Delaware County, Pennsylvania",950,318
1500000US420454025001,420454025001,"Block Group 1, Census Tract 4025, Delaware County, Pennsylvania",1502,433
1500000US420454025002,420454025002,"Block Group 2, Census Tract 4025, Delaware County, Pennsylvania",1023,316
1500000US420454025003,420454025003,"Block Group 3, Census Tract 4025, Delaware County, Pennsylvania",915,324
1500000US420454026001,420454026001,"Block Group 1, Census Tract 4026, Delaware County, Pennsylvania",2232,487
1500000US420454026002,420454026002,"Block Group 2, Census Tract 4026, Delaware County, Pennsylvania",1602,376
1500000US420454027001,420454027001,"Block Group 1, Census Tract 4027, Delaware County, Pennsylvania",1665,312
1500000US420454027002,420454027002,"Block Group 2, Census Tract 4027, Delaware County, Pennsylvania",889,313
1500000US420454028001,420454028001,"Block Group 1, Census Tract 4028, Delaware County, Pennsylvania",1449,525
1500000US420454028002,420454028002,"Block Group 2, Census Tract 4028, Delaware County, Pennsylvania",440,220
1500000US420454028003,420454028003,"Block Group 3, Census Tract 4028, Delaware County, Pennsylvania",546,231
1500000US420454028004,420454028004,"Block Group 4, Census Tract 4028, Delaware County, Pennsylvania",1583,449
1500000US420454028005,420454028005,"Block Group 5, Census Tract 4028, Delaware County, Pennsylvania",1693,566
1500000US420454029001,420454029001,"Block Group 1, Census Tract 4029, Delaware County, Pennsylvania",940,283
1500000US420454029002,420454029002,"Block Group 2, Census Tract 4029, Delaware County, Pennsylvania",1064,292
1500000US420454029003,420454029003,"Block Group 3, Census Tract 4029, Delaware County, Pennsylvania",1449,393
1500000US420454030011,420454030011,"Block Group 1, Census Tract 4030.01, Delaware County, Pennsylvania",1323,226
1500000US420454030012,420454030012,"Block Group 2, Census Tract 4030.01, Delaware County, Pennsylvania",1725,253
1500000US420454030021,420454030021,"Block Group 1, Census Tract 4030.02, Delaware County, Pennsylvania",1207,269
1500000US420454030022,420454030022,"Block Group 2, Census Tract 4030.02, Delaware County, Pennsylvania",1589,305
1500000US420454031011,420454031011,"Block Group 1, Census Tract 4031.01, Delaware County, Pennsylvania",1460,344
1500000US420454031012,420454031012,"Block Group 2, Census Tract 4031.01, Delaware County, Pennsylvania",1244,284
1500000US420454031013,420454031013,"Block Group 3, Census Tract 4031.01, Delaware County, Pennsylvania",1163,293
1500000US420454031031,420454031031,"Block Group 1, Census Tract 4031.03, Delaware County, Pennsylvania",1461,318
1500000US420454031032,420454031032,"Block Group 2, Census Tract 4031.03, Delaware County, Pennsylvania",950,317
1500000US420454031041,420454031041,"Block Group 1, Census Tract 4031.04, Delaware County, Pennsylvania",1179,290
1500000US420454031042,420454031042,"Block Group 2, Census Tract 4031.04, Delaware County, Pennsylvania",1343,238
1500000US420454032001,420454032001,"Block Group 1, Census Tract 4032, Delaware County, Pennsylvania",975,187
1500000US420454032002,420454032002,"Block Group 2, Census Tract 4032, Delaware County, Pennsylvania",819,203
1500000US420454032003,420454032003,"Block Group 3, Census Tract 4032, Delaware County, Pennsylvania",1425,379
1500000US420454032004,420454032004,"Block Group 4, Census Tract 4032, Delaware County, Pennsylvania",943,312
1500000US420454033001,420454033001,"Block Group 1, Census Tract 4033, Delaware County, Pennsylvania",672,388
1500000US420454033002,420454033002,"Block Group 2, Census Tract 4033, Delaware County, Pennsylvania",1497,443
1500000US420454033003,420454033003,"Block Group 3, Census Tract 4033, Delaware County, Pennsylvania",523,214
1500000US420454033004,420454033004,"Block Group 4, Census Tract 4033, Delaware County, Pennsylvania",1923,690
1500000US420454033005,420454033005,"Block Group 5, Census Tract 4033, Delaware County, Pennsylvania",868,404
1500000US420454033006,420454033006,"Block Group 6, Census Tract 4033, Delaware County, Pennsylvania",1205,576
1500000US420454034011,420454034011,"Block Group 1, Census Tract 4034.01, Delaware County, Pennsylvania",1392,383
1500000US420454034012,420454034012,"Block Group 2, Census Tract 4034.01, Delaware County, Pennsylvania",1373,364
1500000US420454034021,420454034021,"Block Group 1, Census Tract 4034.02, Delaware County, Pennsylvania",1635,374
1500000US420454034022,420454034022,"Block Group 2, Census Tract 4034.02, Delaware County, Pennsylvania",2220,388
1500000US420454035011,420454035011,"Block Group 1, Census Tract 4035.01, Delaware County, Pennsylvania",847,225
1500000US420454035012,420454035012,"Block Group 2, Census Tract 4035.01, Delaware County, Pennsylvania",1324,245
1500000US420454035013,420454035013,"Block Group 3, Census Tract 4035.01, Delaware County, Pennsylvania",1163,280
1500000US420454035014,420454035014,"Block Group 4, Census Tract 4035.01, Delaware County, Pennsylvania",716,218
1500000US420454035021,420454035021,"Block Group 1, Census Tract 4035.02, Delaware County, Pennsylvania",937,231
1500000US420454035022,420454035022,"Block Group 2, Census Tract 4035.02, Delaware County, Pennsylvania",1113,329
1500000US420454035023,420454035023,"Block Group 3, Census Tract 4035.02, Delaware County, Pennsylvania",1067,338
1500000US420454036011,420454036011,"Block Group 1, Census Tract 4036.01, Delaware County, Pennsylvania",1230,322
1500000US420454036012,420454036012,"Block Group 2, Census Tract 4036.01, Delaware County, Pennsylvania",1230,271
1500000US420454036013,420454036013,"Block Group 3, Census Tract 4036.01, Delaware County, Pennsylvania",840,278
1500000US420454036014,420454036014,"Block Group 4, Census Tract 4036.01, Delaware County, Pennsylvania",818,218
1500000US420454036021,420454036021,"Block Group 1, Census Tract 4036.02, Delaware County, Pennsylvania",1139,171
1500000US420454036022,420454036022,"Block Group 2, Census Tract 4036.02, Delaware County, Pennsylvania",639,124
1500000US420454037011,420454037011,"Block Group 1, Census Tract 4037.01, Delaware County, Pennsylvania",517,114
1500000US420454037012,420454037012,"Block Group 2, Census Tract 4037.01, Delaware County, Pennsylvania",1132,173
1500000US420454037021,420454037021,"Block Group 1, Census Tract 4037.02, Delaware County, Pennsylvania",603,208
1500000US420454037022,420454037022,"Block Group 2, Census Tract 4037.02, Delaware County, Pennsylvania",1858,280
1500000US420454038001,420454038001,"Block Group 1, Census Tract 4038, Delaware County, Pennsylvania",1564,547
1500000US420454038002,420454038002,"Block Group 2, Census Tract 4038, Delaware County, Pennsylvania",1644,446
1500000US420454038003,420454038003,"Block Group 3, Census Tract 4038, Delaware County, Pennsylvania",699,304
1500000US420454038004,420454038004,"Block Group 4, Census Tract 4038, Delaware County, Pennsylvania",974,382
1500000US420454038005,420454038005,"Block Group 5, Census Tract 4038, Delaware County, Pennsylvania",1165,300
1500000US420454038006,420454038006,"Block Group 6, Census Tract 4038, Delaware County, Pennsylvania",446,152
1500000US420454039011,420454039011,"Block Group 1, Census Tract 4039.01, Delaware County, Pennsylvania",1982,267
1500000US420454039012,420454039012,"Block Group 2, Census Tract 4039.01, Delaware County, Pennsylvania",1365,266
1500000US420454039021,420454039021,"Block Group 1, Census Tract 4039.02, Delaware County, Pennsylvania",1143,218
1500000US420454039022,420454039022,"Block Group 2, Census Tract 4039.02, Delaware County, Pennsylvania",1060,236
1500000US420454039023,420454039023,"Block Group 3, Census Tract 4039.02, Delaware County, Pennsylvania",1485,251
1500000US420454040031,420454040031,"Block Group 1, Census Tract 4040.03, Delaware County, Pennsylvania",2341,254
1500000US420454040041,420454040041,"Block Group 1, Census Tract 4040.04, Delaware County, Pennsylvania",1368,289
1500000US420454040042,420454040042,"Block Group 2, Census Tract 4040.04, Delaware County, Pennsylvania",2236,333
1500000US420454040043,420454040043,"Block Group 3, Census Tract 4040.04, Delaware County, Pennsylvania",1831,396
1500000US420454040044,420454040044,"Block Group 4, Census Tract 4040.04, Delaware County, Pennsylvania",793,313
1500000US420454041011,420454041011,"Block Group 1, Census Tract 4041.01, Delaware County, Pennsylvania",1932,334
1500000US420454041012,420454041012,"Block Group 2, Census Tract 4041.01, Delaware County, Pennsylvania",1685,282
1500000US420454041013,420454041013,"Block Group 3, Census Tract 4041.01, Delaware County, Pennsylvania",1117,275
1500000US420454041014,420454041014,"Block Group 4, Census Tract 4041.01, Delaware County, Pennsylvania",1310,323
1500000US420454041021,420454041021,"Block Group 1, Census Tract 4041.02, Delaware County, Pennsylvania",1135,332
1500000US420454041022,420454041022,"Block Group 2, Census Tract 4041.02, Delaware County, Pennsylvania",1017,255
1500000US420454041023,420454041023,"Block Group 3, Census Tract 4041.02, Delaware County, Pennsylvania",1055,346
1500000US420454041024,420454041024,"Block Group 4, Census Tract 4041.02, Delaware County, Pennsylvania",1409,294
1500000US420454041025,420454041025,"Block Group 5, Census Tract 4041.02, Delaware County, Pennsylvania",711,255
1500000US420454041031,420454041031,"Block Group 1, Census Tract 4041.03, Delaware County, Pennsylvania",1536,225
1500000US420454041032,420454041032,"Block Group 2, Census Tract 4041.03, Delaware County, Pennsylvania",1961,259
1500000US420454043001,420454043001,"Block Group 1, Census Tract 4043, Delaware County, Pennsylvania",706,187
1500000US420454043002,420454043002,"Block Group 2, Census Tract 4043, Delaware County, Pennsylvania",1209,221
1500000US420454043003,420454043003,"Block Group 3, Census Tract 4043, Delaware County, Pennsylvania",717,192
1500000US420454044001,420454044001,"Block Group 1, Census Tract 4044, Delaware County, Pennsylvania",624,155
1500000US420454044002,420454044002,"Block Group 2, Census Tract 4044, Delaware County, Pennsylvania",1000,247
1500000US420454045001,420454045001,"Block Group 1, Census Tract 4045, Delaware County, Pennsylvania",1295,351
1500000US420454045002,420454045002,"Block Group 2, Census Tract 4045, Delaware County, Pennsylvania",1125,322
1500000US420454045003,420454045003,"Block Group 3, Census Tract 4045, Delaware County, Pennsylvania",898,400
1500000US420454045004,420454045004,"Block Group 4, Census Tract 4045, Delaware County, Pennsylvania",2098,507
1500000US420454046001,420454046001,"Block Group 1, Census Tract 4046, Delaware County, Pennsylvania",918,204
1500000US420454046002,420454046002,"Block Group 2, Census Tract 4046, Delaware County, Pennsylvania",761,184
1500000US420454046003,420454046003,"Block Group 3, Census Tract 4046, Delaware County, Pennsylvania",440,156
1500000US420454047001,420454047001,"Block Group 1, Census Tract 4047, Delaware County, Pennsylvania",847,220
1500000US420454047002,420454047002,"Block Group 2, Census Tract 4047, Delaware County, Pennsylvania",2939,289
1500000US420454048001,420454048001,"Block Group 1, Census Tract 4048, Delaware County, Pennsylvania",777,249
1500000US420454048002,420454048002,"Block Group 2, Census Tract 4048, Delaware County, Pennsylvania",646,205
1500000US420454048003,420454048003,"Block Group 3, Census Tract 4048, Delaware County, Pennsylvania",641,218
1500000US420454049001,420454049001,"Block Group 1, Census Tract 4049, Delaware County, Pennsylvania",550,255
1500000US420454049002,420454049002,"Block Group 2, Census Tract 4049, Delaware County, Pennsylvania",746,228
1500000US420454050001,420454050001,"Block Group 1, Census Tract 4050, Delaware County, Pennsylvania",497,145
1500000US420454050002,420454050002,"Block Group 2, Census Tract 4050, Delaware County, Pennsylvania",674,265
1500000US420454050003,420454050003,"Block Group 3, Census Tract 4050, Delaware County, Pennsylvania",595,175
1500000US420454051001,420454051001,"Block Group 1, Census Tract 4051, Delaware County, Pennsylvania",1060,222
1500000US420454051002,420454051002,"Block Group 2, Census Tract 4051, Delaware County, Pennsylvania",1239,249
1500000US420454052001,420454052001,"Block Group 1, Census Tract 4052, Delaware County, Pennsylvania",974,311
1500000US420454052002,420454052002,"Block Group 2, Census Tract 4052, Delaware County, Pennsylvania",698,254
1500000US420454052003,420454052003,"Block Group 3, Census Tract 4052, Delaware County, Pennsylvania",1518,274
1500000US420454053001,420454053001,"Block Group 1, Census Tract 4053, Delaware County, Pennsylvania",1298,286
1500000US420454053002,420454053002,"Block Group 2, Census Tract 4053, Delaware County, Pennsylvania",1474,403
1500000US420454054001,420454054001,"Block Group 1, Census Tract 4054, Delaware County, Pennsylvania",973,217
1500000US420454054002,420454054002,"Block Group 2, Census Tract 4054, Delaware County, Pennsylvania",1189,275
1500000US420454061001,420454061001,"Block Group 1, Census Tract 4061, Delaware County, Pennsylvania",941,190
1500000US420454061002,420454061002,"Block Group 2, Census Tract 4061, Delaware County, Pennsylvania",1380,157
1500000US420454062011,420454062011,"Block Group 1, Census Tract 4062.01, Delaware County, Pennsylvania",769,198
1500000US420454062012,420454062012,"Block Group 2, Census Tract 4062.01, Delaware County, Pennsylvania",794,161
1500000US420454062013,420454062013,"Block Group 3, Census Tract 4062.01, Delaware County, Pennsylvania",1769,276
1500000US420454062021,420454062021,"Block Group 1, Census Tract 4062.02, Delaware County, Pennsylvania",1840,367
1500000US420454062022,420454062022,"Block Group 2, Census Tract 4062.02, Delaware County, Pennsylvania",726,260
1500000US420454062023,420454062023,"Block Group 3, Census Tract 4062.02, Delaware County, Pennsylvania",1513,326
1500000US420454062024,420454062024,"Block Group 4, Census Tract 4062.02, Delaware County, Pennsylvania",640,335
1500000US420454063001,420454063001,"Block Group 1, Census Tract 4063, Delaware County, Pennsylvania",1417,321
1500000US420454063002,420454063002,"Block Group 2, Census Tract 4063, Delaware County, Pennsylvania",1105,261
1500000US420454063003,420454063003,"Block Group 3, Census Tract 4063, Delaware County, Pennsylvania",729,204
1500000US420454064011,420454064011,"Block Group 1, Census Tract 4064.01, Delaware County, Pennsylvania",1745,236
1500000US420454064012,420454064012,"Block Group 2, Census Tract 4064.01, Delaware County, Pennsylvania",1136,215
1500000US420454064021,420454064021,"Block Group 1, Census Tract 4064.02, Delaware County, Pennsylvania",583,154
1500000US420454064022,420454064022,"Block Group 2, Census Tract 4064.02, Delaware County, Pennsylvania",633,142
1500000US420454065001,420454065001,"Block Group 1, Census Tract 4065, Delaware County, Pennsylvania",764,126
1500000US420454065002,420454065002,"Block Group 2, Census Tract 4065, Delaware County, Pennsylvania",943,302
1500000US420454066001,420454066001,"Block Group 1, Census Tract 4066, Delaware County, Pennsylvania",1068,225
1500000US420454066002,420454066002,"Block Group 2, Census Tract 4066, Delaware County, Pennsylvania",1183,263
1500000US420454067001,420454067001,"Block Group 1, Census Tract 4067, Delaware County, Pennsylvania",1550,311
1500000US420454067002,420454067002,"Block Group 2, Census Tract 4067, Delaware County, Pennsylvania",1929,309
1500000US420454068011,420454068011,"Block Group 1, Census Tract 4068.01, Delaware County, Pennsylvania",1318,285
1500000US420454068012,420454068012,"Block Group 2, Census Tract 4068.01, Delaware County, Pennsylvania",1785,299
1500000US420454068013,420454068013,"Block Group 3, Census Tract 4068.01, Delaware County, Pennsylvania",1285,249
1500000US420454068021,420454068021,"Block Group 1, Census Tract 4068.02, Delaware County, Pennsylvania",1051,309
1500000US420454068022,420454068022,"Block Group 2, Census Tract 4068.02, Delaware County, Pennsylvania",1237,351
1500000US420454068023,420454068023,"Block Group 3, Census Tract 4068.02, Delaware County, Pennsylvania",866,244
1500000US420454068024,420454068024,"Block Group 4, Census Tract 4068.02, Delaware County, Pennsylvania",1222,282
1500000US420454068031,420454068031,"Block Group 1, Census Tract 4068.03, Delaware County, Pennsylvania",2456,465
1500000US420454068032,420454068032,"Block Group 2, Census Tract 4068.03, Delaware County, Pennsylvania",1402,398
1500000US420454068033,420454068033,"Block Group 3, Census Tract 4068.03, Delaware County, Pennsylvania",2128,342
1500000US420454068034,420454068034,"Block Group 4, Census Tract 4068.03, Delaware County, Pennsylvania",2204,390
1500000US420454069021,420454069021,"Block Group 1, Census Tract 4069.02, Delaware County, Pennsylvania",2226,371
1500000US420454069022,420454069022,"Block Group 2, Census Tract 4069.02, Delaware County, Pennsylvania",2056,335
1500000US420454069023,420454069023,"Block Group 3, Census Tract 4069.02, Delaware County, Pennsylvania",1570,397
1500000US420454069031,420454069031,"Block Group 1, Census Tract 4069.03, Delaware County, Pennsylvania",1434,270
1500000US420454069032,420454069032,"Block Group 2, Census Tract 4069.03, Delaware County, Pennsylvania",1472,257
1500000US420454069033,420454069033,"Block Group 3, Census Tract 4069.03, Delaware County, Pennsylvania",2315,320
1500000US420454069041,420454069041,"Block Group 1, Census Tract 4069.04, Delaware County, Pennsylvania",1852,285
1500000US420454069042,420454069042,"Block Group 2, Census Tract 4069.04, Delaware County, Pennsylvania",3790,437
1500000US420454070001,420454070001,"Block Group 1, Census Tract 4070, Delaware County, Pennsylvania",1593,141
1500000US420454070002,420454070002,"Block Group 2, Census Tract 4070, Delaware County, Pennsylvania",1003,139
1500000US420454071011,420454071011,"Block Group 1, Census Tract 4071.01, Delaware County, Pennsylvania",1590,245
1500000US420454071012,420454071012,"Block Group 2, Census Tract 4071.01, Delaware County, Pennsylvania",2641,312
1500000US420454071021,420454071021,"Block Group 1, Census Tract 4071.02, Delaware County, Pennsylvania",1227,239
1500000US420454071022,420454071022,"Block Group 2, Census Tract 4071.02, Delaware County, Pennsylvania",956,209
1500000US420454071023,420454071023,"Block Group 3, Census Tract 4071.02, Delaware County, Pennsylvania",1119,209
1500000US420454072011,420454072011,"Block Group 1, Census Tract 4072.01, Delaware County, Pennsylvania",1642,368
1500000US420454072012,420454072012,"Block Group 2, Census Tract 4072.01, Delaware County, Pennsylvania",1310,244
1500000US420454072013,420454072013,"Block Group 3, Census Tract 4072.01, Delaware County, Pennsylvania",1860,411
1500000US420454072021,420454072021,"Block Group 1, Census Tract 4072.02, Delaware County, Pennsylvania",1452,289
1500000US420454072022,420454072022,"Block Group 2, Census Tract 4072.02, Delaware County, Pennsylvania",2145,262
1500000US420454074011,420454074011,"Block Group 1, Census Tract 4074.01, Delaware County, Pennsylvania",1149,207
1500000US420454074012,420454074012,"Block Group 2, Census Tract 4074.01, Delaware County, Pennsylvania",805,179
1500000US420454074013,420454074013,"Block Group 3, Census Tract 4074.01, Delaware County, Pennsylvania",963,148
1500000US420454074014,420454074014,"Block Group 4, Census Tract 4074.01, Delaware County, Pennsylvania",909,237
1500000US420454074041,420454074041,"Block Group 1, Census Tract 4074.04, Delaware County, Pennsylvania",1135,210
1500000US420454074042,420454074042,"Block Group 2, Census Tract 4074.04, Delaware County, Pennsylvania",753,160
1500000US420454074043,420454074043,"Block Group 3, Census Tract 4074.04, Delaware County, Pennsylvania",1040,174
1500000US420454075011,420454075011,"Block Group 1, Census Tract 4075.01, Delaware County, Pennsylvania",1551,162
1500000US420454075012,420454075012,"Block Group 2, Census Tract 4075.01, Delaware County, Pennsylvania",769,162
1500000US420454075021,420454075021,"Block Group 1, Census Tract 4075.02, Delaware County, Pennsylvania",1060,186
1500000US420454075022,420454075022,"Block Group 2, Census Tract 4075.02, Delaware County, Pennsylvania",1215,222
1500000US420454075023,420454075023,"Block Group 3, Census Tract 4075.02, Delaware County, Pennsylvania",751,181
1500000US420454076001,420454076001,"Block Group 1, Census Tract 4076, Delaware County, Pennsylvania",1728,231
1500000US420454076002,420454076002,"Block Group 2, Census Tract 4076, Delaware County, Pennsylvania",1048,250
1500000US420454076003,420454076003,"Block Group 3, Census Tract 4076, Delaware County, Pennsylvania",696,166
1500000US420454076004,420454076004,"Block Group 4, Census Tract 4076, Delaware County, Pennsylvania",1211,273
1500000US420454076005,420454076005,"Block Group 5, Census Tract 4076, Delaware County, Pennsylvania",701,199
1500000US420454076006,420454076006,"Block Group 6, Census Tract 4076, Delaware County, Pennsylvania",859,195
1500000US420454077001,420454077001,"Block Group 1, Census Tract 4077, Delaware County, Pennsylvania",1515,139
1500000US420454077002,420454077002,"Block Group 2, Census Tract 4077, Delaware County, Pennsylvania",1173,136
1500000US420454078011,420454078011,"Block Group 1, Census Tract 4078.01, Delaware County, Pennsylvania",1025,184
1500000US420454078012,420454078012,"Block Group 2, Census Tract 4078.01, Delaware County, Pennsylvania",1090,269
1500000US420454078013,420454078013,"Block Group 3, Census Tract 4078.01, Delaware County, Pennsylvania",835,183
1500000US420454078014,420454078014,"Block Group 4, Census Tract 4078.01, Delaware County, Pennsylvania",1414,227
1500000US420454078021,420454078021,"Block Group 1, Census Tract 4078.02, Delaware County, Pennsylvania",1829,358
1500000US420454078022,420454078022,"Block Group 2, Census Tract 4078.02, Delaware County, Pennsylvania",2087,381
1500000US420454078023,420454078023,"Block Group 3, Census Tract 4078.02, Delaware County, Pennsylvania",482,150
1500000US420454078024,420454078024,"Block Group 4, Census Tract 4078.02, Delaware County, Pennsylvania",1123,344
1500000US420454078025,420454078025,"Block Group 5, Census Tract 4078.02, Delaware County, Pennsylvania",1079,294
1500000US420454078031,420454078031,"Block Group 1, Census Tract 4078.03, Delaware County, Pennsylvania",768,152
1500000US420454078032,420454078032,"Block Group 2, Census Tract 4078.03, Delaware County, Pennsylvania",1191,237
1500000US420454078033,420454078033,"Block Group 3, Census Tract 4078.03, Delaware County, Pennsylvania",922,193
1500000US420454078034,420454078034,"Block Group 4, Census Tract 4078.03, Delaware County, Pennsylvania",2481,303
1500000US420454078041,420454078041,"Block Group 1, Census Tract 4078.04, Delaware County, Pennsylvania",895,206
1500000US420454078042,420454078042,"Block Group 2, Census Tract 4078.04, Delaware County, Pennsylvania",1228,218
1500000US420454078043,420454078043,"Block Group 3, Census Tract 4078.04, Delaware County, Pennsylvania",824,152
1500000US420454078044,420454078044,"Block Group 4, Census Tract 4078.04, Delaware County, Pennsylvania",1577,207
1500000US420454078051,420454078051,"Block Group 1, Census Tract 4078.05, Delaware County, Pennsylvania",708,145
1500000US420454078052,420454078052,"Block Group 2, Census Tract 4078.05, Delaware County, Pennsylvania",1063,173
1500000US420454078061,420454078061,"Block Group 1, Census Tract 4078.06, Delaware County, Pennsylvania",985,172
1500000US420454078062,420454078062,"Block Group 2, Census Tract 4078.06, Delaware County, Pennsylvania",647,152
1500000US420454079011,420454079011,"Block Group 1, Census Tract 4079.01, Delaware County, Pennsylvania",1128,235
1500000US420454079012,420454079012,"Block Group 2, Census Tract 4079.01, Delaware County, Pennsylvania",2048,214
1500000US420454079013,420454079013,"Block Group 3, Census Tract 4079.01, Delaware County, Pennsylvania",745,155
1500000US420454079021,420454079021,"Block Group 1, Census Tract 4079.02, Delaware County, Pennsylvania",2016,153
1500000US420454079022,420454079022,"Block Group 2, Census Tract 4079.02, Delaware County, Pennsylvania",732,101
1500000US420454079031,420454079031,"Block Group 1, Census Tract 4079.03, Delaware County, Pennsylvania",1600,233
1500000US420454079032,420454079032,"Block Group 2, Census Tract 4079.03, Delaware County, Pennsylvania",2111,250
1500000US420454080011,420454080011,"Block Group 1, Census Tract 4080.01, Delaware County, Pennsylvania",903,220
1500000US420454080012,420454080012,"Block Group 2, Census Tract 4080.01, Delaware County, Pennsylvania",1406,253
1500000US420454080013,420454080013,"Block Group 3, Census Tract 4080.01, Delaware County, Pennsylvania",1485,306
1500000US420454080014,420454080014,"Block Group 4, Census Tract 4080.01, Delaware County, Pennsylvania",1314,315
1500000US420454080015,420454080015,"Block Group 5, Census Tract 4080.01, Delaware County, Pennsylvania",1175,213
1500000US420454080021,420454080021,"Block Group 1, Census Tract 4080.02, Delaware County, Pennsylvania",596,183
1500000US420454080022,420454080022,"Block Group 2, Census Tract 4080.02, Delaware County, Pennsylvania",947,199
1500000US420454080023,420454080023,"Block Group 3, Census Tract 4080.02, Delaware County, Pennsylvania",1052,211
1500000US420454080024,420454080024,"Block Group 4, Census Tract 4080.02, Delaware County, Pennsylvania",1324,214
1500000US420454081011,420454081011,"Block Group 1, Census Tract 4081.01, Delaware County, Pennsylvania",1609,285
1500000US420454081012,420454081012,"Block Group 2, Census Tract 4081.01, Delaware County, Pennsylvania",1816,264
1500000US420454081013,420454081013,"Block Group 3, Census Tract 4081.01, Delaware County, Pennsylvania",2048,254
1500000US420454081021,420454081021,"Block Group 1, Census Tract 4081.02, Delaware County, Pennsylvania",920,187
1500000US420454081022,420454081022,"Block Group 2, Census Tract 4081.02, Delaware County, Pennsylvania",1158,166
1500000US420454081023,420454081023,"Block Group 3, Census Tract 4081.02, Delaware County, Pennsylvania",644,142
1500000US420454081024,420454081024,"Block Group 4, Census Tract 4081.02, Delaware County, Pennsylvania",730,195
1500000US420454081031,420454081031,"Block Group 1, Census Tract 4081.03, Delaware County, Pennsylvania",2164,266
1500000US420454081032,420454081032,"Block Group 2, Census Tract 4081.03, Delaware County, Pennsylvania",2394,336
1500000US420454083001,420454083001,"Block Group 1, Census Tract 4083, Delaware County, Pennsylvania",1842,212
1500000US420454083002,420454083002,"Block Group 2, Census Tract 4083, Delaware County, Pennsylvania",1730,238
1500000US420454083003,420454083003,"Block Group 3, Census Tract 4083, Delaware County, Pennsylvania",974,205
1500000US420454084001,420454084001,"Block Group 1, Census Tract 4084, Delaware County, Pennsylvania",1748,146
1500000US420454085001,420454085001,"Block Group 1, Census Tract 4085, Delaware County, Pennsylvania",1029,186
1500000US420454085002,420454085002,"Block Group 2, Census Tract 4085, Delaware County, Pennsylvania",1195,350
1500000US420454085003,420454085003,"Block Group 3, Census Tract 4085, Delaware County, Pennsylvania",925,221
1500000US420454085004,420454085004,"Block Group 4, Census Tract 4085, Delaware County, Pennsylvania",1016,206
1500000US420454086001,420454086001,"Block Group 1, Census Tract 4086, Delaware County, Pennsylvania",684,149
1500000US420454086002,420454086002,"Block Group 2, Census Tract 4086, Delaware County, Pennsylvania",558,143
1500000US420454086003,420454086003,"Block Group 3, Census Tract 4086, Delaware County, Pennsylvania",625,146
1500000US420454086004,420454086004,"Block Group 4, Census Tract 4086, Delaware County, Pennsylvania",1567,167
1500000US420454087001,420454087001,"Block Group 1, Census Tract 4087, Delaware County, Pennsylvania",1001,150
1500000US420454087002,420454087002,"Block Group 2, Census Tract 4087, Delaware County, Pennsylvania",941,205
1500000US420454087003,420454087003,"Block Group 3, Census Tract 4087, Delaware County, Pennsylvania",1673,222
1500000US420454087004,420454087004,"Block Group 4, Census Tract 4087, Delaware County, Pennsylvania",1199,173
1500000US420454088001,420454088001,"Block Group 1, Census Tract 4088, Delaware County, Pennsylvania",660,346
1500000US420454088002,420454088002,"Block Group 2, Census Tract 4088, Delaware County, Pennsylvania",1345,285
1500000US420454088003,420454088003,"Block Group 3, Census Tract 4088, Delaware County, Pennsylvania",743,213
1500000US420454088004,420454088004,"Block Group 4, Census Tract 4088, Delaware County, Pennsylvania",697,184
1500000US420454088005,420454088005,"Block Group 5, Census Tract 4088, Delaware County, Pennsylvania",924,237
1500000US420454088006,420454088006,"Block Group 6, Census Tract 4088, Delaware County, Pennsylvania",684,200
1500000US420454089001,420454089001,"Block Group 1, Census Tract 4089, Delaware County, Pennsylvania",474,127
1500000US420454089002,420454089002,"Block Group 2, Census Tract 4089, Delaware County, Pennsylvania",1003,245
1500000US420454089003,420454089003,"Block Group 3, Census Tract 4089, Delaware County, Pennsylvania",1531,246
1500000US420454090001,420454090001,"Block Group 1, Census Tract 4090, Delaware County, Pennsylvania",1371,251
1500000US420454090002,420454090002,"Block Group 2, Census Tract 4090, Delaware County, Pennsylvania",908,225
1500000US420454090003,420454090003,"Block Group 3, Census Tract 4090, Delaware County, Pennsylvania",1375,221
1500000US420454091001,420454091001,"Block Group 1, Census Tract 4091, Delaware County, Pennsylvania",1057,189
1500000US420454091002,420454091002,"Block Group 2, Census Tract 4091, Delaware County, Pennsylvania",913,171
1500000US420454091003,420454091003,"Block Group 3, Census Tract 4091, Delaware County, Pennsylvania",2336,225
1500000US420454092001,420454092001,"Block Group 1, Census Tract 4092, Delaware County, Pennsylvania",1210,171
1500000US420454092002,420454092002,"Block Group 2, Census Tract 4092, Delaware County, Pennsylvania",1224,219
1500000US420454092003,420454092003,"Block Group 3, Census Tract 4092, Delaware County, Pennsylvania",1735,201
1500000US420454093001,420454093001,"Block Group 1, Census Tract 4093, Delaware County, Pennsylvania",1169,161
1500000US420454093002,420454093002,"Block Group 2, Census Tract 4093, Delaware County, Pennsylvania",1319,125
1500000US420454094001,420454094001,"Block Group 1, Census Tract 4094, Delaware County, Pennsylvania",1386,195
1500000US420454094002,420454094002,"Block Group 2, Census Tract 4094, Delaware County, Pennsylvania",1592,166
1500000US420454095001,420454095001,"Block Group 1, Census Tract 4095, Delaware County, Pennsylvania",1364,193
1500000US420454095002,420454095002,"Block Group 2, Census Tract 4095, Delaware County, Pennsylvania",956,140
1500000US420454095003,420454095003,"Block Group 3, Census Tract 4095, Delaware County, Pennsylvania",1489,170
1500000US420454095004,420454095004,"Block Group 4, Census Tract 4095, Delaware County, Pennsylvania",917,164
1500000US420454096011,420454096011,"Block Group 1, Census Tract 4096.01, Delaware County, Pennsylvania",1001,174
1500000US420454096012,420454096012,"Block Group 2, Census Tract 4096.01, Delaware County, Pennsylvania",1202,153
1500000US420454096013,420454096013,"Block Group 3, Census Tract 4096.01, Delaware County, Pennsylvania",2475,292
1500000US420454096021,420454096021,"Block Group 1, Census Tract 4096.02, Delaware County, Pennsylvania",1319,204
1500000US420454096022,420454096022,"Block Group 2, Census Tract 4096.02, Delaware County, Pennsylvania",2315,280
1500000US420454096023,420454096023,"Block Group 3, Census Tract 4096.02, Delaware County, Pennsylvania",994,249
1500000US420454097011,420454097011,"Block Group 1, Census Tract 4097.01, Delaware County, Pennsylvania",2957,283
1500000US420454097012,420454097012,"Block Group 2, Census Tract 4097.01, Delaware County, Pennsylvania",2143,300
1500000US420454097013,420454097013,"Block Group 3, Census Tract 4097.01, Delaware County, Pennsylvania",1194,191
1500000US420454097014,420454097014,"Block Group 4, Census Tract 4097.01, Delaware County, Pennsylvania",915,219
1500000US420454097021,420454097021,"Block Group 1, Census Tract 4097.02, Delaware County, Pennsylvania",1962,209
1500000US420454098021,420454098021,"Block Group 1, Census Tract 4098.02, Delaware County, Pennsylvania",978,191
1500000US420454098022,420454098022,"Block Group 2, Census Tract 4098.02, Delaware County, Pennsylvania",2187,366
1500000US420454098023,420454098023,"Block Group 3, Census Tract 4098.02, Delaware County, Pennsylvania",3183,317
1500000US420454098031,420454098031,"Block Group 1, Census Tract 4098.03, Delaware County, Pennsylvania",764,231
1500000US420454098032,420454098032,"Block Group 2, Census Tract 4098.03, Delaware County, Pennsylvania",1339,374
1500000US420454098033,420454098033,"Block Group 3, Census Tract 4098.03, Delaware County, Pennsylvania",1266,298
1500000US420454098034,420454098034,"Block Group 4, Census Tract 4098.03, Delaware County, Pennsylvania",2301,377
1500000US420454098035,420454098035,"Block Group 5, Census Tract 4098.03, Delaware County, Pennsylvania",1215,343
1500000US420454099021,420454099021,"Block Group 1, Census Tract 4099.02, Delaware County, Pennsylvania",1930,367
1500000US420454099022,420454099022,"Block Group 2, Census Tract 4099.02, Delaware County, Pennsylvania",1137,256
1500000US420454099023,420454099023,"Block Group 3, Census Tract 4099.02, Delaware County, Pennsylvania",2077,301
1500000US420454099031,420454099031,"Block Group 1, Census Tract 4099.03, Delaware County, Pennsylvania",1293,182
1500000US420454099032,420454099032,"Block Group 2, Census Tract 4099.03, Delaware County, Pennsylvania",990,185
1500000US420454099033,420454099033,"Block Group 3, Census Tract 4099.03, Delaware County, Pennsylvania",1760,232
1500000US420454099041,420454099041,"Block Group 1, Census Tract 4099.04, Delaware County, Pennsylvania",917,187
1500000US420454099042,420454099042,"Block Group 2, Census Tract 4099.04, Delaware County, Pennsylvania",2655,259
1500000US420454100001,420454100001,"Block Group 1, Census Tract 4100, Delaware County, Pennsylvania",1640,191
1500000US420454100002,420454100002,"Block Group 2, Census Tract 4100, Delaware County, Pennsylvania",1842,213
1500000US420454100003,420454100003,"Block Group 3, Census Tract 4100, Delaware County, Pennsylvania",558,131
1500000US420454101001,420454101001,"Block Group 1, Census Tract 4101, Delaware County, Pennsylvania",1582,300
1500000US420454101002,420454101002,"Block Group 2, Census Tract 4101, Delaware County, Pennsylvania",2502,358
1500000US420454101003,420454101003,"Block Group 3, Census Tract 4101, Delaware County, Pennsylvania",1717,377
1500000US420454101004,420454101004,"Block Group 4, Census Tract 4101, Delaware County, Pennsylvania",1915,341
1500000US420454102001,420454102001,"Block Group 1, Census Tract 4102, Delaware County, Pennsylvania",1274,221
1500000US420454102002,420454102002,"Block Group 2, Census Tract 4102, Delaware County, Pennsylvania",2451,224
1500000US420454103011,420454103011,"Block Group 1, Census Tract 4103.01, Delaware County, Pennsylvania",778,181
1500000US420454103012,420454103012,"Block Group 2, Census Tract 4103.01, Delaware County, Pennsylvania",3397,311
1500000US420454103013,420454103013,"Block Group 3, Census Tract 4103.01, Delaware County, Pennsylvania",833,381
1500000US420454103014,420454103014,"Block Group 4, Census Tract 4103.01, Delaware County, Pennsylvania",1412,311
1500000US420454103015,420454103015,"Block Group 5, Census Tract 4103.01, Delaware County, Pennsylvania",1550,311
1500000US420454103021,420454103021,"Block Group 1, Census Tract 4103.02, Delaware County, Pennsylvania",3735,493
1500000US420454103022,420454103022,"Block Group 2, Census Tract 4103.02, Delaware County, Pennsylvania",5875,511
1500000US420454104001,420454104001,"Block Group 1, Census Tract 4104, Delaware County, Pennsylvania",1593,272
1500000US420454104002,420454104002,"Block Group 2, Census Tract 4104, Delaware County, Pennsylvania",4121,454
1500000US420454104003,420454104003,"Block Group 3, Census Tract 4104, Delaware County, Pennsylvania",1634,332
1500000US420454104004,420454104004,"Block Group 4, Census Tract 4104, Delaware County, Pennsylvania",1764,362
1500000US420454105001,420454105001,"Block Group 1, Census Tract 4105, Delaware County, Pennsylvania",1253,290
1500000US420454105002,420454105002,"Block Group 2, Census Tract 4105, Delaware County, Pennsylvania",839,271
1500000US420454105003,420454105003,"Block Group 3, Census Tract 4105, Delaware County, Pennsylvania",831,290
1500000US420454105004,420454105004,"Block Group 4, Census Tract 4105, Delaware County, Pennsylvania",1139,362
1500000US420454105005,420454105005,"Block Group 5, Census Tract 4105, Delaware County, Pennsylvania",1168,537
1500000US420454106011,420454106011,"Block Group 1, Census Tract 4106.01, Delaware County, Pennsylvania",1502,280
1500000US420454106012,420454106012,"Block Group 2, Census Tract 4106.01, Delaware County, Pennsylvania",1336,282
1500000US420454106013,420454106013,"Block Group 3, Census Tract 4106.01, Delaware County, Pennsylvania",799,174
1500000US420454106021,420454106021,"Block Group 1, Census Tract 4106.02, Delaware County, Pennsylvania",1135,239
1500000US420454106022,420454106022,"Block Group 2, Census Tract 4106.02, Delaware County, Pennsylvania",1657,277
1500000US420454106023,420454106023,"Block Group 3, Census Tract 4106.02, Delaware County, Pennsylvania",1251,175
1500000US420454106024,420454106024,"Block Group 4, Census Tract 4106.02, Delaware County, Pennsylvania",752,129
1500000US420454107001,420454107001,"Block Group 1, Census Tract 4107, Delaware County, Pennsylvania",1665,345
1500000US420454107002,420454107002,"Block Group 2, Census Tract 4107, Delaware County, Pennsylvania",911,415
1500000US420454107003,420454107003,"Block Group 3, Census Tract 4107, Delaware County, Pennsylvania",875,392
1500000US420454107004,420454107004,"Block Group 4, Census Tract 4107, Delaware County, Pennsylvania",1035,381
1500000US420454107005,420454107005,"Block Group 5, Census Tract 4107, Delaware County, Pennsylvania",1122,472
1500000US420454108001,420454108001,"Block Group 1, Census Tract 4108, Delaware County, Pennsylvania",1636,647
1500000US420454108002,420454108002,"Block Group 2, Census Tract 4108, Delaware County, Pennsylvania",1678,321
1500000US420454108003,420454108003,"Block Group 3, Census Tract 4108, Delaware County, Pennsylvania",576,250
1500000US420454108004,420454108004,"Block Group 4, Census Tract 4108, Delaware County, Pennsylvania",900,638
1500000US420454108005,420454108005,"Block Group 5, Census Tract 4108, Delaware County, Pennsylvania",988,169
1500000US420454108006,420454108006,"Block Group 6, Census Tract 4108, Delaware County, Pennsylvania",1064,277
1500000US420454108007,420454108007,"Block Group 7, Census Tract 4108, Delaware County, Pennsylvania",1169,233
1500000US420459800001,420459800001,"Block Group 1, Census Tract 9800, Delaware County, Pennsylvania",0,10
