GEO.id,GEO.id2,GEO.display-label,HD01_VD01,HD02_VD01
Id,Id2,Geography,Estimate; Total,Margin of Error; Total
1500000US240037011011,240037011011,"Block Group 1, Census Tract 7011.01, Anne Arundel County, Maryland",873,164
1500000US240037011012,240037011012,"Block Group 2, Census Tract 7011.01, Anne Arundel County, Maryland",829,193
1500000US240037011013,240037011013,"Block Group 3, Census Tract 7011.01, Anne Arundel County, Maryland",787,182
1500000US240037011014,240037011014,"Block Group 4, Census Tract 7011.01, Anne Arundel County, Maryland",1570,255
1500000US240037011021,240037011021,"Block Group 1, Census Tract 7011.02, Anne Arundel County, Maryland",3128,547
1500000US240037011022,240037011022,"Block Group 2, Census Tract 7011.02, Anne Arundel County, Maryland",966,278
1500000US240037011023,240037011023,"Block Group 3, Census Tract 7011.02, Anne Arundel County, Maryland",2148,496
1500000US240037011024,240037011024,"Block Group 4, Census Tract 7011.02, Anne Arundel County, Maryland",2054,497
1500000US240037012001,240037012001,"Block Group 1, Census Tract 7012, Anne Arundel County, Maryland",2448,483
1500000US240037012002,240037012002,"Block Group 2, Census Tract 7012, Anne Arundel County, Maryland",1454,341
1500000US240037012003,240037012003,"Block Group 3, Census Tract 7012, Anne Arundel County, Maryland",1907,422
1500000US240037012004,240037012004,"Block Group 4, Census Tract 7012, Anne Arundel County, Maryland",2847,674
1500000US240037013001,240037013001,"Block Group 1, Census Tract 7013, Anne Arundel County, Maryland",1816,471
1500000US240037013002,240037013002,"Block Group 2, Census Tract 7013, Anne Arundel County, Maryland",2009,358
1500000US240037013003,240037013003,"Block Group 3, Census Tract 7013, Anne Arundel County, Maryland",1193,389
1500000US240037013004,240037013004,"Block Group 4, Census Tract 7013, Anne Arundel County, Maryland",2772,591
1500000US240037014001,240037014001,"Block Group 1, Census Tract 7014, Anne Arundel County, Maryland",825,163
1500000US240037014002,240037014002,"Block Group 2, Census Tract 7014, Anne Arundel County, Maryland",2690,249
1500000US240037021001,240037021001,"Block Group 1, Census Tract 7021, Anne Arundel County, Maryland",3173,405
1500000US240037021002,240037021002,"Block Group 2, Census Tract 7021, Anne Arundel County, Maryland",809,247
1500000US240037021003,240037021003,"Block Group 3, Census Tract 7021, Anne Arundel County, Maryland",1370,341
1500000US240037021004,240037021004,"Block Group 4, Census Tract 7021, Anne Arundel County, Maryland",1199,275
1500000US240037021005,240037021005,"Block Group 5, Census Tract 7021, Anne Arundel County, Maryland",597,234
1500000US240037022041,240037022041,"Block Group 1, Census Tract 7022.04, Anne Arundel County, Maryland",2332,235
1500000US240037022042,240037022042,"Block Group 2, Census Tract 7022.04, Anne Arundel County, Maryland",1904,238
1500000US240037022051,240037022051,"Block Group 1, Census Tract 7022.05, Anne Arundel County, Maryland",2006,367
1500000US240037022052,240037022052,"Block Group 2, Census Tract 7022.05, Anne Arundel County, Maryland",2269,353
1500000US240037022053,240037022053,"Block Group 3, Census Tract 7022.05, Anne Arundel County, Maryland",1471,380
1500000US240037022061,240037022061,"Block Group 1, Census Tract 7022.06, Anne Arundel County, Maryland",2957,554
1500000US240037022062,240037022062,"Block Group 2, Census Tract 7022.06, Anne Arundel County, Maryland",1952,452
1500000US240037022063,240037022063,"Block Group 3, Census Tract 7022.06, Anne Arundel County, Maryland",1785,372
1500000US240037022081,240037022081,"Block Group 1, Census Tract 7022.08, Anne Arundel County, Maryland",4510,414
1500000US240037022082,240037022082,"Block Group 2, Census Tract 7022.08, Anne Arundel County, Maryland",2629,577
1500000US240037022091,240037022091,"Block Group 1, Census Tract 7022.09, Anne Arundel County, Maryland",1561,252
1500000US240037022092,240037022092,"Block Group 2, Census Tract 7022.09, Anne Arundel County, Maryland",1301,244
1500000US240037022093,240037022093,"Block Group 3, Census Tract 7022.09, Anne Arundel County, Maryland",1605,275
1500000US240037023001,240037023001,"Block Group 1, Census Tract 7023, Anne Arundel County, Maryland",762,203
1500000US240037023002,240037023002,"Block Group 2, Census Tract 7023, Anne Arundel County, Maryland",1859,247
1500000US240037023003,240037023003,"Block Group 3, Census Tract 7023, Anne Arundel County, Maryland",1646,231
1500000US240037023004,240037023004,"Block Group 4, Census Tract 7023, Anne Arundel County, Maryland",1359,212
1500000US240037024021,240037024021,"Block Group 1, Census Tract 7024.02, Anne Arundel County, Maryland",1721,277
1500000US240037024022,240037024022,"Block Group 2, Census Tract 7024.02, Anne Arundel County, Maryland",3299,357
1500000US240037024023,240037024023,"Block Group 3, Census Tract 7024.02, Anne Arundel County, Maryland",1321,239
1500000US240037025001,240037025001,"Block Group 1, Census Tract 7025, Anne Arundel County, Maryland",1237,389
1500000US240037025002,240037025002,"Block Group 2, Census Tract 7025, Anne Arundel County, Maryland",1305,577
1500000US240037025003,240037025003,"Block Group 3, Census Tract 7025, Anne Arundel County, Maryland",2559,619
1500000US240037025004,240037025004,"Block Group 4, Census Tract 7025, Anne Arundel County, Maryland",848,274
1500000US240037026011,240037026011,"Block Group 1, Census Tract 7026.01, Anne Arundel County, Maryland",489,221
1500000US240037026012,240037026012,"Block Group 2, Census Tract 7026.01, Anne Arundel County, Maryland",1727,342
1500000US240037026013,240037026013,"Block Group 3, Census Tract 7026.01, Anne Arundel County, Maryland",773,201
1500000US240037026014,240037026014,"Block Group 4, Census Tract 7026.01, Anne Arundel County, Maryland",812,250
1500000US240037026015,240037026015,"Block Group 5, Census Tract 7026.01, Anne Arundel County, Maryland",1669,477
1500000US240037026021,240037026021,"Block Group 1, Census Tract 7026.02, Anne Arundel County, Maryland",2614,419
1500000US240037026022,240037026022,"Block Group 2, Census Tract 7026.02, Anne Arundel County, Maryland",2303,439
1500000US240037026023,240037026023,"Block Group 3, Census Tract 7026.02, Anne Arundel County, Maryland",867,194
1500000US240037027011,240037027011,"Block Group 1, Census Tract 7027.01, Anne Arundel County, Maryland",1206,272
1500000US240037027012,240037027012,"Block Group 2, Census Tract 7027.01, Anne Arundel County, Maryland",1372,371
1500000US240037027013,240037027013,"Block Group 3, Census Tract 7027.01, Anne Arundel County, Maryland",2039,336
1500000US240037027021,240037027021,"Block Group 1, Census Tract 7027.02, Anne Arundel County, Maryland",1632,274
1500000US240037027022,240037027022,"Block Group 2, Census Tract 7027.02, Anne Arundel County, Maryland",2083,251
1500000US240037061011,240037061011,"Block Group 1, Census Tract 7061.01, Anne Arundel County, Maryland",1370,334
1500000US240037061012,240037061012,"Block Group 2, Census Tract 7061.01, Anne Arundel County, Maryland",1597,280
1500000US240037061013,240037061013,"Block Group 3, Census Tract 7061.01, Anne Arundel County, Maryland",719,187
1500000US240037063011,240037063011,"Block Group 1, Census Tract 7063.01, Anne Arundel County, Maryland",1669,463
1500000US240037063012,240037063012,"Block Group 2, Census Tract 7063.01, Anne Arundel County, Maryland",1834,412
1500000US240037063013,240037063013,"Block Group 3, Census Tract 7063.01, Anne Arundel County, Maryland",730,179
1500000US240037063021,240037063021,"Block Group 1, Census Tract 7063.02, Anne Arundel County, Maryland",1459,225
1500000US240037063022,240037063022,"Block Group 2, Census Tract 7063.02, Anne Arundel County, Maryland",710,160
1500000US240037063023,240037063023,"Block Group 3, Census Tract 7063.02, Anne Arundel County, Maryland",976,194
1500000US240037064011,240037064011,"Block Group 1, Census Tract 7064.01, Anne Arundel County, Maryland",3360,868
1500000US240037064012,240037064012,"Block Group 2, Census Tract 7064.01, Anne Arundel County, Maryland",2800,741
1500000US240037064013,240037064013,"Block Group 3, Census Tract 7064.01, Anne Arundel County, Maryland",1695,678
1500000US240037064021,240037064021,"Block Group 1, Census Tract 7064.02, Anne Arundel County, Maryland",1191,303
1500000US240037064022,240037064022,"Block Group 2, Census Tract 7064.02, Anne Arundel County, Maryland",1908,302
1500000US240037065001,240037065001,"Block Group 1, Census Tract 7065, Anne Arundel County, Maryland",1272,403
1500000US240037065002,240037065002,"Block Group 2, Census Tract 7065, Anne Arundel County, Maryland",807,309
1500000US240037065003,240037065003,"Block Group 3, Census Tract 7065, Anne Arundel County, Maryland",1629,480
1500000US240037065004,240037065004,"Block Group 4, Census Tract 7065, Anne Arundel County, Maryland",1587,378
1500000US240037066001,240037066001,"Block Group 1, Census Tract 7066, Anne Arundel County, Maryland",984,253
1500000US240037066002,240037066002,"Block Group 2, Census Tract 7066, Anne Arundel County, Maryland",1843,295
1500000US240037066003,240037066003,"Block Group 3, Census Tract 7066, Anne Arundel County, Maryland",483,190
1500000US240037066004,240037066004,"Block Group 4, Census Tract 7066, Anne Arundel County, Maryland",931,181
1500000US240037066005,240037066005,"Block Group 5, Census Tract 7066, Anne Arundel County, Maryland",1157,492
1500000US240037067001,240037067001,"Block Group 1, Census Tract 7067, Anne Arundel County, Maryland",5873,404
1500000US240037070011,240037070011,"Block Group 1, Census Tract 7070.01, Anne Arundel County, Maryland",2170,372
1500000US240037070012,240037070012,"Block Group 2, Census Tract 7070.01, Anne Arundel County, Maryland",2476,437
1500000US240037070013,240037070013,"Block Group 3, Census Tract 7070.01, Anne Arundel County, Maryland",1596,432
1500000US240037070021,240037070021,"Block Group 1, Census Tract 7070.02, Anne Arundel County, Maryland",1626,362
1500000US240037070022,240037070022,"Block Group 2, Census Tract 7070.02, Anne Arundel County, Maryland",1012,206
1500000US240037070023,240037070023,"Block Group 3, Census Tract 7070.02, Anne Arundel County, Maryland",2262,299
1500000US240037080011,240037080011,"Block Group 1, Census Tract 7080.01, Anne Arundel County, Maryland",2403,332
1500000US240037080012,240037080012,"Block Group 2, Census Tract 7080.01, Anne Arundel County, Maryland",1384,212
1500000US240037080041,240037080041,"Block Group 1, Census Tract 7080.04, Anne Arundel County, Maryland",966,430
1500000US240037080042,240037080042,"Block Group 2, Census Tract 7080.04, Anne Arundel County, Maryland",2833,608
1500000US240037080043,240037080043,"Block Group 3, Census Tract 7080.04, Anne Arundel County, Maryland",2197,582
1500000US240037301001,240037301001,"Block Group 1, Census Tract 7301, Anne Arundel County, Maryland",2612,582
1500000US240037301002,240037301002,"Block Group 2, Census Tract 7301, Anne Arundel County, Maryland",2527,616
1500000US240037301003,240037301003,"Block Group 3, Census Tract 7301, Anne Arundel County, Maryland",5722,781
1500000US240037302031,240037302031,"Block Group 1, Census Tract 7302.03, Anne Arundel County, Maryland",2340,383
1500000US240037302032,240037302032,"Block Group 2, Census Tract 7302.03, Anne Arundel County, Maryland",720,275
1500000US240037302033,240037302033,"Block Group 3, Census Tract 7302.03, Anne Arundel County, Maryland",1181,509
1500000US240037302034,240037302034,"Block Group 4, Census Tract 7302.03, Anne Arundel County, Maryland",1297,341
1500000US240037302041,240037302041,"Block Group 1, Census Tract 7302.04, Anne Arundel County, Maryland",2324,453
1500000US240037302042,240037302042,"Block Group 2, Census Tract 7302.04, Anne Arundel County, Maryland",2476,455
1500000US240037302043,240037302043,"Block Group 3, Census Tract 7302.04, Anne Arundel County, Maryland",1362,505
1500000US240037303001,240037303001,"Block Group 1, Census Tract 7303, Anne Arundel County, Maryland",2396,342
1500000US240037303002,240037303002,"Block Group 2, Census Tract 7303, Anne Arundel County, Maryland",1074,235
1500000US240037304011,240037304011,"Block Group 1, Census Tract 7304.01, Anne Arundel County, Maryland",3034,467
1500000US240037304012,240037304012,"Block Group 2, Census Tract 7304.01, Anne Arundel County, Maryland",2307,470
1500000US240037304021,240037304021,"Block Group 1, Census Tract 7304.02, Anne Arundel County, Maryland",2232,618
1500000US240037304022,240037304022,"Block Group 2, Census Tract 7304.02, Anne Arundel County, Maryland",2107,515
1500000US240037304023,240037304023,"Block Group 3, Census Tract 7304.02, Anne Arundel County, Maryland",1860,489
1500000US240037305021,240037305021,"Block Group 1, Census Tract 7305.02, Anne Arundel County, Maryland",1498,478
1500000US240037305022,240037305022,"Block Group 2, Census Tract 7305.02, Anne Arundel County, Maryland",2487,631
1500000US240037305023,240037305023,"Block Group 3, Census Tract 7305.02, Anne Arundel County, Maryland",1968,438
1500000US240037305041,240037305041,"Block Group 1, Census Tract 7305.04, Anne Arundel County, Maryland",2449,541
1500000US240037305042,240037305042,"Block Group 2, Census Tract 7305.04, Anne Arundel County, Maryland",2763,583
1500000US240037305043,240037305043,"Block Group 3, Census Tract 7305.04, Anne Arundel County, Maryland",2218,454
1500000US240037305051,240037305051,"Block Group 1, Census Tract 7305.05, Anne Arundel County, Maryland",3631,654
1500000US240037305052,240037305052,"Block Group 2, Census Tract 7305.05, Anne Arundel County, Maryland",1042,303
1500000US240037305061,240037305061,"Block Group 1, Census Tract 7305.06, Anne Arundel County, Maryland",653,195
1500000US240037305062,240037305062,"Block Group 2, Census Tract 7305.06, Anne Arundel County, Maryland",1017,338
1500000US240037305063,240037305063,"Block Group 3, Census Tract 7305.06, Anne Arundel County, Maryland",1746,409
1500000US240037306011,240037306011,"Block Group 1, Census Tract 7306.01, Anne Arundel County, Maryland",2335,322
1500000US240037306012,240037306012,"Block Group 2, Census Tract 7306.01, Anne Arundel County, Maryland",1447,288
1500000US240037306013,240037306013,"Block Group 3, Census Tract 7306.01, Anne Arundel County, Maryland",1484,349
1500000US240037306014,240037306014,"Block Group 4, Census Tract 7306.01, Anne Arundel County, Maryland",1727,284
1500000US240037306031,240037306031,"Block Group 1, Census Tract 7306.03, Anne Arundel County, Maryland",1257,205
1500000US240037306032,240037306032,"Block Group 2, Census Tract 7306.03, Anne Arundel County, Maryland",1797,234
1500000US240037306041,240037306041,"Block Group 1, Census Tract 7306.04, Anne Arundel County, Maryland",2350,321
1500000US240037306042,240037306042,"Block Group 2, Census Tract 7306.04, Anne Arundel County, Maryland",2628,396
1500000US240037306043,240037306043,"Block Group 3, Census Tract 7306.04, Anne Arundel County, Maryland",2394,363
1500000US240037307001,240037307001,"Block Group 1, Census Tract 7307, Anne Arundel County, Maryland",1591,318
1500000US240037307002,240037307002,"Block Group 2, Census Tract 7307, Anne Arundel County, Maryland",2307,390
1500000US240037307003,240037307003,"Block Group 3, Census Tract 7307, Anne Arundel County, Maryland",614,230
1500000US240037307004,240037307004,"Block Group 4, Census Tract 7307, Anne Arundel County, Maryland",2377,418
1500000US240037307005,240037307005,"Block Group 5, Census Tract 7307, Anne Arundel County, Maryland",598,143
1500000US240037308001,240037308001,"Block Group 1, Census Tract 7308, Anne Arundel County, Maryland",2477,176
1500000US240037309011,240037309011,"Block Group 1, Census Tract 7309.01, Anne Arundel County, Maryland",847,127
1500000US240037309012,240037309012,"Block Group 2, Census Tract 7309.01, Anne Arundel County, Maryland",837,138
1500000US240037309013,240037309013,"Block Group 3, Census Tract 7309.01, Anne Arundel County, Maryland",920,175
1500000US240037309021,240037309021,"Block Group 1, Census Tract 7309.02, Anne Arundel County, Maryland",3029,252
1500000US240037309022,240037309022,"Block Group 2, Census Tract 7309.02, Anne Arundel County, Maryland",1127,208
1500000US240037310021,240037310021,"Block Group 1, Census Tract 7310.02, Anne Arundel County, Maryland",2410,370
1500000US240037310022,240037310022,"Block Group 2, Census Tract 7310.02, Anne Arundel County, Maryland",1161,277
1500000US240037310031,240037310031,"Block Group 1, Census Tract 7310.03, Anne Arundel County, Maryland",1013,249
1500000US240037310032,240037310032,"Block Group 2, Census Tract 7310.03, Anne Arundel County, Maryland",1656,223
1500000US240037310033,240037310033,"Block Group 3, Census Tract 7310.03, Anne Arundel County, Maryland",1497,206
1500000US240037310041,240037310041,"Block Group 1, Census Tract 7310.04, Anne Arundel County, Maryland",1261,229
1500000US240037310042,240037310042,"Block Group 2, Census Tract 7310.04, Anne Arundel County, Maryland",3147,280
1500000US240037311021,240037311021,"Block Group 1, Census Tract 7311.02, Anne Arundel County, Maryland",430,150
1500000US240037311022,240037311022,"Block Group 2, Census Tract 7311.02, Anne Arundel County, Maryland",3431,605
1500000US240037311023,240037311023,"Block Group 3, Census Tract 7311.02, Anne Arundel County, Maryland",2079,400
1500000US240037311024,240037311024,"Block Group 4, Census Tract 7311.02, Anne Arundel County, Maryland",1718,356
1500000US240037311031,240037311031,"Block Group 1, Census Tract 7311.03, Anne Arundel County, Maryland",2070,269
1500000US240037311032,240037311032,"Block Group 2, Census Tract 7311.03, Anne Arundel County, Maryland",2085,268
1500000US240037311033,240037311033,"Block Group 3, Census Tract 7311.03, Anne Arundel County, Maryland",1145,207
1500000US240037311041,240037311041,"Block Group 1, Census Tract 7311.04, Anne Arundel County, Maryland",2688,300
1500000US240037311042,240037311042,"Block Group 2, Census Tract 7311.04, Anne Arundel County, Maryland",1648,362
1500000US240037311051,240037311051,"Block Group 1, Census Tract 7311.05, Anne Arundel County, Maryland",1642,214
1500000US240037311052,240037311052,"Block Group 2, Census Tract 7311.05, Anne Arundel County, Maryland",1932,252
1500000US240037312011,240037312011,"Block Group 1, Census Tract 7312.01, Anne Arundel County, Maryland",2229,336
1500000US240037312012,240037312012,"Block Group 2, Census Tract 7312.01, Anne Arundel County, Maryland",1384,300
1500000US240037312013,240037312013,"Block Group 3, Census Tract 7312.01, Anne Arundel County, Maryland",1020,259
1500000US240037312014,240037312014,"Block Group 4, Census Tract 7312.01, Anne Arundel County, Maryland",1821,383
1500000US240037312021,240037312021,"Block Group 1, Census Tract 7312.02, Anne Arundel County, Maryland",1422,306
1500000US240037312022,240037312022,"Block Group 2, Census Tract 7312.02, Anne Arundel County, Maryland",1712,624
1500000US240037312023,240037312023,"Block Group 3, Census Tract 7312.02, Anne Arundel County, Maryland",1745,538
1500000US240037312024,240037312024,"Block Group 4, Census Tract 7312.02, Anne Arundel County, Maryland",1509,286
1500000US240037312025,240037312025,"Block Group 5, Census Tract 7312.02, Anne Arundel County, Maryland",1532,347
1500000US240037312031,240037312031,"Block Group 1, Census Tract 7312.03, Anne Arundel County, Maryland",1326,519
1500000US240037312032,240037312032,"Block Group 2, Census Tract 7312.03, Anne Arundel County, Maryland",1762,376
1500000US240037312033,240037312033,"Block Group 3, Census Tract 7312.03, Anne Arundel County, Maryland",2274,346
1500000US240037312034,240037312034,"Block Group 4, Census Tract 7312.03, Anne Arundel County, Maryland",910,300
1500000US240037312035,240037312035,"Block Group 5, Census Tract 7312.03, Anne Arundel County, Maryland",860,339
1500000US240037312041,240037312041,"Block Group 1, Census Tract 7312.04, Anne Arundel County, Maryland",1863,538
1500000US240037312042,240037312042,"Block Group 2, Census Tract 7312.04, Anne Arundel County, Maryland",2315,512
1500000US240037312043,240037312043,"Block Group 3, Census Tract 7312.04, Anne Arundel County, Maryland",1133,367
1500000US240037312044,240037312044,"Block Group 4, Census Tract 7312.04, Anne Arundel County, Maryland",973,300
1500000US240037313031,240037313031,"Block Group 1, Census Tract 7313.03, Anne Arundel County, Maryland",1557,338
1500000US240037313032,240037313032,"Block Group 2, Census Tract 7313.03, Anne Arundel County, Maryland",2313,436
1500000US240037313033,240037313033,"Block Group 3, Census Tract 7313.03, Anne Arundel County, Maryland",1539,347
1500000US240037313034,240037313034,"Block Group 4, Census Tract 7313.03, Anne Arundel County, Maryland",1429,362
1500000US240037313061,240037313061,"Block Group 1, Census Tract 7313.06, Anne Arundel County, Maryland",497,207
1500000US240037313062,240037313062,"Block Group 2, Census Tract 7313.06, Anne Arundel County, Maryland",1244,437
1500000US240037313063,240037313063,"Block Group 3, Census Tract 7313.06, Anne Arundel County, Maryland",1998,339
1500000US240037313064,240037313064,"Block Group 4, Census Tract 7313.06, Anne Arundel County, Maryland",638,207
1500000US240037313065,240037313065,"Block Group 5, Census Tract 7313.06, Anne Arundel County, Maryland",1527,343
1500000US240037313071,240037313071,"Block Group 1, Census Tract 7313.07, Anne Arundel County, Maryland",2651,502
1500000US240037313072,240037313072,"Block Group 2, Census Tract 7313.07, Anne Arundel County, Maryland",2063,591
1500000US240037313073,240037313073,"Block Group 3, Census Tract 7313.07, Anne Arundel County, Maryland",1816,398
1500000US240037313081,240037313081,"Block Group 1, Census Tract 7313.08, Anne Arundel County, Maryland",2778,451
1500000US240037313082,240037313082,"Block Group 2, Census Tract 7313.08, Anne Arundel County, Maryland",1120,297
1500000US240037313091,240037313091,"Block Group 1, Census Tract 7313.09, Anne Arundel County, Maryland",2356,464
1500000US240037313092,240037313092,"Block Group 2, Census Tract 7313.09, Anne Arundel County, Maryland",2388,423
1500000US240037313093,240037313093,"Block Group 3, Census Tract 7313.09, Anne Arundel County, Maryland",1168,416
1500000US240037313101,240037313101,"Block Group 1, Census Tract 7313.10, Anne Arundel County, Maryland",2254,365
1500000US240037313102,240037313102,"Block Group 2, Census Tract 7313.10, Anne Arundel County, Maryland",1567,320
1500000US240037313103,240037313103,"Block Group 3, Census Tract 7313.10, Anne Arundel County, Maryland",1791,382
1500000US240037313111,240037313111,"Block Group 1, Census Tract 7313.11, Anne Arundel County, Maryland",2053,489
1500000US240037313112,240037313112,"Block Group 2, Census Tract 7313.11, Anne Arundel County, Maryland",2983,599
1500000US240037313113,240037313113,"Block Group 3, Census Tract 7313.11, Anne Arundel County, Maryland",3087,654
1500000US240037401021,240037401021,"Block Group 1, Census Tract 7401.02, Anne Arundel County, Maryland",2582,547
1500000US240037401022,240037401022,"Block Group 2, Census Tract 7401.02, Anne Arundel County, Maryland",7504,712
1500000US240037401023,240037401023,"Block Group 3, Census Tract 7401.02, Anne Arundel County, Maryland",436,324
1500000US240037401031,240037401031,"Block Group 1, Census Tract 7401.03, Anne Arundel County, Maryland",2757,445
1500000US240037401032,240037401032,"Block Group 2, Census Tract 7401.03, Anne Arundel County, Maryland",2665,524
1500000US240037401033,240037401033,"Block Group 3, Census Tract 7401.03, Anne Arundel County, Maryland",2090,464
1500000US240037401034,240037401034,"Block Group 4, Census Tract 7401.03, Anne Arundel County, Maryland",1165,283
1500000US240037401041,240037401041,"Block Group 1, Census Tract 7401.04, Anne Arundel County, Maryland",2687,474
1500000US240037401042,240037401042,"Block Group 2, Census Tract 7401.04, Anne Arundel County, Maryland",2517,426
1500000US240037401043,240037401043,"Block Group 3, Census Tract 7401.04, Anne Arundel County, Maryland",3345,555
1500000US240037401051,240037401051,"Block Group 1, Census Tract 7401.05, Anne Arundel County, Maryland",2880,430
1500000US240037401052,240037401052,"Block Group 2, Census Tract 7401.05, Anne Arundel County, Maryland",889,280
1500000US240037402011,240037402011,"Block Group 1, Census Tract 7402.01, Anne Arundel County, Maryland",1700,432
1500000US240037402012,240037402012,"Block Group 2, Census Tract 7402.01, Anne Arundel County, Maryland",1686,416
1500000US240037402013,240037402013,"Block Group 3, Census Tract 7402.01, Anne Arundel County, Maryland",1736,450
1500000US240037402014,240037402014,"Block Group 4, Census Tract 7402.01, Anne Arundel County, Maryland",2352,725
1500000US240037402031,240037402031,"Block Group 1, Census Tract 7402.03, Anne Arundel County, Maryland",3594,411
1500000US240037402032,240037402032,"Block Group 2, Census Tract 7402.03, Anne Arundel County, Maryland",2801,345
1500000US240037403031,240037403031,"Block Group 1, Census Tract 7403.03, Anne Arundel County, Maryland",1938,204
1500000US240037403032,240037403032,"Block Group 2, Census Tract 7403.03, Anne Arundel County, Maryland",2641,453
1500000US240037403041,240037403041,"Block Group 1, Census Tract 7403.04, Anne Arundel County, Maryland",3686,321
1500000US240037403042,240037403042,"Block Group 2, Census Tract 7403.04, Anne Arundel County, Maryland",1472,322
1500000US240037403051,240037403051,"Block Group 1, Census Tract 7403.05, Anne Arundel County, Maryland",2243,586
1500000US240037403052,240037403052,"Block Group 2, Census Tract 7403.05, Anne Arundel County, Maryland",5222,775
1500000US240037403053,240037403053,"Block Group 3, Census Tract 7403.05, Anne Arundel County, Maryland",2986,777
1500000US240037403054,240037403054,"Block Group 4, Census Tract 7403.05, Anne Arundel County, Maryland",1196,369
1500000US240037404001,240037404001,"Block Group 1, Census Tract 7404, Anne Arundel County, Maryland",5849,864
1500000US240037405001,240037405001,"Block Group 1, Census Tract 7405, Anne Arundel County, Maryland",5132,1105
1500000US240037405002,240037405002,"Block Group 2, Census Tract 7405, Anne Arundel County, Maryland",1889,698
1500000US240037405003,240037405003,"Block Group 3, Census Tract 7405, Anne Arundel County, Maryland",3654,775
1500000US240037406011,240037406011,"Block Group 1, Census Tract 7406.01, Anne Arundel County, Maryland",28,43
1500000US240037406012,240037406012,"Block Group 2, Census Tract 7406.01, Anne Arundel County, Maryland",572,209
1500000US240037406013,240037406013,"Block Group 3, Census Tract 7406.01, Anne Arundel County, Maryland",494,200
1500000US240037406014,240037406014,"Block Group 4, Census Tract 7406.01, Anne Arundel County, Maryland",2887,308
1500000US240037406021,240037406021,"Block Group 1, Census Tract 7406.02, Anne Arundel County, Maryland",2067,464
1500000US240037406022,240037406022,"Block Group 2, Census Tract 7406.02, Anne Arundel County, Maryland",1146,290
1500000US240037406031,240037406031,"Block Group 1, Census Tract 7406.03, Anne Arundel County, Maryland",1043,211
1500000US240037406032,240037406032,"Block Group 2, Census Tract 7406.03, Anne Arundel County, Maryland",1883,209
1500000US240037407011,240037407011,"Block Group 1, Census Tract 7407.01, Anne Arundel County, Maryland",1697,287
1500000US240037407012,240037407012,"Block Group 2, Census Tract 7407.01, Anne Arundel County, Maryland",1759,301
1500000US240037407013,240037407013,"Block Group 3, Census Tract 7407.01, Anne Arundel County, Maryland",2281,349
1500000US240037407021,240037407021,"Block Group 1, Census Tract 7407.02, Anne Arundel County, Maryland",6940,560
1500000US240037407022,240037407022,"Block Group 2, Census Tract 7407.02, Anne Arundel County, Maryland",2871,463
1500000US240037408001,240037408001,"Block Group 1, Census Tract 7408, Anne Arundel County, Maryland",1197,207
1500000US240037408002,240037408002,"Block Group 2, Census Tract 7408, Anne Arundel County, Maryland",1519,183
1500000US240037408003,240037408003,"Block Group 3, Census Tract 7408, Anne Arundel County, Maryland",1894,234
1500000US240037409001,240037409001,"Block Group 1, Census Tract 7409, Anne Arundel County, Maryland",1712,443
1500000US240037409002,240037409002,"Block Group 2, Census Tract 7409, Anne Arundel County, Maryland",2600,501
1500000US240037409003,240037409003,"Block Group 3, Census Tract 7409, Anne Arundel County, Maryland",1505,472
1500000US240037409004,240037409004,"Block Group 4, Census Tract 7409, Anne Arundel County, Maryland",988,358
1500000US240037409005,240037409005,"Block Group 5, Census Tract 7409, Anne Arundel County, Maryland",1046,330
1500000US240037410001,240037410001,"Block Group 1, Census Tract 7410, Anne Arundel County, Maryland",956,144
1500000US240037410002,240037410002,"Block Group 2, Census Tract 7410, Anne Arundel County, Maryland",1482,194
1500000US240037501011,240037501011,"Block Group 1, Census Tract 7501.01, Anne Arundel County, Maryland",557,160
1500000US240037501012,240037501012,"Block Group 2, Census Tract 7501.01, Anne Arundel County, Maryland",1227,416
1500000US240037501013,240037501013,"Block Group 3, Census Tract 7501.01, Anne Arundel County, Maryland",632,286
1500000US240037501014,240037501014,"Block Group 4, Census Tract 7501.01, Anne Arundel County, Maryland",1878,451
1500000US240037501021,240037501021,"Block Group 1, Census Tract 7501.02, Anne Arundel County, Maryland",1531,319
1500000US240037501022,240037501022,"Block Group 2, Census Tract 7501.02, Anne Arundel County, Maryland",1361,331
1500000US240037502011,240037502011,"Block Group 1, Census Tract 7502.01, Anne Arundel County, Maryland",1410,407
1500000US240037502012,240037502012,"Block Group 2, Census Tract 7502.01, Anne Arundel County, Maryland",1744,303
1500000US240037502021,240037502021,"Block Group 1, Census Tract 7502.02, Anne Arundel County, Maryland",1805,357
1500000US240037502022,240037502022,"Block Group 2, Census Tract 7502.02, Anne Arundel County, Maryland",1589,478
1500000US240037502031,240037502031,"Block Group 1, Census Tract 7502.03, Anne Arundel County, Maryland",1099,173
1500000US240037503001,240037503001,"Block Group 1, Census Tract 7503, Anne Arundel County, Maryland",959,360
1500000US240037503002,240037503002,"Block Group 2, Census Tract 7503, Anne Arundel County, Maryland",1994,415
1500000US240037504001,240037504001,"Block Group 1, Census Tract 7504, Anne Arundel County, Maryland",1265,215
1500000US240037504002,240037504002,"Block Group 2, Census Tract 7504, Anne Arundel County, Maryland",1766,253
1500000US240037504003,240037504003,"Block Group 3, Census Tract 7504, Anne Arundel County, Maryland",474,128
1500000US240037504004,240037504004,"Block Group 4, Census Tract 7504, Anne Arundel County, Maryland",442,116
1500000US240037508011,240037508011,"Block Group 1, Census Tract 7508.01, Anne Arundel County, Maryland",1091,345
1500000US240037508012,240037508012,"Block Group 2, Census Tract 7508.01, Anne Arundel County, Maryland",1882,453
1500000US240037508013,240037508013,"Block Group 3, Census Tract 7508.01, Anne Arundel County, Maryland",1330,376
1500000US240037508014,240037508014,"Block Group 4, Census Tract 7508.01, Anne Arundel County, Maryland",2088,621
1500000US240037508031,240037508031,"Block Group 1, Census Tract 7508.03, Anne Arundel County, Maryland",2578,559
1500000US240037508032,240037508032,"Block Group 2, Census Tract 7508.03, Anne Arundel County, Maryland",1234,335
1500000US240037508033,240037508033,"Block Group 3, Census Tract 7508.03, Anne Arundel County, Maryland",1202,643
1500000US240037508034,240037508034,"Block Group 4, Census Tract 7508.03, Anne Arundel County, Maryland",1974,602
1500000US240037508035,240037508035,"Block Group 5, Census Tract 7508.03, Anne Arundel County, Maryland",657,451
1500000US240037508041,240037508041,"Block Group 1, Census Tract 7508.04, Anne Arundel County, Maryland",1444,313
1500000US240037508042,240037508042,"Block Group 2, Census Tract 7508.04, Anne Arundel County, Maryland",2147,359
1500000US240037509001,240037509001,"Block Group 1, Census Tract 7509, Anne Arundel County, Maryland",784,194
1500000US240037509002,240037509002,"Block Group 2, Census Tract 7509, Anne Arundel County, Maryland",837,301
1500000US240037509003,240037509003,"Block Group 3, Census Tract 7509, Anne Arundel County, Maryland",1328,240
1500000US240037510001,240037510001,"Block Group 1, Census Tract 7510, Anne Arundel County, Maryland",1433,328
1500000US240037510002,240037510002,"Block Group 2, Census Tract 7510, Anne Arundel County, Maryland",1059,267
1500000US240037510003,240037510003,"Block Group 3, Census Tract 7510, Anne Arundel County, Maryland",1740,492
1500000US240037511021,240037511021,"Block Group 1, Census Tract 7511.02, Anne Arundel County, Maryland",2930,409
1500000US240037511022,240037511022,"Block Group 2, Census Tract 7511.02, Anne Arundel County, Maryland",1229,291
1500000US240037511031,240037511031,"Block Group 1, Census Tract 7511.03, Anne Arundel County, Maryland",1489,374
1500000US240037511032,240037511032,"Block Group 2, Census Tract 7511.03, Anne Arundel County, Maryland",902,306
1500000US240037511033,240037511033,"Block Group 3, Census Tract 7511.03, Anne Arundel County, Maryland",1964,488
1500000US240037511034,240037511034,"Block Group 4, Census Tract 7511.03, Anne Arundel County, Maryland",839,294
1500000US240037512001,240037512001,"Block Group 1, Census Tract 7512, Anne Arundel County, Maryland",1186,218
1500000US240037512002,240037512002,"Block Group 2, Census Tract 7512, Anne Arundel County, Maryland",2766,399
1500000US240037512003,240037512003,"Block Group 3, Census Tract 7512, Anne Arundel County, Maryland",302,115
1500000US240037514001,240037514001,"Block Group 1, Census Tract 7514, Anne Arundel County, Maryland",983,238
1500000US240037514002,240037514002,"Block Group 2, Census Tract 7514, Anne Arundel County, Maryland",1017,234
1500000US240037514003,240037514003,"Block Group 3, Census Tract 7514, Anne Arundel County, Maryland",1935,241
1500000US240037515001,240037515001,"Block Group 1, Census Tract 7515, Anne Arundel County, Maryland",1938,623
1500000US240037515002,240037515002,"Block Group 2, Census Tract 7515, Anne Arundel County, Maryland",2869,700
1500000US240037515003,240037515003,"Block Group 3, Census Tract 7515, Anne Arundel County, Maryland",994,423
1500000US240037515004,240037515004,"Block Group 4, Census Tract 7515, Anne Arundel County, Maryland",1220,516
1500000US240037516001,240037516001,"Block Group 1, Census Tract 7516, Anne Arundel County, Maryland",1685,281
1500000US240037516002,240037516002,"Block Group 2, Census Tract 7516, Anne Arundel County, Maryland",1877,469
1500000US240037516003,240037516003,"Block Group 3, Census Tract 7516, Anne Arundel County, Maryland",1635,285
1500000US240037517001,240037517001,"Block Group 1, Census Tract 7517, Anne Arundel County, Maryland",1661,178
1500000US240037517002,240037517002,"Block Group 2, Census Tract 7517, Anne Arundel County, Maryland",1205,155
1500000US240039800001,240039800001,"Block Group 1, Census Tract 9800, Anne Arundel County, Maryland",9,12
1500000US240039900000,240039900000,"Block Group 0, Census Tract 9900, Anne Arundel County, Maryland",0,12
