GEO.id,GEO.id2,GEO.display-label,HD01_VD01,HD02_VD01
Id,Id2,Geography,Estimate; Total,Margin of Error; Total
1500000US420110001001,420110001001,"Block Group 1, Census Tract 1, Berks County, Pennsylvania",858,316
1500000US420110001002,420110001002,"Block Group 2, Census Tract 1, Berks County, Pennsylvania",1563,469
1500000US420110001003,420110001003,"Block Group 3, Census Tract 1, Berks County, Pennsylvania",858,378
1500000US420110001004,420110001004,"Block Group 4, Census Tract 1, Berks County, Pennsylvania",1079,446
1500000US420110001005,420110001005,"Block Group 5, Census Tract 1, Berks County, Pennsylvania",578,267
1500000US420110002001,420110002001,"Block Group 1, Census Tract 2, Berks County, Pennsylvania",1747,340
1500000US420110002002,420110002002,"Block Group 2, Census Tract 2, Berks County, Pennsylvania",820,293
1500000US420110002003,420110002003,"Block Group 3, Census Tract 2, Berks County, Pennsylvania",1275,328
1500000US420110003001,420110003001,"Block Group 1, Census Tract 3, Berks County, Pennsylvania",949,227
1500000US420110003002,420110003002,"Block Group 2, Census Tract 3, Berks County, Pennsylvania",1364,258
1500000US420110004001,420110004001,"Block Group 1, Census Tract 4, Berks County, Pennsylvania",1656,370
1500000US420110004002,420110004002,"Block Group 2, Census Tract 4, Berks County, Pennsylvania",1431,435
1500000US420110004003,420110004003,"Block Group 3, Census Tract 4, Berks County, Pennsylvania",1426,554
1500000US420110005001,420110005001,"Block Group 1, Census Tract 5, Berks County, Pennsylvania",1893,483
1500000US420110005002,420110005002,"Block Group 2, Census Tract 5, Berks County, Pennsylvania",815,243
1500000US420110005003,420110005003,"Block Group 3, Census Tract 5, Berks County, Pennsylvania",930,303
1500000US420110006001,420110006001,"Block Group 1, Census Tract 6, Berks County, Pennsylvania",686,152
1500000US420110006002,420110006002,"Block Group 2, Census Tract 6, Berks County, Pennsylvania",2790,241
1500000US420110007001,420110007001,"Block Group 1, Census Tract 7, Berks County, Pennsylvania",1046,348
1500000US420110007002,420110007002,"Block Group 2, Census Tract 7, Berks County, Pennsylvania",1218,339
1500000US420110007003,420110007003,"Block Group 3, Census Tract 7, Berks County, Pennsylvania",1399,428
1500000US420110008001,420110008001,"Block Group 1, Census Tract 8, Berks County, Pennsylvania",1796,458
1500000US420110008002,420110008002,"Block Group 2, Census Tract 8, Berks County, Pennsylvania",2025,503
1500000US420110008003,420110008003,"Block Group 3, Census Tract 8, Berks County, Pennsylvania",489,301
1500000US420110009001,420110009001,"Block Group 1, Census Tract 9, Berks County, Pennsylvania",1401,417
1500000US420110009002,420110009002,"Block Group 2, Census Tract 9, Berks County, Pennsylvania",1295,307
1500000US420110010001,420110010001,"Block Group 1, Census Tract 10, Berks County, Pennsylvania",1267,302
1500000US420110010002,420110010002,"Block Group 2, Census Tract 10, Berks County, Pennsylvania",1905,419
1500000US420110011001,420110011001,"Block Group 1, Census Tract 11, Berks County, Pennsylvania",1426,420
1500000US420110011002,420110011002,"Block Group 2, Census Tract 11, Berks County, Pennsylvania",966,392
1500000US420110011003,420110011003,"Block Group 3, Census Tract 11, Berks County, Pennsylvania",1841,475
1500000US420110012001,420110012001,"Block Group 1, Census Tract 12, Berks County, Pennsylvania",1225,357
1500000US420110012002,420110012002,"Block Group 2, Census Tract 12, Berks County, Pennsylvania",769,260
1500000US420110013001,420110013001,"Block Group 1, Census Tract 13, Berks County, Pennsylvania",1273,530
1500000US420110013002,420110013002,"Block Group 2, Census Tract 13, Berks County, Pennsylvania",934,334
1500000US420110013003,420110013003,"Block Group 3, Census Tract 13, Berks County, Pennsylvania",1212,339
1500000US420110014001,420110014001,"Block Group 1, Census Tract 14, Berks County, Pennsylvania",612,274
1500000US420110014002,420110014002,"Block Group 2, Census Tract 14, Berks County, Pennsylvania",1226,450
1500000US420110014003,420110014003,"Block Group 3, Census Tract 14, Berks County, Pennsylvania",1151,395
1500000US420110014004,420110014004,"Block Group 4, Census Tract 14, Berks County, Pennsylvania",1010,373
1500000US420110015001,420110015001,"Block Group 1, Census Tract 15, Berks County, Pennsylvania",1186,414
1500000US420110015002,420110015002,"Block Group 2, Census Tract 15, Berks County, Pennsylvania",1441,509
1500000US420110015003,420110015003,"Block Group 3, Census Tract 15, Berks County, Pennsylvania",1070,449
1500000US420110016001,420110016001,"Block Group 1, Census Tract 16, Berks County, Pennsylvania",1345,319
1500000US420110016002,420110016002,"Block Group 2, Census Tract 16, Berks County, Pennsylvania",1579,315
1500000US420110017001,420110017001,"Block Group 1, Census Tract 17, Berks County, Pennsylvania",2009,435
1500000US420110017002,420110017002,"Block Group 2, Census Tract 17, Berks County, Pennsylvania",1195,378
1500000US420110018001,420110018001,"Block Group 1, Census Tract 18, Berks County, Pennsylvania",946,260
1500000US420110018002,420110018002,"Block Group 2, Census Tract 18, Berks County, Pennsylvania",1466,540
1500000US420110019001,420110019001,"Block Group 1, Census Tract 19, Berks County, Pennsylvania",1715,312
1500000US420110019002,420110019002,"Block Group 2, Census Tract 19, Berks County, Pennsylvania",1119,428
1500000US420110020001,420110020001,"Block Group 1, Census Tract 20, Berks County, Pennsylvania",1262,318
1500000US420110020002,420110020002,"Block Group 2, Census Tract 20, Berks County, Pennsylvania",1830,380
1500000US420110020003,420110020003,"Block Group 3, Census Tract 20, Berks County, Pennsylvania",1257,402
1500000US420110021001,420110021001,"Block Group 1, Census Tract 21, Berks County, Pennsylvania",960,229
1500000US420110021002,420110021002,"Block Group 2, Census Tract 21, Berks County, Pennsylvania",1193,345
1500000US420110021003,420110021003,"Block Group 3, Census Tract 21, Berks County, Pennsylvania",492,218
1500000US420110022001,420110022001,"Block Group 1, Census Tract 22, Berks County, Pennsylvania",1106,323
1500000US420110022002,420110022002,"Block Group 2, Census Tract 22, Berks County, Pennsylvania",1169,268
1500000US420110023001,420110023001,"Block Group 1, Census Tract 23, Berks County, Pennsylvania",645,277
1500000US420110023002,420110023002,"Block Group 2, Census Tract 23, Berks County, Pennsylvania",1518,343
1500000US420110025001,420110025001,"Block Group 1, Census Tract 25, Berks County, Pennsylvania",627,222
1500000US420110025002,420110025002,"Block Group 2, Census Tract 25, Berks County, Pennsylvania",1228,365
1500000US420110025003,420110025003,"Block Group 3, Census Tract 25, Berks County, Pennsylvania",1068,217
1500000US420110026001,420110026001,"Block Group 1, Census Tract 26, Berks County, Pennsylvania",658,257
1500000US420110026002,420110026002,"Block Group 2, Census Tract 26, Berks County, Pennsylvania",2751,378
1500000US420110027001,420110027001,"Block Group 1, Census Tract 27, Berks County, Pennsylvania",747,135
1500000US420110027002,420110027002,"Block Group 2, Census Tract 27, Berks County, Pennsylvania",1294,228
1500000US420110029001,420110029001,"Block Group 1, Census Tract 29, Berks County, Pennsylvania",3195,375
1500000US420110101001,420110101001,"Block Group 1, Census Tract 101, Berks County, Pennsylvania",2013,279
1500000US420110101002,420110101002,"Block Group 2, Census Tract 101, Berks County, Pennsylvania",2554,385
1500000US420110101003,420110101003,"Block Group 3, Census Tract 101, Berks County, Pennsylvania",1578,383
1500000US420110102011,420110102011,"Block Group 1, Census Tract 102.01, Berks County, Pennsylvania",1355,173
1500000US420110102012,420110102012,"Block Group 2, Census Tract 102.01, Berks County, Pennsylvania",3024,163
1500000US420110102021,420110102021,"Block Group 1, Census Tract 102.02, Berks County, Pennsylvania",2380,286
1500000US420110102022,420110102022,"Block Group 2, Census Tract 102.02, Berks County, Pennsylvania",1227,287
1500000US420110102023,420110102023,"Block Group 3, Census Tract 102.02, Berks County, Pennsylvania",1568,217
1500000US420110103021,420110103021,"Block Group 1, Census Tract 103.02, Berks County, Pennsylvania",1830,155
1500000US420110103022,420110103022,"Block Group 2, Census Tract 103.02, Berks County, Pennsylvania",1169,95
1500000US420110103031,420110103031,"Block Group 1, Census Tract 103.03, Berks County, Pennsylvania",2190,118
1500000US420110103041,420110103041,"Block Group 1, Census Tract 103.04, Berks County, Pennsylvania",965,275
1500000US420110103042,420110103042,"Block Group 2, Census Tract 103.04, Berks County, Pennsylvania",2355,433
1500000US420110103043,420110103043,"Block Group 3, Census Tract 103.04, Berks County, Pennsylvania",427,125
1500000US420110103044,420110103044,"Block Group 4, Census Tract 103.04, Berks County, Pennsylvania",3069,486
1500000US420110104001,420110104001,"Block Group 1, Census Tract 104, Berks County, Pennsylvania",1781,140
1500000US420110104002,420110104002,"Block Group 2, Census Tract 104, Berks County, Pennsylvania",1328,177
1500000US420110104003,420110104003,"Block Group 3, Census Tract 104, Berks County, Pennsylvania",1538,166
1500000US420110104004,420110104004,"Block Group 4, Census Tract 104, Berks County, Pennsylvania",1797,170
1500000US420110104005,420110104005,"Block Group 5, Census Tract 104, Berks County, Pennsylvania",1516,169
1500000US420110105001,420110105001,"Block Group 1, Census Tract 105, Berks County, Pennsylvania",878,227
1500000US420110105002,420110105002,"Block Group 2, Census Tract 105, Berks County, Pennsylvania",1986,225
1500000US420110105003,420110105003,"Block Group 3, Census Tract 105, Berks County, Pennsylvania",1605,184
1500000US420110105004,420110105004,"Block Group 4, Census Tract 105, Berks County, Pennsylvania",1266,174
1500000US420110105005,420110105005,"Block Group 5, Census Tract 105, Berks County, Pennsylvania",660,143
1500000US420110106001,420110106001,"Block Group 1, Census Tract 106, Berks County, Pennsylvania",3190,266
1500000US420110106002,420110106002,"Block Group 2, Census Tract 106, Berks County, Pennsylvania",1694,253
1500000US420110106003,420110106003,"Block Group 3, Census Tract 106, Berks County, Pennsylvania",833,204
1500000US420110106004,420110106004,"Block Group 4, Census Tract 106, Berks County, Pennsylvania",2741,27
1500000US420110107001,420110107001,"Block Group 1, Census Tract 107, Berks County, Pennsylvania",1046,203
1500000US420110107002,420110107002,"Block Group 2, Census Tract 107, Berks County, Pennsylvania",3988,329
1500000US420110107003,420110107003,"Block Group 3, Census Tract 107, Berks County, Pennsylvania",2327,301
1500000US420110108011,420110108011,"Block Group 1, Census Tract 108.01, Berks County, Pennsylvania",1819,107
1500000US420110108021,420110108021,"Block Group 1, Census Tract 108.02, Berks County, Pennsylvania",3338,346
1500000US420110108022,420110108022,"Block Group 2, Census Tract 108.02, Berks County, Pennsylvania",3120,499
1500000US420110108023,420110108023,"Block Group 3, Census Tract 108.02, Berks County, Pennsylvania",2945,491
1500000US420110109021,420110109021,"Block Group 1, Census Tract 109.02, Berks County, Pennsylvania",1134,225
1500000US420110109022,420110109022,"Block Group 2, Census Tract 109.02, Berks County, Pennsylvania",1258,353
1500000US420110109023,420110109023,"Block Group 3, Census Tract 109.02, Berks County, Pennsylvania",1691,321
1500000US420110109031,420110109031,"Block Group 1, Census Tract 109.03, Berks County, Pennsylvania",3413,361
1500000US420110109032,420110109032,"Block Group 2, Census Tract 109.03, Berks County, Pennsylvania",2067,270
1500000US420110109033,420110109033,"Block Group 3, Census Tract 109.03, Berks County, Pennsylvania",717,207
1500000US420110109041,420110109041,"Block Group 1, Census Tract 109.04, Berks County, Pennsylvania",2720,272
1500000US420110109042,420110109042,"Block Group 2, Census Tract 109.04, Berks County, Pennsylvania",1063,177
1500000US420110109051,420110109051,"Block Group 1, Census Tract 109.05, Berks County, Pennsylvania",1590,374
1500000US420110109052,420110109052,"Block Group 2, Census Tract 109.05, Berks County, Pennsylvania",1430,264
1500000US420110109053,420110109053,"Block Group 3, Census Tract 109.05, Berks County, Pennsylvania",1363,340
1500000US420110110001,420110110001,"Block Group 1, Census Tract 110, Berks County, Pennsylvania",1944,227
1500000US420110110002,420110110002,"Block Group 2, Census Tract 110, Berks County, Pennsylvania",899,185
1500000US420110110003,420110110003,"Block Group 3, Census Tract 110, Berks County, Pennsylvania",1108,207
1500000US420110110004,420110110004,"Block Group 4, Census Tract 110, Berks County, Pennsylvania",665,178
1500000US420110111011,420110111011,"Block Group 1, Census Tract 111.01, Berks County, Pennsylvania",1027,202
1500000US420110111012,420110111012,"Block Group 2, Census Tract 111.01, Berks County, Pennsylvania",1000,177
1500000US420110111021,420110111021,"Block Group 1, Census Tract 111.02, Berks County, Pennsylvania",929,267
1500000US420110111022,420110111022,"Block Group 2, Census Tract 111.02, Berks County, Pennsylvania",1368,280
1500000US420110111023,420110111023,"Block Group 3, Census Tract 111.02, Berks County, Pennsylvania",2281,336
1500000US420110111024,420110111024,"Block Group 4, Census Tract 111.02, Berks County, Pennsylvania",1004,164
1500000US420110112001,420110112001,"Block Group 1, Census Tract 112, Berks County, Pennsylvania",814,311
1500000US420110112002,420110112002,"Block Group 2, Census Tract 112, Berks County, Pennsylvania",1481,339
1500000US420110112003,420110112003,"Block Group 3, Census Tract 112, Berks County, Pennsylvania",1168,293
1500000US420110112004,420110112004,"Block Group 4, Census Tract 112, Berks County, Pennsylvania",748,251
1500000US420110113001,420110113001,"Block Group 1, Census Tract 113, Berks County, Pennsylvania",1556,256
1500000US420110113002,420110113002,"Block Group 2, Census Tract 113, Berks County, Pennsylvania",1309,256
1500000US420110114001,420110114001,"Block Group 1, Census Tract 114, Berks County, Pennsylvania",1140,282
1500000US420110114002,420110114002,"Block Group 2, Census Tract 114, Berks County, Pennsylvania",890,369
1500000US420110114003,420110114003,"Block Group 3, Census Tract 114, Berks County, Pennsylvania",1038,285
1500000US420110114004,420110114004,"Block Group 4, Census Tract 114, Berks County, Pennsylvania",1202,448
1500000US420110114005,420110114005,"Block Group 5, Census Tract 114, Berks County, Pennsylvania",1012,302
1500000US420110115001,420110115001,"Block Group 1, Census Tract 115, Berks County, Pennsylvania",477,148
1500000US420110115002,420110115002,"Block Group 2, Census Tract 115, Berks County, Pennsylvania",916,211
1500000US420110115003,420110115003,"Block Group 3, Census Tract 115, Berks County, Pennsylvania",1667,192
1500000US420110116011,420110116011,"Block Group 1, Census Tract 116.01, Berks County, Pennsylvania",1570,314
1500000US420110116012,420110116012,"Block Group 2, Census Tract 116.01, Berks County, Pennsylvania",1524,336
1500000US420110116013,420110116013,"Block Group 3, Census Tract 116.01, Berks County, Pennsylvania",2121,370
1500000US420110116021,420110116021,"Block Group 1, Census Tract 116.02, Berks County, Pennsylvania",869,179
1500000US420110116022,420110116022,"Block Group 2, Census Tract 116.02, Berks County, Pennsylvania",994,177
1500000US420110116023,420110116023,"Block Group 3, Census Tract 116.02, Berks County, Pennsylvania",2253,262
1500000US420110116031,420110116031,"Block Group 1, Census Tract 116.03, Berks County, Pennsylvania",1600,287
1500000US420110116032,420110116032,"Block Group 2, Census Tract 116.03, Berks County, Pennsylvania",1723,366
1500000US420110116033,420110116033,"Block Group 3, Census Tract 116.03, Berks County, Pennsylvania",1869,340
1500000US420110116034,420110116034,"Block Group 4, Census Tract 116.03, Berks County, Pennsylvania",818,223
1500000US420110117011,420110117011,"Block Group 1, Census Tract 117.01, Berks County, Pennsylvania",2212,399
1500000US420110117012,420110117012,"Block Group 2, Census Tract 117.01, Berks County, Pennsylvania",3039,402
1500000US420110117013,420110117013,"Block Group 3, Census Tract 117.01, Berks County, Pennsylvania",2100,331
1500000US420110117021,420110117021,"Block Group 1, Census Tract 117.02, Berks County, Pennsylvania",2354,281
1500000US420110117022,420110117022,"Block Group 2, Census Tract 117.02, Berks County, Pennsylvania",2263,279
1500000US420110117031,420110117031,"Block Group 1, Census Tract 117.03, Berks County, Pennsylvania",2016,206
1500000US420110117032,420110117032,"Block Group 2, Census Tract 117.03, Berks County, Pennsylvania",2123,210
1500000US420110118001,420110118001,"Block Group 1, Census Tract 118, Berks County, Pennsylvania",849,265
1500000US420110118002,420110118002,"Block Group 2, Census Tract 118, Berks County, Pennsylvania",1906,275
1500000US420110118003,420110118003,"Block Group 3, Census Tract 118, Berks County, Pennsylvania",2401,338
1500000US420110119021,420110119021,"Block Group 1, Census Tract 119.02, Berks County, Pennsylvania",1052,255
1500000US420110119022,420110119022,"Block Group 2, Census Tract 119.02, Berks County, Pennsylvania",1174,203
1500000US420110119023,420110119023,"Block Group 3, Census Tract 119.02, Berks County, Pennsylvania",1335,249
1500000US420110119031,420110119031,"Block Group 1, Census Tract 119.03, Berks County, Pennsylvania",891,202
1500000US420110119032,420110119032,"Block Group 2, Census Tract 119.03, Berks County, Pennsylvania",4161,303
1500000US420110119041,420110119041,"Block Group 1, Census Tract 119.04, Berks County, Pennsylvania",1843,399
1500000US420110119042,420110119042,"Block Group 2, Census Tract 119.04, Berks County, Pennsylvania",1537,273
1500000US420110119043,420110119043,"Block Group 3, Census Tract 119.04, Berks County, Pennsylvania",1394,355
1500000US420110119044,420110119044,"Block Group 4, Census Tract 119.04, Berks County, Pennsylvania",3028,384
1500000US420110120011,420110120011,"Block Group 1, Census Tract 120.01, Berks County, Pennsylvania",2357,177
1500000US420110120021,420110120021,"Block Group 1, Census Tract 120.02, Berks County, Pennsylvania",2288,394
1500000US420110120022,420110120022,"Block Group 2, Census Tract 120.02, Berks County, Pennsylvania",1422,351
1500000US420110120023,420110120023,"Block Group 3, Census Tract 120.02, Berks County, Pennsylvania",2294,446
1500000US420110120024,420110120024,"Block Group 4, Census Tract 120.02, Berks County, Pennsylvania",1492,296
1500000US420110120025,420110120025,"Block Group 5, Census Tract 120.02, Berks County, Pennsylvania",1628,314
1500000US420110121011,420110121011,"Block Group 1, Census Tract 121.01, Berks County, Pennsylvania",2011,116
1500000US420110121031,420110121031,"Block Group 1, Census Tract 121.03, Berks County, Pennsylvania",695,112
1500000US420110121032,420110121032,"Block Group 2, Census Tract 121.03, Berks County, Pennsylvania",1701,135
1500000US420110121041,420110121041,"Block Group 1, Census Tract 121.04, Berks County, Pennsylvania",1008,272
1500000US420110121042,420110121042,"Block Group 2, Census Tract 121.04, Berks County, Pennsylvania",2235,357
1500000US420110121051,420110121051,"Block Group 1, Census Tract 121.05, Berks County, Pennsylvania",2686,414
1500000US420110121052,420110121052,"Block Group 2, Census Tract 121.05, Berks County, Pennsylvania",1798,342
1500000US420110121053,420110121053,"Block Group 3, Census Tract 121.05, Berks County, Pennsylvania",4215,388
1500000US420110122001,420110122001,"Block Group 1, Census Tract 122, Berks County, Pennsylvania",1269,396
1500000US420110122002,420110122002,"Block Group 2, Census Tract 122, Berks County, Pennsylvania",1211,294
1500000US420110122003,420110122003,"Block Group 3, Census Tract 122, Berks County, Pennsylvania",738,247
1500000US420110123001,420110123001,"Block Group 1, Census Tract 123, Berks County, Pennsylvania",1123,259
1500000US420110123002,420110123002,"Block Group 2, Census Tract 123, Berks County, Pennsylvania",1231,361
1500000US420110123003,420110123003,"Block Group 3, Census Tract 123, Berks County, Pennsylvania",1329,302
1500000US420110123004,420110123004,"Block Group 4, Census Tract 123, Berks County, Pennsylvania",760,147
1500000US420110124001,420110124001,"Block Group 1, Census Tract 124, Berks County, Pennsylvania",1886,416
1500000US420110124002,420110124002,"Block Group 2, Census Tract 124, Berks County, Pennsylvania",2613,523
1500000US420110124003,420110124003,"Block Group 3, Census Tract 124, Berks County, Pennsylvania",912,382
1500000US420110124004,420110124004,"Block Group 4, Census Tract 124, Berks County, Pennsylvania",1240,400
1500000US420110125001,420110125001,"Block Group 1, Census Tract 125, Berks County, Pennsylvania",932,135
1500000US420110125002,420110125002,"Block Group 2, Census Tract 125, Berks County, Pennsylvania",1162,150
1500000US420110126001,420110126001,"Block Group 1, Census Tract 126, Berks County, Pennsylvania",1030,243
1500000US420110126002,420110126002,"Block Group 2, Census Tract 126, Berks County, Pennsylvania",1439,287
1500000US420110127001,420110127001,"Block Group 1, Census Tract 127, Berks County, Pennsylvania",1902,357
1500000US420110127002,420110127002,"Block Group 2, Census Tract 127, Berks County, Pennsylvania",1887,327
1500000US420110127003,420110127003,"Block Group 3, Census Tract 127, Berks County, Pennsylvania",902,277
1500000US420110127004,420110127004,"Block Group 4, Census Tract 127, Berks County, Pennsylvania",2594,415
1500000US420110127005,420110127005,"Block Group 5, Census Tract 127, Berks County, Pennsylvania",1550,363
1500000US420110128001,420110128001,"Block Group 1, Census Tract 128, Berks County, Pennsylvania",737,161
1500000US420110128002,420110128002,"Block Group 2, Census Tract 128, Berks County, Pennsylvania",649,180
1500000US420110128003,420110128003,"Block Group 3, Census Tract 128, Berks County, Pennsylvania",1779,234
1500000US420110128004,420110128004,"Block Group 4, Census Tract 128, Berks County, Pennsylvania",723,153
1500000US420110129001,420110129001,"Block Group 1, Census Tract 129, Berks County, Pennsylvania",1608,334
1500000US420110129002,420110129002,"Block Group 2, Census Tract 129, Berks County, Pennsylvania",922,206
1500000US420110129003,420110129003,"Block Group 3, Census Tract 129, Berks County, Pennsylvania",454,176
1500000US420110129004,420110129004,"Block Group 4, Census Tract 129, Berks County, Pennsylvania",2255,306
1500000US420110129005,420110129005,"Block Group 5, Census Tract 129, Berks County, Pennsylvania",1462,306
1500000US420110129006,420110129006,"Block Group 6, Census Tract 129, Berks County, Pennsylvania",851,284
1500000US420110130001,420110130001,"Block Group 1, Census Tract 130, Berks County, Pennsylvania",1610,343
1500000US420110130002,420110130002,"Block Group 2, Census Tract 130, Berks County, Pennsylvania",970,187
1500000US420110130003,420110130003,"Block Group 3, Census Tract 130, Berks County, Pennsylvania",1871,324
1500000US420110130004,420110130004,"Block Group 4, Census Tract 130, Berks County, Pennsylvania",2320,213
1500000US420110131001,420110131001,"Block Group 1, Census Tract 131, Berks County, Pennsylvania",2141,307
1500000US420110131002,420110131002,"Block Group 2, Census Tract 131, Berks County, Pennsylvania",1994,307
1500000US420110131003,420110131003,"Block Group 3, Census Tract 131, Berks County, Pennsylvania",923,247
1500000US420110132001,420110132001,"Block Group 1, Census Tract 132, Berks County, Pennsylvania",1345,336
1500000US420110132002,420110132002,"Block Group 2, Census Tract 132, Berks County, Pennsylvania",1776,254
1500000US420110132003,420110132003,"Block Group 3, Census Tract 132, Berks County, Pennsylvania",950,251
1500000US420110133011,420110133011,"Block Group 1, Census Tract 133.01, Berks County, Pennsylvania",1569,145
1500000US420110133012,420110133012,"Block Group 2, Census Tract 133.01, Berks County, Pennsylvania",1381,146
1500000US420110133021,420110133021,"Block Group 1, Census Tract 133.02, Berks County, Pennsylvania",1075,193
1500000US420110133022,420110133022,"Block Group 2, Census Tract 133.02, Berks County, Pennsylvania",2388,302
1500000US420110133023,420110133023,"Block Group 3, Census Tract 133.02, Berks County, Pennsylvania",1318,307
1500000US420110133024,420110133024,"Block Group 4, Census Tract 133.02, Berks County, Pennsylvania",1106,173
1500000US420110134011,420110134011,"Block Group 1, Census Tract 134.01, Berks County, Pennsylvania",2828,272
1500000US420110134012,420110134012,"Block Group 2, Census Tract 134.01, Berks County, Pennsylvania",1320,271
1500000US420110134013,420110134013,"Block Group 3, Census Tract 134.01, Berks County, Pennsylvania",2119,353
1500000US420110134014,420110134014,"Block Group 4, Census Tract 134.01, Berks County, Pennsylvania",675,256
1500000US420110134015,420110134015,"Block Group 5, Census Tract 134.01, Berks County, Pennsylvania",1020,326
1500000US420110134021,420110134021,"Block Group 1, Census Tract 134.02, Berks County, Pennsylvania",1528,158
1500000US420110134022,420110134022,"Block Group 2, Census Tract 134.02, Berks County, Pennsylvania",1517,94
1500000US420110135001,420110135001,"Block Group 1, Census Tract 135, Berks County, Pennsylvania",3324,642
1500000US420110135002,420110135002,"Block Group 2, Census Tract 135, Berks County, Pennsylvania",2171,316
1500000US420110135003,420110135003,"Block Group 3, Census Tract 135, Berks County, Pennsylvania",2995,592
1500000US420110135004,420110135004,"Block Group 4, Census Tract 135, Berks County, Pennsylvania",3065,478
1500000US420110136001,420110136001,"Block Group 1, Census Tract 136, Berks County, Pennsylvania",858,158
1500000US420110136002,420110136002,"Block Group 2, Census Tract 136, Berks County, Pennsylvania",1482,327
1500000US420110136003,420110136003,"Block Group 3, Census Tract 136, Berks County, Pennsylvania",1746,273
1500000US420110137011,420110137011,"Block Group 1, Census Tract 137.01, Berks County, Pennsylvania",1963,233
1500000US420110137012,420110137012,"Block Group 2, Census Tract 137.01, Berks County, Pennsylvania",1548,237
1500000US420110137021,420110137021,"Block Group 1, Census Tract 137.02, Berks County, Pennsylvania",1179,184
1500000US420110137022,420110137022,"Block Group 2, Census Tract 137.02, Berks County, Pennsylvania",1334,130
1500000US420110137023,420110137023,"Block Group 3, Census Tract 137.02, Berks County, Pennsylvania",1417,125
1500000US420110138001,420110138001,"Block Group 1, Census Tract 138, Berks County, Pennsylvania",933,161
1500000US420110138002,420110138002,"Block Group 2, Census Tract 138, Berks County, Pennsylvania",1979,249
1500000US420110138003,420110138003,"Block Group 3, Census Tract 138, Berks County, Pennsylvania",1464,232
1500000US420110139001,420110139001,"Block Group 1, Census Tract 139, Berks County, Pennsylvania",1622,190
1500000US420110139002,420110139002,"Block Group 2, Census Tract 139, Berks County, Pennsylvania",2013,255
1500000US420110139003,420110139003,"Block Group 3, Census Tract 139, Berks County, Pennsylvania",1867,262
1500000US420110139004,420110139004,"Block Group 4, Census Tract 139, Berks County, Pennsylvania",2547,262
1500000US420110140001,420110140001,"Block Group 1, Census Tract 140, Berks County, Pennsylvania",2057,412
1500000US420110140002,420110140002,"Block Group 2, Census Tract 140, Berks County, Pennsylvania",1577,432
1500000US420110140003,420110140003,"Block Group 3, Census Tract 140, Berks County, Pennsylvania",1401,409
1500000US420110141001,420110141001,"Block Group 1, Census Tract 141, Berks County, Pennsylvania",1598,351
1500000US420110141002,420110141002,"Block Group 2, Census Tract 141, Berks County, Pennsylvania",1654,308
1500000US420110141003,420110141003,"Block Group 3, Census Tract 141, Berks County, Pennsylvania",4640,456
1500000US420110142001,420110142001,"Block Group 1, Census Tract 142, Berks County, Pennsylvania",1897,268
1500000US420110142002,420110142002,"Block Group 2, Census Tract 142, Berks County, Pennsylvania",2072,374
1500000US420110142003,420110142003,"Block Group 3, Census Tract 142, Berks County, Pennsylvania",3219,397
1500000US420110142004,420110142004,"Block Group 4, Census Tract 142, Berks County, Pennsylvania",671,205
