GEO.id,GEO.id2,GEO.display-label,HD01_VD01,HD02_VD01
Id,Id2,Geography,Estimate; Total,Margin of Error; Total
1500000US180973101031,180973101031,"Block Group 1, Census Tract 3101.03, Marion County, Indiana",2263,485
1500000US180973101032,180973101032,"Block Group 2, Census Tract 3101.03, Marion County, Indiana",691,247
1500000US180973101033,180973101033,"Block Group 3, Census Tract 3101.03, Marion County, Indiana",1823,321
1500000US180973101034,180973101034,"Block Group 4, Census Tract 3101.03, Marion County, Indiana",2505,508
1500000US180973101041,180973101041,"Block Group 1, Census Tract 3101.04, Marion County, Indiana",866,221
1500000US180973101042,180973101042,"Block Group 2, Census Tract 3101.04, Marion County, Indiana",584,173
1500000US180973101043,180973101043,"Block Group 3, Census Tract 3101.04, Marion County, Indiana",1588,238
1500000US180973101051,180973101051,"Block Group 1, Census Tract 3101.05, Marion County, Indiana",745,176
1500000US180973101052,180973101052,"Block Group 2, Census Tract 3101.05, Marion County, Indiana",2931,291
1500000US180973101061,180973101061,"Block Group 1, Census Tract 3101.06, Marion County, Indiana",2592,436
1500000US180973101062,180973101062,"Block Group 2, Census Tract 3101.06, Marion County, Indiana",1339,299
1500000US180973101081,180973101081,"Block Group 1, Census Tract 3101.08, Marion County, Indiana",1394,195
1500000US180973101082,180973101082,"Block Group 2, Census Tract 3101.08, Marion County, Indiana",1975,267
1500000US180973101101,180973101101,"Block Group 1, Census Tract 3101.10, Marion County, Indiana",921,199
1500000US180973101102,180973101102,"Block Group 2, Census Tract 3101.10, Marion County, Indiana",1970,309
1500000US180973101111,180973101111,"Block Group 1, Census Tract 3101.11, Marion County, Indiana",1520,410
1500000US180973101112,180973101112,"Block Group 2, Census Tract 3101.11, Marion County, Indiana",2267,362
1500000US180973102011,180973102011,"Block Group 1, Census Tract 3102.01, Marion County, Indiana",863,338
1500000US180973102012,180973102012,"Block Group 2, Census Tract 3102.01, Marion County, Indiana",2715,432
1500000US180973102031,180973102031,"Block Group 1, Census Tract 3102.03, Marion County, Indiana",2833,550
1500000US180973102032,180973102032,"Block Group 2, Census Tract 3102.03, Marion County, Indiana",2369,553
1500000US180973102033,180973102033,"Block Group 3, Census Tract 3102.03, Marion County, Indiana",918,324
1500000US180973102041,180973102041,"Block Group 1, Census Tract 3102.04, Marion County, Indiana",2354,376
1500000US180973102042,180973102042,"Block Group 2, Census Tract 3102.04, Marion County, Indiana",1036,320
1500000US180973102043,180973102043,"Block Group 3, Census Tract 3102.04, Marion County, Indiana",2496,565
1500000US180973103051,180973103051,"Block Group 1, Census Tract 3103.05, Marion County, Indiana",2651,569
1500000US180973103052,180973103052,"Block Group 2, Census Tract 3103.05, Marion County, Indiana",1842,543
1500000US180973103053,180973103053,"Block Group 3, Census Tract 3103.05, Marion County, Indiana",2267,631
1500000US180973103061,180973103061,"Block Group 1, Census Tract 3103.06, Marion County, Indiana",929,410
1500000US180973103062,180973103062,"Block Group 2, Census Tract 3103.06, Marion County, Indiana",2499,606
1500000US180973103063,180973103063,"Block Group 3, Census Tract 3103.06, Marion County, Indiana",3520,1020
1500000US180973103081,180973103081,"Block Group 1, Census Tract 3103.08, Marion County, Indiana",1424,352
1500000US180973103082,180973103082,"Block Group 2, Census Tract 3103.08, Marion County, Indiana",2227,517
1500000US180973103091,180973103091,"Block Group 1, Census Tract 3103.09, Marion County, Indiana",982,337
1500000US180973103092,180973103092,"Block Group 2, Census Tract 3103.09, Marion County, Indiana",2984,566
1500000US180973103101,180973103101,"Block Group 1, Census Tract 3103.10, Marion County, Indiana",3007,457
1500000US180973103102,180973103102,"Block Group 2, Census Tract 3103.10, Marion County, Indiana",1833,374
1500000US180973103111,180973103111,"Block Group 1, Census Tract 3103.11, Marion County, Indiana",1554,366
1500000US180973103112,180973103112,"Block Group 2, Census Tract 3103.11, Marion County, Indiana",1226,276
1500000US180973103113,180973103113,"Block Group 3, Census Tract 3103.11, Marion County, Indiana",2863,441
1500000US180973103121,180973103121,"Block Group 1, Census Tract 3103.12, Marion County, Indiana",1641,691
1500000US180973103122,180973103122,"Block Group 2, Census Tract 3103.12, Marion County, Indiana",2263,589
1500000US180973103123,180973103123,"Block Group 3, Census Tract 3103.12, Marion County, Indiana",1988,729
1500000US180973201051,180973201051,"Block Group 1, Census Tract 3201.05, Marion County, Indiana",2083,381
1500000US180973201052,180973201052,"Block Group 2, Census Tract 3201.05, Marion County, Indiana",2260,425
1500000US180973201061,180973201061,"Block Group 1, Census Tract 3201.06, Marion County, Indiana",1254,256
1500000US180973201062,180973201062,"Block Group 2, Census Tract 3201.06, Marion County, Indiana",978,205
1500000US180973201071,180973201071,"Block Group 1, Census Tract 3201.07, Marion County, Indiana",643,132
1500000US180973201072,180973201072,"Block Group 2, Census Tract 3201.07, Marion County, Indiana",1247,169
1500000US180973201081,180973201081,"Block Group 1, Census Tract 3201.08, Marion County, Indiana",913,284
1500000US180973201082,180973201082,"Block Group 2, Census Tract 3201.08, Marion County, Indiana",1577,411
1500000US180973201083,180973201083,"Block Group 3, Census Tract 3201.08, Marion County, Indiana",2534,589
1500000US180973201091,180973201091,"Block Group 1, Census Tract 3201.09, Marion County, Indiana",1233,146
1500000US180973201092,180973201092,"Block Group 2, Census Tract 3201.09, Marion County, Indiana",1350,182
1500000US180973202021,180973202021,"Block Group 1, Census Tract 3202.02, Marion County, Indiana",1136,167
1500000US180973202022,180973202022,"Block Group 2, Census Tract 3202.02, Marion County, Indiana",1912,329
1500000US180973202023,180973202023,"Block Group 3, Census Tract 3202.02, Marion County, Indiana",1107,201
1500000US180973202031,180973202031,"Block Group 1, Census Tract 3202.03, Marion County, Indiana",2228,219
1500000US180973202032,180973202032,"Block Group 2, Census Tract 3202.03, Marion County, Indiana",894,180
1500000US180973202041,180973202041,"Block Group 1, Census Tract 3202.04, Marion County, Indiana",2219,522
1500000US180973202042,180973202042,"Block Group 2, Census Tract 3202.04, Marion County, Indiana",1360,381
1500000US180973202043,180973202043,"Block Group 3, Census Tract 3202.04, Marion County, Indiana",1510,320
1500000US180973203011,180973203011,"Block Group 1, Census Tract 3203.01, Marion County, Indiana",1263,183
1500000US180973203012,180973203012,"Block Group 2, Census Tract 3203.01, Marion County, Indiana",1319,187
1500000US180973203013,180973203013,"Block Group 3, Census Tract 3203.01, Marion County, Indiana",866,178
1500000US180973203031,180973203031,"Block Group 1, Census Tract 3203.03, Marion County, Indiana",1948,298
1500000US180973203032,180973203032,"Block Group 2, Census Tract 3203.03, Marion County, Indiana",1476,282
1500000US180973203041,180973203041,"Block Group 1, Census Tract 3203.04, Marion County, Indiana",1627,299
1500000US180973203042,180973203042,"Block Group 2, Census Tract 3203.04, Marion County, Indiana",1637,390
1500000US180973203043,180973203043,"Block Group 3, Census Tract 3203.04, Marion County, Indiana",2028,381
1500000US180973203044,180973203044,"Block Group 4, Census Tract 3203.04, Marion County, Indiana",1364,240
1500000US180973204001,180973204001,"Block Group 1, Census Tract 3204, Marion County, Indiana",1047,232
1500000US180973204002,180973204002,"Block Group 2, Census Tract 3204, Marion County, Indiana",2213,298
1500000US180973205001,180973205001,"Block Group 1, Census Tract 3205, Marion County, Indiana",2086,210
1500000US180973205002,180973205002,"Block Group 2, Census Tract 3205, Marion County, Indiana",1018,204
1500000US180973206001,180973206001,"Block Group 1, Census Tract 3206, Marion County, Indiana",986,175
1500000US180973206002,180973206002,"Block Group 2, Census Tract 3206, Marion County, Indiana",1211,134
1500000US180973207001,180973207001,"Block Group 1, Census Tract 3207, Marion County, Indiana",1959,184
1500000US180973208001,180973208001,"Block Group 1, Census Tract 3208, Marion County, Indiana",840,152
1500000US180973208002,180973208002,"Block Group 2, Census Tract 3208, Marion County, Indiana",988,96
1500000US180973208003,180973208003,"Block Group 3, Census Tract 3208, Marion County, Indiana",1211,123
1500000US180973209011,180973209011,"Block Group 1, Census Tract 3209.01, Marion County, Indiana",1409,334
1500000US180973209012,180973209012,"Block Group 2, Census Tract 3209.01, Marion County, Indiana",1563,398
1500000US180973209013,180973209013,"Block Group 3, Census Tract 3209.01, Marion County, Indiana",2498,637
1500000US180973209014,180973209014,"Block Group 4, Census Tract 3209.01, Marion County, Indiana",930,193
1500000US180973209021,180973209021,"Block Group 1, Census Tract 3209.02, Marion County, Indiana",1838,371
1500000US180973209022,180973209022,"Block Group 2, Census Tract 3209.02, Marion County, Indiana",2437,503
1500000US180973209031,180973209031,"Block Group 1, Census Tract 3209.03, Marion County, Indiana",2322,605
1500000US180973209032,180973209032,"Block Group 2, Census Tract 3209.03, Marion County, Indiana",1597,485
1500000US180973209033,180973209033,"Block Group 3, Census Tract 3209.03, Marion County, Indiana",1208,447
1500000US180973210011,180973210011,"Block Group 1, Census Tract 3210.01, Marion County, Indiana",1723,304
1500000US180973210012,180973210012,"Block Group 2, Census Tract 3210.01, Marion County, Indiana",1166,288
1500000US180973210021,180973210021,"Block Group 1, Census Tract 3210.02, Marion County, Indiana",803,388
1500000US180973210022,180973210022,"Block Group 2, Census Tract 3210.02, Marion County, Indiana",2270,466
1500000US180973210023,180973210023,"Block Group 3, Census Tract 3210.02, Marion County, Indiana",1385,289
1500000US180973211001,180973211001,"Block Group 1, Census Tract 3211, Marion County, Indiana",1283,343
1500000US180973211002,180973211002,"Block Group 2, Census Tract 3211, Marion County, Indiana",993,314
1500000US180973211003,180973211003,"Block Group 3, Census Tract 3211, Marion County, Indiana",659,103
1500000US180973211004,180973211004,"Block Group 4, Census Tract 3211, Marion County, Indiana",852,183
1500000US180973212001,180973212001,"Block Group 1, Census Tract 3212, Marion County, Indiana",1374,348
1500000US180973212002,180973212002,"Block Group 2, Census Tract 3212, Marion County, Indiana",1878,382
1500000US180973212003,180973212003,"Block Group 3, Census Tract 3212, Marion County, Indiana",1068,223
1500000US180973212004,180973212004,"Block Group 4, Census Tract 3212, Marion County, Indiana",854,249
1500000US180973213001,180973213001,"Block Group 1, Census Tract 3213, Marion County, Indiana",1339,207
1500000US180973213002,180973213002,"Block Group 2, Census Tract 3213, Marion County, Indiana",1116,161
1500000US180973214001,180973214001,"Block Group 1, Census Tract 3214, Marion County, Indiana",864,172
1500000US180973214002,180973214002,"Block Group 2, Census Tract 3214, Marion County, Indiana",1753,328
1500000US180973214003,180973214003,"Block Group 3, Census Tract 3214, Marion County, Indiana",1220,413
1500000US180973214004,180973214004,"Block Group 4, Census Tract 3214, Marion County, Indiana",1817,381
1500000US180973216001,180973216001,"Block Group 1, Census Tract 3216, Marion County, Indiana",2916,489
1500000US180973216002,180973216002,"Block Group 2, Census Tract 3216, Marion County, Indiana",1254,453
1500000US180973216003,180973216003,"Block Group 3, Census Tract 3216, Marion County, Indiana",1463,411
1500000US180973217001,180973217001,"Block Group 1, Census Tract 3217, Marion County, Indiana",821,172
1500000US180973217002,180973217002,"Block Group 2, Census Tract 3217, Marion County, Indiana",703,181
1500000US180973217003,180973217003,"Block Group 3, Census Tract 3217, Marion County, Indiana",1078,218
1500000US180973217004,180973217004,"Block Group 4, Census Tract 3217, Marion County, Indiana",1042,233
1500000US180973218001,180973218001,"Block Group 1, Census Tract 3218, Marion County, Indiana",837,140
1500000US180973218002,180973218002,"Block Group 2, Census Tract 3218, Marion County, Indiana",877,166
1500000US180973218003,180973218003,"Block Group 3, Census Tract 3218, Marion County, Indiana",764,216
1500000US180973218004,180973218004,"Block Group 4, Census Tract 3218, Marion County, Indiana",1236,230
1500000US180973219001,180973219001,"Block Group 1, Census Tract 3219, Marion County, Indiana",1227,191
1500000US180973219002,180973219002,"Block Group 2, Census Tract 3219, Marion County, Indiana",2224,287
1500000US180973219003,180973219003,"Block Group 3, Census Tract 3219, Marion County, Indiana",1230,237
1500000US180973219004,180973219004,"Block Group 4, Census Tract 3219, Marion County, Indiana",1735,401
1500000US180973220001,180973220001,"Block Group 1, Census Tract 3220, Marion County, Indiana",1055,215
1500000US180973220002,180973220002,"Block Group 2, Census Tract 3220, Marion County, Indiana",1110,257
1500000US180973220003,180973220003,"Block Group 3, Census Tract 3220, Marion County, Indiana",1478,364
1500000US180973221001,180973221001,"Block Group 1, Census Tract 3221, Marion County, Indiana",817,258
1500000US180973221002,180973221002,"Block Group 2, Census Tract 3221, Marion County, Indiana",1175,375
1500000US180973221003,180973221003,"Block Group 3, Census Tract 3221, Marion County, Indiana",663,180
1500000US180973222001,180973222001,"Block Group 1, Census Tract 3222, Marion County, Indiana",870,169
1500000US180973222002,180973222002,"Block Group 2, Census Tract 3222, Marion County, Indiana",1368,180
1500000US180973223001,180973223001,"Block Group 1, Census Tract 3223, Marion County, Indiana",931,140
1500000US180973223002,180973223002,"Block Group 2, Census Tract 3223, Marion County, Indiana",882,171
1500000US180973223003,180973223003,"Block Group 3, Census Tract 3223, Marion County, Indiana",800,128
1500000US180973224001,180973224001,"Block Group 1, Census Tract 3224, Marion County, Indiana",689,224
1500000US180973224002,180973224002,"Block Group 2, Census Tract 3224, Marion County, Indiana",1654,344
1500000US180973224003,180973224003,"Block Group 3, Census Tract 3224, Marion County, Indiana",872,218
1500000US180973225001,180973225001,"Block Group 1, Census Tract 3225, Marion County, Indiana",499,117
1500000US180973225002,180973225002,"Block Group 2, Census Tract 3225, Marion County, Indiana",919,195
1500000US180973226001,180973226001,"Block Group 1, Census Tract 3226, Marion County, Indiana",556,193
1500000US180973226002,180973226002,"Block Group 2, Census Tract 3226, Marion County, Indiana",1487,439
1500000US180973226003,180973226003,"Block Group 3, Census Tract 3226, Marion County, Indiana",1379,383
1500000US180973226004,180973226004,"Block Group 4, Census Tract 3226, Marion County, Indiana",564,232
1500000US180973227001,180973227001,"Block Group 1, Census Tract 3227, Marion County, Indiana",865,252
1500000US180973227002,180973227002,"Block Group 2, Census Tract 3227, Marion County, Indiana",409,129
1500000US180973227003,180973227003,"Block Group 3, Census Tract 3227, Marion County, Indiana",791,209
1500000US180973301031,180973301031,"Block Group 1, Census Tract 3301.03, Marion County, Indiana",2371,417
1500000US180973301032,180973301032,"Block Group 2, Census Tract 3301.03, Marion County, Indiana",1161,292
1500000US180973301033,180973301033,"Block Group 3, Census Tract 3301.03, Marion County, Indiana",1662,460
1500000US180973301051,180973301051,"Block Group 1, Census Tract 3301.05, Marion County, Indiana",2342,577
1500000US180973301052,180973301052,"Block Group 2, Census Tract 3301.05, Marion County, Indiana",1114,306
1500000US180973301053,180973301053,"Block Group 3, Census Tract 3301.05, Marion County, Indiana",1587,405
1500000US180973301061,180973301061,"Block Group 1, Census Tract 3301.06, Marion County, Indiana",1675,434
1500000US180973301062,180973301062,"Block Group 2, Census Tract 3301.06, Marion County, Indiana",868,180
1500000US180973301063,180973301063,"Block Group 3, Census Tract 3301.06, Marion County, Indiana",1367,364
1500000US180973301071,180973301071,"Block Group 1, Census Tract 3301.07, Marion County, Indiana",1720,362
1500000US180973301072,180973301072,"Block Group 2, Census Tract 3301.07, Marion County, Indiana",1598,330
1500000US180973301073,180973301073,"Block Group 3, Census Tract 3301.07, Marion County, Indiana",1339,300
1500000US180973301074,180973301074,"Block Group 4, Census Tract 3301.07, Marion County, Indiana",1859,373
1500000US180973301081,180973301081,"Block Group 1, Census Tract 3301.08, Marion County, Indiana",2482,303
1500000US180973301082,180973301082,"Block Group 2, Census Tract 3301.08, Marion County, Indiana",1269,208
1500000US180973301091,180973301091,"Block Group 1, Census Tract 3301.09, Marion County, Indiana",1863,322
1500000US180973301092,180973301092,"Block Group 2, Census Tract 3301.09, Marion County, Indiana",1440,325
1500000US180973301093,180973301093,"Block Group 3, Census Tract 3301.09, Marion County, Indiana",1421,242
1500000US180973302021,180973302021,"Block Group 1, Census Tract 3302.02, Marion County, Indiana",3174,881
1500000US180973302022,180973302022,"Block Group 2, Census Tract 3302.02, Marion County, Indiana",6513,715
1500000US180973302023,180973302023,"Block Group 3, Census Tract 3302.02, Marion County, Indiana",1514,569
1500000US180973302031,180973302031,"Block Group 1, Census Tract 3302.03, Marion County, Indiana",1800,361
1500000US180973302032,180973302032,"Block Group 2, Census Tract 3302.03, Marion County, Indiana",2832,452
1500000US180973302033,180973302033,"Block Group 3, Census Tract 3302.03, Marion County, Indiana",1462,303
1500000US180973302041,180973302041,"Block Group 1, Census Tract 3302.04, Marion County, Indiana",2822,529
1500000US180973302042,180973302042,"Block Group 2, Census Tract 3302.04, Marion County, Indiana",2471,495
1500000US180973302043,180973302043,"Block Group 3, Census Tract 3302.04, Marion County, Indiana",1491,467
1500000US180973302061,180973302061,"Block Group 1, Census Tract 3302.06, Marion County, Indiana",3745,347
1500000US180973302062,180973302062,"Block Group 2, Census Tract 3302.06, Marion County, Indiana",1326,236
1500000US180973302081,180973302081,"Block Group 1, Census Tract 3302.08, Marion County, Indiana",833,156
1500000US180973302082,180973302082,"Block Group 2, Census Tract 3302.08, Marion County, Indiana",2080,294
1500000US180973302091,180973302091,"Block Group 1, Census Tract 3302.09, Marion County, Indiana",3910,701
1500000US180973302092,180973302092,"Block Group 2, Census Tract 3302.09, Marion County, Indiana",2550,444
1500000US180973302093,180973302093,"Block Group 3, Census Tract 3302.09, Marion County, Indiana",1756,454
1500000US180973302094,180973302094,"Block Group 4, Census Tract 3302.09, Marion County, Indiana",1299,586
1500000US180973304011,180973304011,"Block Group 1, Census Tract 3304.01, Marion County, Indiana",1812,413
1500000US180973304012,180973304012,"Block Group 2, Census Tract 3304.01, Marion County, Indiana",2106,453
1500000US180973304013,180973304013,"Block Group 3, Census Tract 3304.01, Marion County, Indiana",2196,412
1500000US180973305001,180973305001,"Block Group 1, Census Tract 3305, Marion County, Indiana",2312,905
1500000US180973305002,180973305002,"Block Group 2, Census Tract 3305, Marion County, Indiana",2312,691
1500000US180973305003,180973305003,"Block Group 3, Census Tract 3305, Marion County, Indiana",1110,381
1500000US180973305004,180973305004,"Block Group 4, Census Tract 3305, Marion County, Indiana",618,286
1500000US180973306001,180973306001,"Block Group 1, Census Tract 3306, Marion County, Indiana",790,297
1500000US180973306002,180973306002,"Block Group 2, Census Tract 3306, Marion County, Indiana",1217,608
1500000US180973306003,180973306003,"Block Group 3, Census Tract 3306, Marion County, Indiana",849,448
1500000US180973306004,180973306004,"Block Group 4, Census Tract 3306, Marion County, Indiana",2718,811
1500000US180973307001,180973307001,"Block Group 1, Census Tract 3307, Marion County, Indiana",1039,425
1500000US180973307002,180973307002,"Block Group 2, Census Tract 3307, Marion County, Indiana",1870,402
1500000US180973307003,180973307003,"Block Group 3, Census Tract 3307, Marion County, Indiana",2395,546
1500000US180973308031,180973308031,"Block Group 1, Census Tract 3308.03, Marion County, Indiana",1284,567
1500000US180973308032,180973308032,"Block Group 2, Census Tract 3308.03, Marion County, Indiana",1409,373
1500000US180973308033,180973308033,"Block Group 3, Census Tract 3308.03, Marion County, Indiana",1414,485
1500000US180973308041,180973308041,"Block Group 1, Census Tract 3308.04, Marion County, Indiana",1161,300
1500000US180973308042,180973308042,"Block Group 2, Census Tract 3308.04, Marion County, Indiana",2128,427
1500000US180973308051,180973308051,"Block Group 1, Census Tract 3308.05, Marion County, Indiana",725,316
1500000US180973308052,180973308052,"Block Group 2, Census Tract 3308.05, Marion County, Indiana",446,146
1500000US180973308053,180973308053,"Block Group 3, Census Tract 3308.05, Marion County, Indiana",1559,350
1500000US180973308061,180973308061,"Block Group 1, Census Tract 3308.06, Marion County, Indiana",2308,458
1500000US180973308062,180973308062,"Block Group 2, Census Tract 3308.06, Marion County, Indiana",1825,455
1500000US180973309001,180973309001,"Block Group 1, Census Tract 3309, Marion County, Indiana",1437,337
1500000US180973309002,180973309002,"Block Group 2, Census Tract 3309, Marion County, Indiana",639,472
1500000US180973309003,180973309003,"Block Group 3, Census Tract 3309, Marion County, Indiana",1348,533
1500000US180973309004,180973309004,"Block Group 4, Census Tract 3309, Marion County, Indiana",2028,607
1500000US180973310001,180973310001,"Block Group 1, Census Tract 3310, Marion County, Indiana",895,276
1500000US180973310002,180973310002,"Block Group 2, Census Tract 3310, Marion County, Indiana",625,250
1500000US180973310003,180973310003,"Block Group 3, Census Tract 3310, Marion County, Indiana",323,139
1500000US180973310004,180973310004,"Block Group 4, Census Tract 3310, Marion County, Indiana",1041,269
1500000US180973310005,180973310005,"Block Group 5, Census Tract 3310, Marion County, Indiana",1340,388
1500000US180973401011,180973401011,"Block Group 1, Census Tract 3401.01, Marion County, Indiana",1097,317
1500000US180973401012,180973401012,"Block Group 2, Census Tract 3401.01, Marion County, Indiana",1631,266
1500000US180973401013,180973401013,"Block Group 3, Census Tract 3401.01, Marion County, Indiana",1129,256
1500000US180973401021,180973401021,"Block Group 1, Census Tract 3401.02, Marion County, Indiana",1030,178
1500000US180973401022,180973401022,"Block Group 2, Census Tract 3401.02, Marion County, Indiana",2641,533
1500000US180973401081,180973401081,"Block Group 1, Census Tract 3401.08, Marion County, Indiana",501,186
1500000US180973401082,180973401082,"Block Group 2, Census Tract 3401.08, Marion County, Indiana",1896,269
1500000US180973401091,180973401091,"Block Group 1, Census Tract 3401.09, Marion County, Indiana",1207,171
1500000US180973401101,180973401101,"Block Group 1, Census Tract 3401.10, Marion County, Indiana",1687,518
1500000US180973401102,180973401102,"Block Group 2, Census Tract 3401.10, Marion County, Indiana",1123,372
1500000US180973401103,180973401103,"Block Group 3, Census Tract 3401.10, Marion County, Indiana",2207,448
1500000US180973401111,180973401111,"Block Group 1, Census Tract 3401.11, Marion County, Indiana",1397,379
1500000US180973401112,180973401112,"Block Group 2, Census Tract 3401.11, Marion County, Indiana",2310,287
1500000US180973401121,180973401121,"Block Group 1, Census Tract 3401.12, Marion County, Indiana",874,276
1500000US180973401122,180973401122,"Block Group 2, Census Tract 3401.12, Marion County, Indiana",2210,556
1500000US180973401123,180973401123,"Block Group 3, Census Tract 3401.12, Marion County, Indiana",2176,495
1500000US180973401131,180973401131,"Block Group 1, Census Tract 3401.13, Marion County, Indiana",2792,348
1500000US180973401132,180973401132,"Block Group 2, Census Tract 3401.13, Marion County, Indiana",1347,266
1500000US180973401141,180973401141,"Block Group 1, Census Tract 3401.14, Marion County, Indiana",2660,309
1500000US180973401142,180973401142,"Block Group 2, Census Tract 3401.14, Marion County, Indiana",1474,282
1500000US180973402011,180973402011,"Block Group 1, Census Tract 3402.01, Marion County, Indiana",1050,313
1500000US180973402012,180973402012,"Block Group 2, Census Tract 3402.01, Marion County, Indiana",2775,518
1500000US180973402021,180973402021,"Block Group 1, Census Tract 3402.02, Marion County, Indiana",1279,249
1500000US180973402022,180973402022,"Block Group 2, Census Tract 3402.02, Marion County, Indiana",827,197
1500000US180973402023,180973402023,"Block Group 3, Census Tract 3402.02, Marion County, Indiana",1999,371
1500000US180973403001,180973403001,"Block Group 1, Census Tract 3403, Marion County, Indiana",1366,519
1500000US180973403002,180973403002,"Block Group 2, Census Tract 3403, Marion County, Indiana",752,339
1500000US180973403003,180973403003,"Block Group 3, Census Tract 3403, Marion County, Indiana",1858,682
1500000US180973403004,180973403004,"Block Group 4, Census Tract 3403, Marion County, Indiana",2467,673
1500000US180973403005,180973403005,"Block Group 5, Census Tract 3403, Marion County, Indiana",1771,588
1500000US180973404001,180973404001,"Block Group 1, Census Tract 3404, Marion County, Indiana",1175,321
1500000US180973404002,180973404002,"Block Group 2, Census Tract 3404, Marion County, Indiana",1602,489
1500000US180973404003,180973404003,"Block Group 3, Census Tract 3404, Marion County, Indiana",929,298
1500000US180973405001,180973405001,"Block Group 1, Census Tract 3405, Marion County, Indiana",1333,339
1500000US180973405002,180973405002,"Block Group 2, Census Tract 3405, Marion County, Indiana",2106,460
1500000US180973405003,180973405003,"Block Group 3, Census Tract 3405, Marion County, Indiana",1566,546
1500000US180973406001,180973406001,"Block Group 1, Census Tract 3406, Marion County, Indiana",1585,413
1500000US180973406002,180973406002,"Block Group 2, Census Tract 3406, Marion County, Indiana",644,239
1500000US180973406003,180973406003,"Block Group 3, Census Tract 3406, Marion County, Indiana",1330,515
1500000US180973406004,180973406004,"Block Group 4, Census Tract 3406, Marion County, Indiana",550,187
1500000US180973406005,180973406005,"Block Group 5, Census Tract 3406, Marion County, Indiana",1431,334
1500000US180973407001,180973407001,"Block Group 1, Census Tract 3407, Marion County, Indiana",2144,416
1500000US180973407002,180973407002,"Block Group 2, Census Tract 3407, Marion County, Indiana",693,287
1500000US180973407003,180973407003,"Block Group 3, Census Tract 3407, Marion County, Indiana",1224,489
1500000US180973408001,180973408001,"Block Group 1, Census Tract 3408, Marion County, Indiana",1024,152
1500000US180973408002,180973408002,"Block Group 2, Census Tract 3408, Marion County, Indiana",607,142
1500000US180973409011,180973409011,"Block Group 1, Census Tract 3409.01, Marion County, Indiana",2516,335
1500000US180973409012,180973409012,"Block Group 2, Census Tract 3409.01, Marion County, Indiana",1081,247
1500000US180973409021,180973409021,"Block Group 1, Census Tract 3409.02, Marion County, Indiana",2155,687
1500000US180973409022,180973409022,"Block Group 2, Census Tract 3409.02, Marion County, Indiana",1248,552
1500000US180973409023,180973409023,"Block Group 3, Census Tract 3409.02, Marion County, Indiana",1822,496
1500000US180973409024,180973409024,"Block Group 4, Census Tract 3409.02, Marion County, Indiana",1479,860
1500000US180973410001,180973410001,"Block Group 1, Census Tract 3410, Marion County, Indiana",571,123
1500000US180973410002,180973410002,"Block Group 2, Census Tract 3410, Marion County, Indiana",1178,185
1500000US180973411001,180973411001,"Block Group 1, Census Tract 3411, Marion County, Indiana",652,183
1500000US180973411002,180973411002,"Block Group 2, Census Tract 3411, Marion County, Indiana",470,207
1500000US180973411003,180973411003,"Block Group 3, Census Tract 3411, Marion County, Indiana",1008,302
1500000US180973412001,180973412001,"Block Group 1, Census Tract 3412, Marion County, Indiana",461,185
1500000US180973412002,180973412002,"Block Group 2, Census Tract 3412, Marion County, Indiana",1230,304
1500000US180973412003,180973412003,"Block Group 3, Census Tract 3412, Marion County, Indiana",669,185
1500000US180973416001,180973416001,"Block Group 1, Census Tract 3416, Marion County, Indiana",1047,183
1500000US180973416002,180973416002,"Block Group 2, Census Tract 3416, Marion County, Indiana",1090,347
1500000US180973417001,180973417001,"Block Group 1, Census Tract 3417, Marion County, Indiana",2206,635
1500000US180973417002,180973417002,"Block Group 2, Census Tract 3417, Marion County, Indiana",1542,530
1500000US180973417003,180973417003,"Block Group 3, Census Tract 3417, Marion County, Indiana",329,164
1500000US180973417004,180973417004,"Block Group 4, Census Tract 3417, Marion County, Indiana",966,254
1500000US180973419021,180973419021,"Block Group 1, Census Tract 3419.02, Marion County, Indiana",2700,412
1500000US180973419022,180973419022,"Block Group 2, Census Tract 3419.02, Marion County, Indiana",677,221
1500000US180973419031,180973419031,"Block Group 1, Census Tract 3419.03, Marion County, Indiana",2737,580
1500000US180973419032,180973419032,"Block Group 2, Census Tract 3419.03, Marion County, Indiana",691,293
1500000US180973419033,180973419033,"Block Group 3, Census Tract 3419.03, Marion County, Indiana",1990,700
1500000US180973419041,180973419041,"Block Group 1, Census Tract 3419.04, Marion County, Indiana",2519,282
1500000US180973420001,180973420001,"Block Group 1, Census Tract 3420, Marion County, Indiana",1495,466
1500000US180973420002,180973420002,"Block Group 2, Census Tract 3420, Marion County, Indiana",5434,556
1500000US180973421011,180973421011,"Block Group 1, Census Tract 3421.01, Marion County, Indiana",3849,430
1500000US180973421012,180973421012,"Block Group 2, Census Tract 3421.01, Marion County, Indiana",1930,481
1500000US180973422001,180973422001,"Block Group 1, Census Tract 3422, Marion County, Indiana",1318,458
1500000US180973422002,180973422002,"Block Group 2, Census Tract 3422, Marion County, Indiana",2165,546
1500000US180973422003,180973422003,"Block Group 3, Census Tract 3422, Marion County, Indiana",2326,601
1500000US180973423001,180973423001,"Block Group 1, Census Tract 3423, Marion County, Indiana",2446,690
1500000US180973423002,180973423002,"Block Group 2, Census Tract 3423, Marion County, Indiana",1988,632
1500000US180973423003,180973423003,"Block Group 3, Census Tract 3423, Marion County, Indiana",2558,678
1500000US180973424001,180973424001,"Block Group 1, Census Tract 3424, Marion County, Indiana",1630,255
1500000US180973425001,180973425001,"Block Group 1, Census Tract 3425, Marion County, Indiana",518,226
1500000US180973425002,180973425002,"Block Group 2, Census Tract 3425, Marion County, Indiana",663,192
1500000US180973425003,180973425003,"Block Group 3, Census Tract 3425, Marion County, Indiana",688,236
1500000US180973425004,180973425004,"Block Group 4, Census Tract 3425, Marion County, Indiana",1189,250
1500000US180973425005,180973425005,"Block Group 5, Census Tract 3425, Marion County, Indiana",1406,323
1500000US180973426001,180973426001,"Block Group 1, Census Tract 3426, Marion County, Indiana",717,278
1500000US180973426002,180973426002,"Block Group 2, Census Tract 3426, Marion County, Indiana",670,188
1500000US180973426003,180973426003,"Block Group 3, Census Tract 3426, Marion County, Indiana",712,415
1500000US180973426004,180973426004,"Block Group 4, Census Tract 3426, Marion County, Indiana",678,213
1500000US180973426005,180973426005,"Block Group 5, Census Tract 3426, Marion County, Indiana",609,236
1500000US180973501001,180973501001,"Block Group 1, Census Tract 3501, Marion County, Indiana",816,153
1500000US180973501002,180973501002,"Block Group 2, Census Tract 3501, Marion County, Indiana",366,132
1500000US180973503001,180973503001,"Block Group 1, Census Tract 3503, Marion County, Indiana",807,257
1500000US180973503002,180973503002,"Block Group 2, Census Tract 3503, Marion County, Indiana",810,308
1500000US180973503003,180973503003,"Block Group 3, Census Tract 3503, Marion County, Indiana",760,227
1500000US180973504001,180973504001,"Block Group 1, Census Tract 3504, Marion County, Indiana",987,341
1500000US180973504002,180973504002,"Block Group 2, Census Tract 3504, Marion County, Indiana",691,244
1500000US180973504003,180973504003,"Block Group 3, Census Tract 3504, Marion County, Indiana",1175,370
1500000US180973505001,180973505001,"Block Group 1, Census Tract 3505, Marion County, Indiana",427,195
1500000US180973505002,180973505002,"Block Group 2, Census Tract 3505, Marion County, Indiana",1004,254
1500000US180973505003,180973505003,"Block Group 3, Census Tract 3505, Marion County, Indiana",765,183
1500000US180973506001,180973506001,"Block Group 1, Census Tract 3506, Marion County, Indiana",545,323
1500000US180973506002,180973506002,"Block Group 2, Census Tract 3506, Marion County, Indiana",1073,330
1500000US180973506003,180973506003,"Block Group 3, Census Tract 3506, Marion County, Indiana",1000,288
1500000US180973506004,180973506004,"Block Group 4, Census Tract 3506, Marion County, Indiana",736,234
1500000US180973506005,180973506005,"Block Group 5, Census Tract 3506, Marion County, Indiana",681,271
1500000US180973507001,180973507001,"Block Group 1, Census Tract 3507, Marion County, Indiana",742,255
1500000US180973507002,180973507002,"Block Group 2, Census Tract 3507, Marion County, Indiana",659,162
1500000US180973508001,180973508001,"Block Group 1, Census Tract 3508, Marion County, Indiana",1119,207
1500000US180973508002,180973508002,"Block Group 2, Census Tract 3508, Marion County, Indiana",941,205
1500000US180973509001,180973509001,"Block Group 1, Census Tract 3509, Marion County, Indiana",590,209
1500000US180973509002,180973509002,"Block Group 2, Census Tract 3509, Marion County, Indiana",925,213
1500000US180973510001,180973510001,"Block Group 1, Census Tract 3510, Marion County, Indiana",782,266
1500000US180973510002,180973510002,"Block Group 2, Census Tract 3510, Marion County, Indiana",852,271
1500000US180973510003,180973510003,"Block Group 3, Census Tract 3510, Marion County, Indiana",669,190
1500000US180973512001,180973512001,"Block Group 1, Census Tract 3512, Marion County, Indiana",948,264
1500000US180973512002,180973512002,"Block Group 2, Census Tract 3512, Marion County, Indiana",1448,342
1500000US180973515001,180973515001,"Block Group 1, Census Tract 3515, Marion County, Indiana",800,185
1500000US180973515002,180973515002,"Block Group 2, Census Tract 3515, Marion County, Indiana",746,254
1500000US180973515003,180973515003,"Block Group 3, Census Tract 3515, Marion County, Indiana",226,97
1500000US180973516001,180973516001,"Block Group 1, Census Tract 3516, Marion County, Indiana",1591,234
1500000US180973516002,180973516002,"Block Group 2, Census Tract 3516, Marion County, Indiana",746,182
1500000US180973517001,180973517001,"Block Group 1, Census Tract 3517, Marion County, Indiana",1031,331
1500000US180973517002,180973517002,"Block Group 2, Census Tract 3517, Marion County, Indiana",1034,385
1500000US180973517003,180973517003,"Block Group 3, Census Tract 3517, Marion County, Indiana",549,233
1500000US180973519001,180973519001,"Block Group 1, Census Tract 3519, Marion County, Indiana",664,156
1500000US180973519002,180973519002,"Block Group 2, Census Tract 3519, Marion County, Indiana",616,189
1500000US180973519003,180973519003,"Block Group 3, Census Tract 3519, Marion County, Indiana",1204,216
1500000US180973521001,180973521001,"Block Group 1, Census Tract 3521, Marion County, Indiana",600,191
1500000US180973521002,180973521002,"Block Group 2, Census Tract 3521, Marion County, Indiana",873,209
1500000US180973521003,180973521003,"Block Group 3, Census Tract 3521, Marion County, Indiana",585,175
1500000US180973523001,180973523001,"Block Group 1, Census Tract 3523, Marion County, Indiana",607,162
1500000US180973523002,180973523002,"Block Group 2, Census Tract 3523, Marion County, Indiana",559,193
1500000US180973524001,180973524001,"Block Group 1, Census Tract 3524, Marion County, Indiana",944,290
1500000US180973524002,180973524002,"Block Group 2, Census Tract 3524, Marion County, Indiana",1502,348
1500000US180973524003,180973524003,"Block Group 3, Census Tract 3524, Marion County, Indiana",530,302
1500000US180973525001,180973525001,"Block Group 1, Census Tract 3525, Marion County, Indiana",506,186
1500000US180973525002,180973525002,"Block Group 2, Census Tract 3525, Marion County, Indiana",1184,263
1500000US180973525003,180973525003,"Block Group 3, Census Tract 3525, Marion County, Indiana",475,183
1500000US180973525004,180973525004,"Block Group 4, Census Tract 3525, Marion County, Indiana",650,191
1500000US180973526001,180973526001,"Block Group 1, Census Tract 3526, Marion County, Indiana",781,217
1500000US180973526002,180973526002,"Block Group 2, Census Tract 3526, Marion County, Indiana",972,339
1500000US180973526003,180973526003,"Block Group 3, Census Tract 3526, Marion County, Indiana",718,300
1500000US180973526004,180973526004,"Block Group 4, Census Tract 3526, Marion County, Indiana",691,266
1500000US180973526005,180973526005,"Block Group 5, Census Tract 3526, Marion County, Indiana",252,125
1500000US180973527001,180973527001,"Block Group 1, Census Tract 3527, Marion County, Indiana",869,280
1500000US180973527002,180973527002,"Block Group 2, Census Tract 3527, Marion County, Indiana",1662,311
1500000US180973528001,180973528001,"Block Group 1, Census Tract 3528, Marion County, Indiana",1048,195
1500000US180973533001,180973533001,"Block Group 1, Census Tract 3533, Marion County, Indiana",810,231
1500000US180973533002,180973533002,"Block Group 2, Census Tract 3533, Marion County, Indiana",866,220
1500000US180973533003,180973533003,"Block Group 3, Census Tract 3533, Marion County, Indiana",979,172
1500000US180973535001,180973535001,"Block Group 1, Census Tract 3535, Marion County, Indiana",1324,227
1500000US180973535002,180973535002,"Block Group 2, Census Tract 3535, Marion County, Indiana",1190,258
1500000US180973536001,180973536001,"Block Group 1, Census Tract 3536, Marion County, Indiana",577,160
1500000US180973536002,180973536002,"Block Group 2, Census Tract 3536, Marion County, Indiana",391,172
1500000US180973536003,180973536003,"Block Group 3, Census Tract 3536, Marion County, Indiana",681,236
1500000US180973536004,180973536004,"Block Group 4, Census Tract 3536, Marion County, Indiana",729,330
1500000US180973542001,180973542001,"Block Group 1, Census Tract 3542, Marion County, Indiana",1016,215
1500000US180973542002,180973542002,"Block Group 2, Census Tract 3542, Marion County, Indiana",1501,250
1500000US180973542003,180973542003,"Block Group 3, Census Tract 3542, Marion County, Indiana",4868,480
1500000US180973544001,180973544001,"Block Group 1, Census Tract 3544, Marion County, Indiana",1430,161
1500000US180973545001,180973545001,"Block Group 1, Census Tract 3545, Marion County, Indiana",636,167
1500000US180973545002,180973545002,"Block Group 2, Census Tract 3545, Marion County, Indiana",1818,247
1500000US180973547001,180973547001,"Block Group 1, Census Tract 3547, Marion County, Indiana",961,200
1500000US180973547002,180973547002,"Block Group 2, Census Tract 3547, Marion County, Indiana",535,132
1500000US180973548001,180973548001,"Block Group 1, Census Tract 3548, Marion County, Indiana",754,226
1500000US180973548002,180973548002,"Block Group 2, Census Tract 3548, Marion County, Indiana",394,150
1500000US180973548003,180973548003,"Block Group 3, Census Tract 3548, Marion County, Indiana",325,92
1500000US180973549001,180973549001,"Block Group 1, Census Tract 3549, Marion County, Indiana",1091,207
1500000US180973549002,180973549002,"Block Group 2, Census Tract 3549, Marion County, Indiana",1693,298
1500000US180973550001,180973550001,"Block Group 1, Census Tract 3550, Marion County, Indiana",456,196
1500000US180973550002,180973550002,"Block Group 2, Census Tract 3550, Marion County, Indiana",937,212
1500000US180973550003,180973550003,"Block Group 3, Census Tract 3550, Marion County, Indiana",905,249
1500000US180973551001,180973551001,"Block Group 1, Census Tract 3551, Marion County, Indiana",795,284
1500000US180973551002,180973551002,"Block Group 2, Census Tract 3551, Marion County, Indiana",568,177
1500000US180973551003,180973551003,"Block Group 3, Census Tract 3551, Marion County, Indiana",431,102
1500000US180973553001,180973553001,"Block Group 1, Census Tract 3553, Marion County, Indiana",1177,292
1500000US180973553002,180973553002,"Block Group 2, Census Tract 3553, Marion County, Indiana",1096,269
1500000US180973554001,180973554001,"Block Group 1, Census Tract 3554, Marion County, Indiana",976,342
1500000US180973554002,180973554002,"Block Group 2, Census Tract 3554, Marion County, Indiana",827,260
1500000US180973554003,180973554003,"Block Group 3, Census Tract 3554, Marion County, Indiana",1024,292
1500000US180973555001,180973555001,"Block Group 1, Census Tract 3555, Marion County, Indiana",1008,309
1500000US180973555002,180973555002,"Block Group 2, Census Tract 3555, Marion County, Indiana",1603,328
1500000US180973555003,180973555003,"Block Group 3, Census Tract 3555, Marion County, Indiana",1008,266
1500000US180973556001,180973556001,"Block Group 1, Census Tract 3556, Marion County, Indiana",1876,260
1500000US180973557001,180973557001,"Block Group 1, Census Tract 3557, Marion County, Indiana",771,197
1500000US180973557002,180973557002,"Block Group 2, Census Tract 3557, Marion County, Indiana",519,193
1500000US180973557003,180973557003,"Block Group 3, Census Tract 3557, Marion County, Indiana",982,317
1500000US180973559001,180973559001,"Block Group 1, Census Tract 3559, Marion County, Indiana",589,192
1500000US180973559002,180973559002,"Block Group 2, Census Tract 3559, Marion County, Indiana",417,109
1500000US180973559003,180973559003,"Block Group 3, Census Tract 3559, Marion County, Indiana",748,153
1500000US180973559004,180973559004,"Block Group 4, Census Tract 3559, Marion County, Indiana",471,145
1500000US180973562001,180973562001,"Block Group 1, Census Tract 3562, Marion County, Indiana",1048,103
1500000US180973562002,180973562002,"Block Group 2, Census Tract 3562, Marion County, Indiana",2799,235
1500000US180973564001,180973564001,"Block Group 1, Census Tract 3564, Marion County, Indiana",1675,459
1500000US180973564002,180973564002,"Block Group 2, Census Tract 3564, Marion County, Indiana",1422,308
1500000US180973564003,180973564003,"Block Group 3, Census Tract 3564, Marion County, Indiana",929,375
1500000US180973569001,180973569001,"Block Group 1, Census Tract 3569, Marion County, Indiana",875,316
1500000US180973569002,180973569002,"Block Group 2, Census Tract 3569, Marion County, Indiana",765,223
1500000US180973569003,180973569003,"Block Group 3, Census Tract 3569, Marion County, Indiana",628,286
1500000US180973569004,180973569004,"Block Group 4, Census Tract 3569, Marion County, Indiana",454,169
1500000US180973570001,180973570001,"Block Group 1, Census Tract 3570, Marion County, Indiana",432,124
1500000US180973570002,180973570002,"Block Group 2, Census Tract 3570, Marion County, Indiana",984,293
1500000US180973570003,180973570003,"Block Group 3, Census Tract 3570, Marion County, Indiana",546,159
1500000US180973570004,180973570004,"Block Group 4, Census Tract 3570, Marion County, Indiana",521,222
1500000US180973571001,180973571001,"Block Group 1, Census Tract 3571, Marion County, Indiana",429,131
1500000US180973571002,180973571002,"Block Group 2, Census Tract 3571, Marion County, Indiana",518,175
1500000US180973571003,180973571003,"Block Group 3, Census Tract 3571, Marion County, Indiana",358,105
1500000US180973571004,180973571004,"Block Group 4, Census Tract 3571, Marion County, Indiana",753,240
1500000US180973572001,180973572001,"Block Group 1, Census Tract 3572, Marion County, Indiana",678,326
1500000US180973572002,180973572002,"Block Group 2, Census Tract 3572, Marion County, Indiana",363,139
1500000US180973572003,180973572003,"Block Group 3, Census Tract 3572, Marion County, Indiana",646,344
1500000US180973572004,180973572004,"Block Group 4, Census Tract 3572, Marion County, Indiana",883,299
1500000US180973573001,180973573001,"Block Group 1, Census Tract 3573, Marion County, Indiana",1201,290
1500000US180973573002,180973573002,"Block Group 2, Census Tract 3573, Marion County, Indiana",850,226
1500000US180973574001,180973574001,"Block Group 1, Census Tract 3574, Marion County, Indiana",682,336
1500000US180973574002,180973574002,"Block Group 2, Census Tract 3574, Marion County, Indiana",1240,364
1500000US180973574003,180973574003,"Block Group 3, Census Tract 3574, Marion County, Indiana",1253,485
1500000US180973574004,180973574004,"Block Group 4, Census Tract 3574, Marion County, Indiana",1303,358
1500000US180973575001,180973575001,"Block Group 1, Census Tract 3575, Marion County, Indiana",1345,315
1500000US180973575002,180973575002,"Block Group 2, Census Tract 3575, Marion County, Indiana",1232,320
1500000US180973575003,180973575003,"Block Group 3, Census Tract 3575, Marion County, Indiana",1038,282
1500000US180973575004,180973575004,"Block Group 4, Census Tract 3575, Marion County, Indiana",743,276
1500000US180973576001,180973576001,"Block Group 1, Census Tract 3576, Marion County, Indiana",2190,1046
1500000US180973576002,180973576002,"Block Group 2, Census Tract 3576, Marion County, Indiana",1985,631
1500000US180973576003,180973576003,"Block Group 3, Census Tract 3576, Marion County, Indiana",1347,484
1500000US180973576004,180973576004,"Block Group 4, Census Tract 3576, Marion County, Indiana",1887,717
1500000US180973578001,180973578001,"Block Group 1, Census Tract 3578, Marion County, Indiana",781,167
1500000US180973578002,180973578002,"Block Group 2, Census Tract 3578, Marion County, Indiana",917,184
1500000US180973579001,180973579001,"Block Group 1, Census Tract 3579, Marion County, Indiana",1149,241
1500000US180973579002,180973579002,"Block Group 2, Census Tract 3579, Marion County, Indiana",903,402
1500000US180973579003,180973579003,"Block Group 3, Census Tract 3579, Marion County, Indiana",1558,454
1500000US180973579004,180973579004,"Block Group 4, Census Tract 3579, Marion County, Indiana",409,165
1500000US180973580001,180973580001,"Block Group 1, Census Tract 3580, Marion County, Indiana",625,277
1500000US180973580002,180973580002,"Block Group 2, Census Tract 3580, Marion County, Indiana",999,248
1500000US180973581001,180973581001,"Block Group 1, Census Tract 3581, Marion County, Indiana",1121,390
1500000US180973581002,180973581002,"Block Group 2, Census Tract 3581, Marion County, Indiana",679,219
1500000US180973581003,180973581003,"Block Group 3, Census Tract 3581, Marion County, Indiana",1170,658
1500000US180973601011,180973601011,"Block Group 1, Census Tract 3601.01, Marion County, Indiana",1157,255
1500000US180973601012,180973601012,"Block Group 2, Census Tract 3601.01, Marion County, Indiana",908,235
1500000US180973601021,180973601021,"Block Group 1, Census Tract 3601.02, Marion County, Indiana",1196,439
1500000US180973601022,180973601022,"Block Group 2, Census Tract 3601.02, Marion County, Indiana",1190,332
1500000US180973602011,180973602011,"Block Group 1, Census Tract 3602.01, Marion County, Indiana",1963,465
1500000US180973602012,180973602012,"Block Group 2, Census Tract 3602.01, Marion County, Indiana",1168,287
1500000US180973602013,180973602013,"Block Group 3, Census Tract 3602.01, Marion County, Indiana",582,260
1500000US180973602021,180973602021,"Block Group 1, Census Tract 3602.02, Marion County, Indiana",2345,585
1500000US180973602022,180973602022,"Block Group 2, Census Tract 3602.02, Marion County, Indiana",1228,508
1500000US180973603011,180973603011,"Block Group 1, Census Tract 3603.01, Marion County, Indiana",2317,329
1500000US180973603012,180973603012,"Block Group 2, Census Tract 3603.01, Marion County, Indiana",817,278
1500000US180973603021,180973603021,"Block Group 1, Census Tract 3603.02, Marion County, Indiana",1286,260
1500000US180973603022,180973603022,"Block Group 2, Census Tract 3603.02, Marion County, Indiana",1285,270
1500000US180973604011,180973604011,"Block Group 1, Census Tract 3604.01, Marion County, Indiana",1006,305
1500000US180973604012,180973604012,"Block Group 2, Census Tract 3604.01, Marion County, Indiana",2050,670
1500000US180973604013,180973604013,"Block Group 3, Census Tract 3604.01, Marion County, Indiana",3122,746
1500000US180973604021,180973604021,"Block Group 1, Census Tract 3604.02, Marion County, Indiana",1967,309
1500000US180973604041,180973604041,"Block Group 1, Census Tract 3604.04, Marion County, Indiana",1653,527
1500000US180973604042,180973604042,"Block Group 2, Census Tract 3604.04, Marion County, Indiana",3732,889
1500000US180973604043,180973604043,"Block Group 3, Census Tract 3604.04, Marion County, Indiana",2038,608
1500000US180973604051,180973604051,"Block Group 1, Census Tract 3604.05, Marion County, Indiana",2297,631
1500000US180973604052,180973604052,"Block Group 2, Census Tract 3604.05, Marion County, Indiana",3413,661
1500000US180973605011,180973605011,"Block Group 1, Census Tract 3605.01, Marion County, Indiana",1686,629
1500000US180973605012,180973605012,"Block Group 2, Census Tract 3605.01, Marion County, Indiana",2630,672
1500000US180973605013,180973605013,"Block Group 3, Census Tract 3605.01, Marion County, Indiana",2228,316
1500000US180973605021,180973605021,"Block Group 1, Census Tract 3605.02, Marion County, Indiana",1833,575
1500000US180973605022,180973605022,"Block Group 2, Census Tract 3605.02, Marion County, Indiana",3484,606
1500000US180973605023,180973605023,"Block Group 3, Census Tract 3605.02, Marion County, Indiana",924,318
1500000US180973606011,180973606011,"Block Group 1, Census Tract 3606.01, Marion County, Indiana",1508,311
1500000US180973606012,180973606012,"Block Group 2, Census Tract 3606.01, Marion County, Indiana",1442,311
1500000US180973606013,180973606013,"Block Group 3, Census Tract 3606.01, Marion County, Indiana",811,177
1500000US180973606014,180973606014,"Block Group 4, Census Tract 3606.01, Marion County, Indiana",923,224
1500000US180973606021,180973606021,"Block Group 1, Census Tract 3606.02, Marion County, Indiana",1232,638
1500000US180973606022,180973606022,"Block Group 2, Census Tract 3606.02, Marion County, Indiana",2173,383
1500000US180973606023,180973606023,"Block Group 3, Census Tract 3606.02, Marion County, Indiana",1830,663
1500000US180973606024,180973606024,"Block Group 4, Census Tract 3606.02, Marion County, Indiana",746,304
1500000US180973607001,180973607001,"Block Group 1, Census Tract 3607, Marion County, Indiana",668,128
1500000US180973607002,180973607002,"Block Group 2, Census Tract 3607, Marion County, Indiana",1268,163
1500000US180973608001,180973608001,"Block Group 1, Census Tract 3608, Marion County, Indiana",799,165
1500000US180973608002,180973608002,"Block Group 2, Census Tract 3608, Marion County, Indiana",1904,285
1500000US180973609001,180973609001,"Block Group 1, Census Tract 3609, Marion County, Indiana",1172,329
1500000US180973609002,180973609002,"Block Group 2, Census Tract 3609, Marion County, Indiana",2487,999
1500000US180973609003,180973609003,"Block Group 3, Census Tract 3609, Marion County, Indiana",696,309
1500000US180973609004,180973609004,"Block Group 4, Census Tract 3609, Marion County, Indiana",535,250
1500000US180973609005,180973609005,"Block Group 5, Census Tract 3609, Marion County, Indiana",393,209
1500000US180973610001,180973610001,"Block Group 1, Census Tract 3610, Marion County, Indiana",1151,169
1500000US180973610002,180973610002,"Block Group 2, Census Tract 3610, Marion County, Indiana",1045,136
1500000US180973611001,180973611001,"Block Group 1, Census Tract 3611, Marion County, Indiana",887,208
1500000US180973611002,180973611002,"Block Group 2, Census Tract 3611, Marion County, Indiana",943,251
1500000US180973611003,180973611003,"Block Group 3, Census Tract 3611, Marion County, Indiana",799,286
1500000US180973611004,180973611004,"Block Group 4, Census Tract 3611, Marion County, Indiana",864,154
1500000US180973612001,180973612001,"Block Group 1, Census Tract 3612, Marion County, Indiana",485,155
1500000US180973612002,180973612002,"Block Group 2, Census Tract 3612, Marion County, Indiana",603,231
1500000US180973612003,180973612003,"Block Group 3, Census Tract 3612, Marion County, Indiana",2354,546
1500000US180973613001,180973613001,"Block Group 1, Census Tract 3613, Marion County, Indiana",589,217
1500000US180973613002,180973613002,"Block Group 2, Census Tract 3613, Marion County, Indiana",957,323
1500000US180973613003,180973613003,"Block Group 3, Census Tract 3613, Marion County, Indiana",909,223
1500000US180973614001,180973614001,"Block Group 1, Census Tract 3614, Marion County, Indiana",940,398
1500000US180973614002,180973614002,"Block Group 2, Census Tract 3614, Marion County, Indiana",3555,650
1500000US180973614003,180973614003,"Block Group 3, Census Tract 3614, Marion County, Indiana",3886,832
1500000US180973614004,180973614004,"Block Group 4, Census Tract 3614, Marion County, Indiana",1119,594
1500000US180973614005,180973614005,"Block Group 5, Census Tract 3614, Marion County, Indiana",1659,490
1500000US180973616001,180973616001,"Block Group 1, Census Tract 3616, Marion County, Indiana",5257,576
1500000US180973616002,180973616002,"Block Group 2, Census Tract 3616, Marion County, Indiana",3364,533
1500000US180973702011,180973702011,"Block Group 1, Census Tract 3702.01, Marion County, Indiana",1004,364
1500000US180973702012,180973702012,"Block Group 2, Census Tract 3702.01, Marion County, Indiana",677,212
1500000US180973702013,180973702013,"Block Group 3, Census Tract 3702.01, Marion County, Indiana",142,125
1500000US180973702014,180973702014,"Block Group 4, Census Tract 3702.01, Marion County, Indiana",2340,434
1500000US180973702021,180973702021,"Block Group 1, Census Tract 3702.02, Marion County, Indiana",862,250
1500000US180973702022,180973702022,"Block Group 2, Census Tract 3702.02, Marion County, Indiana",1000,403
1500000US180973702023,180973702023,"Block Group 3, Census Tract 3702.02, Marion County, Indiana",1604,434
1500000US180973702024,180973702024,"Block Group 4, Census Tract 3702.02, Marion County, Indiana",2959,518
1500000US180973703011,180973703011,"Block Group 1, Census Tract 3703.01, Marion County, Indiana",7676,686
1500000US180973703012,180973703012,"Block Group 2, Census Tract 3703.01, Marion County, Indiana",2450,691
1500000US180973703021,180973703021,"Block Group 1, Census Tract 3703.02, Marion County, Indiana",3773,707
1500000US180973703022,180973703022,"Block Group 2, Census Tract 3703.02, Marion County, Indiana",2579,474
1500000US180973703023,180973703023,"Block Group 3, Census Tract 3703.02, Marion County, Indiana",2477,464
1500000US180973801001,180973801001,"Block Group 1, Census Tract 3801, Marion County, Indiana",2676,662
1500000US180973801002,180973801002,"Block Group 2, Census Tract 3801, Marion County, Indiana",2386,792
1500000US180973801003,180973801003,"Block Group 3, Census Tract 3801, Marion County, Indiana",14300,1411
1500000US180973802001,180973802001,"Block Group 1, Census Tract 3802, Marion County, Indiana",1026,279
1500000US180973802002,180973802002,"Block Group 2, Census Tract 3802, Marion County, Indiana",1110,338
1500000US180973802003,180973802003,"Block Group 3, Census Tract 3802, Marion County, Indiana",1103,263
1500000US180973803001,180973803001,"Block Group 1, Census Tract 3803, Marion County, Indiana",650,211
1500000US180973803002,180973803002,"Block Group 2, Census Tract 3803, Marion County, Indiana",993,367
1500000US180973803003,180973803003,"Block Group 3, Census Tract 3803, Marion County, Indiana",1255,457
1500000US180973803004,180973803004,"Block Group 4, Census Tract 3803, Marion County, Indiana",1054,328
1500000US180973803005,180973803005,"Block Group 5, Census Tract 3803, Marion County, Indiana",1316,335
1500000US180973804021,180973804021,"Block Group 1, Census Tract 3804.02, Marion County, Indiana",2012,426
1500000US180973804022,180973804022,"Block Group 2, Census Tract 3804.02, Marion County, Indiana",1151,315
1500000US180973804023,180973804023,"Block Group 3, Census Tract 3804.02, Marion County, Indiana",1940,389
1500000US180973804031,180973804031,"Block Group 1, Census Tract 3804.03, Marion County, Indiana",1498,413
1500000US180973804032,180973804032,"Block Group 2, Census Tract 3804.03, Marion County, Indiana",1441,266
1500000US180973804033,180973804033,"Block Group 3, Census Tract 3804.03, Marion County, Indiana",690,257
1500000US180973804034,180973804034,"Block Group 4, Census Tract 3804.03, Marion County, Indiana",364,125
1500000US180973804041,180973804041,"Block Group 1, Census Tract 3804.04, Marion County, Indiana",1425,358
1500000US180973804042,180973804042,"Block Group 2, Census Tract 3804.04, Marion County, Indiana",1212,244
1500000US180973804043,180973804043,"Block Group 3, Census Tract 3804.04, Marion County, Indiana",1278,222
1500000US180973805011,180973805011,"Block Group 1, Census Tract 3805.01, Marion County, Indiana",1266,291
1500000US180973805012,180973805012,"Block Group 2, Census Tract 3805.01, Marion County, Indiana",1344,322
1500000US180973805021,180973805021,"Block Group 1, Census Tract 3805.02, Marion County, Indiana",1092,289
1500000US180973805022,180973805022,"Block Group 2, Census Tract 3805.02, Marion County, Indiana",1255,254
1500000US180973805023,180973805023,"Block Group 3, Census Tract 3805.02, Marion County, Indiana",1521,283
1500000US180973806001,180973806001,"Block Group 1, Census Tract 3806, Marion County, Indiana",1847,529
1500000US180973806002,180973806002,"Block Group 2, Census Tract 3806, Marion County, Indiana",1391,422
1500000US180973806003,180973806003,"Block Group 3, Census Tract 3806, Marion County, Indiana",1992,535
1500000US180973807001,180973807001,"Block Group 1, Census Tract 3807, Marion County, Indiana",1931,401
1500000US180973807002,180973807002,"Block Group 2, Census Tract 3807, Marion County, Indiana",1496,658
1500000US180973807003,180973807003,"Block Group 3, Census Tract 3807, Marion County, Indiana",1885,681
1500000US180973808001,180973808001,"Block Group 1, Census Tract 3808, Marion County, Indiana",1145,247
1500000US180973808002,180973808002,"Block Group 2, Census Tract 3808, Marion County, Indiana",807,191
1500000US180973808003,180973808003,"Block Group 3, Census Tract 3808, Marion County, Indiana",653,191
1500000US180973809011,180973809011,"Block Group 1, Census Tract 3809.01, Marion County, Indiana",1947,326
1500000US180973809012,180973809012,"Block Group 2, Census Tract 3809.01, Marion County, Indiana",1061,308
1500000US180973809013,180973809013,"Block Group 3, Census Tract 3809.01, Marion County, Indiana",1949,350
1500000US180973809021,180973809021,"Block Group 1, Census Tract 3809.02, Marion County, Indiana",904,245
1500000US180973809022,180973809022,"Block Group 2, Census Tract 3809.02, Marion County, Indiana",1901,527
1500000US180973809023,180973809023,"Block Group 3, Census Tract 3809.02, Marion County, Indiana",3012,370
1500000US180973810011,180973810011,"Block Group 1, Census Tract 3810.01, Marion County, Indiana",1802,696
1500000US180973810012,180973810012,"Block Group 2, Census Tract 3810.01, Marion County, Indiana",2188,843
1500000US180973810013,180973810013,"Block Group 3, Census Tract 3810.01, Marion County, Indiana",2367,615
1500000US180973810014,180973810014,"Block Group 4, Census Tract 3810.01, Marion County, Indiana",1534,327
1500000US180973810021,180973810021,"Block Group 1, Census Tract 3810.02, Marion County, Indiana",1288,249
1500000US180973810022,180973810022,"Block Group 2, Census Tract 3810.02, Marion County, Indiana",833,137
1500000US180973810023,180973810023,"Block Group 3, Census Tract 3810.02, Marion County, Indiana",896,184
1500000US180973811011,180973811011,"Block Group 1, Census Tract 3811.01, Marion County, Indiana",2691,419
1500000US180973811012,180973811012,"Block Group 2, Census Tract 3811.01, Marion County, Indiana",3006,492
1500000US180973811021,180973811021,"Block Group 1, Census Tract 3811.02, Marion County, Indiana",1447,286
1500000US180973811022,180973811022,"Block Group 2, Census Tract 3811.02, Marion County, Indiana",2221,477
1500000US180973811023,180973811023,"Block Group 3, Census Tract 3811.02, Marion County, Indiana",2108,343
1500000US180973812011,180973812011,"Block Group 1, Census Tract 3812.01, Marion County, Indiana",2157,462
1500000US180973812012,180973812012,"Block Group 2, Census Tract 3812.01, Marion County, Indiana",1563,353
1500000US180973812013,180973812013,"Block Group 3, Census Tract 3812.01, Marion County, Indiana",1461,331
1500000US180973812014,180973812014,"Block Group 4, Census Tract 3812.01, Marion County, Indiana",1948,431
1500000US180973812031,180973812031,"Block Group 1, Census Tract 3812.03, Marion County, Indiana",1564,278
1500000US180973812032,180973812032,"Block Group 2, Census Tract 3812.03, Marion County, Indiana",1628,350
1500000US180973812041,180973812041,"Block Group 1, Census Tract 3812.04, Marion County, Indiana",748,123
1500000US180973812042,180973812042,"Block Group 2, Census Tract 3812.04, Marion County, Indiana",1430,239
1500000US180973812043,180973812043,"Block Group 3, Census Tract 3812.04, Marion County, Indiana",766,240
1500000US180973812051,180973812051,"Block Group 1, Census Tract 3812.05, Marion County, Indiana",3402,431
1500000US180973812052,180973812052,"Block Group 2, Census Tract 3812.05, Marion County, Indiana",2927,497
1500000US180973901011,180973901011,"Block Group 1, Census Tract 3901.01, Marion County, Indiana",4158,635
1500000US180973901012,180973901012,"Block Group 2, Census Tract 3901.01, Marion County, Indiana",2328,509
1500000US180973901013,180973901013,"Block Group 3, Census Tract 3901.01, Marion County, Indiana",2091,365
1500000US180973901021,180973901021,"Block Group 1, Census Tract 3901.02, Marion County, Indiana",1402,287
1500000US180973901022,180973901022,"Block Group 2, Census Tract 3901.02, Marion County, Indiana",4102,402
1500000US180973902001,180973902001,"Block Group 1, Census Tract 3902, Marion County, Indiana",1947,323
1500000US180973902002,180973902002,"Block Group 2, Census Tract 3902, Marion County, Indiana",1564,339
1500000US180973903001,180973903001,"Block Group 1, Census Tract 3903, Marion County, Indiana",920,308
1500000US180973903002,180973903002,"Block Group 2, Census Tract 3903, Marion County, Indiana",665,256
1500000US180973903003,180973903003,"Block Group 3, Census Tract 3903, Marion County, Indiana",4277,495
1500000US180973904021,180973904021,"Block Group 1, Census Tract 3904.02, Marion County, Indiana",6756,1006
1500000US180973904022,180973904022,"Block Group 2, Census Tract 3904.02, Marion County, Indiana",1886,632
1500000US180973904023,180973904023,"Block Group 3, Census Tract 3904.02, Marion County, Indiana",3955,834
1500000US180973904031,180973904031,"Block Group 1, Census Tract 3904.03, Marion County, Indiana",5890,768
1500000US180973904032,180973904032,"Block Group 2, Census Tract 3904.03, Marion County, Indiana",5059,541
1500000US180973904041,180973904041,"Block Group 1, Census Tract 3904.04, Marion County, Indiana",1839,453
1500000US180973904042,180973904042,"Block Group 2, Census Tract 3904.04, Marion County, Indiana",2210,491
1500000US180973904043,180973904043,"Block Group 3, Census Tract 3904.04, Marion County, Indiana",1889,501
1500000US180973904051,180973904051,"Block Group 1, Census Tract 3904.05, Marion County, Indiana",1664,272
1500000US180973904052,180973904052,"Block Group 2, Census Tract 3904.05, Marion County, Indiana",2420,386
1500000US180973905001,180973905001,"Block Group 1, Census Tract 3905, Marion County, Indiana",459,133
1500000US180973905002,180973905002,"Block Group 2, Census Tract 3905, Marion County, Indiana",1786,283
1500000US180973906001,180973906001,"Block Group 1, Census Tract 3906, Marion County, Indiana",2849,373
1500000US180973906002,180973906002,"Block Group 2, Census Tract 3906, Marion County, Indiana",2815,598
1500000US180973907001,180973907001,"Block Group 1, Census Tract 3907, Marion County, Indiana",783,238
1500000US180973907002,180973907002,"Block Group 2, Census Tract 3907, Marion County, Indiana",665,260
1500000US180973907003,180973907003,"Block Group 3, Census Tract 3907, Marion County, Indiana",1315,479
1500000US180973908001,180973908001,"Block Group 1, Census Tract 3908, Marion County, Indiana",2727,391
1500000US180973908002,180973908002,"Block Group 2, Census Tract 3908, Marion County, Indiana",1566,542
1500000US180973909001,180973909001,"Block Group 1, Census Tract 3909, Marion County, Indiana",1354,273
1500000US180973909002,180973909002,"Block Group 2, Census Tract 3909, Marion County, Indiana",597,204
1500000US180973909003,180973909003,"Block Group 3, Census Tract 3909, Marion County, Indiana",642,196
1500000US180973910001,180973910001,"Block Group 1, Census Tract 3910, Marion County, Indiana",2593,419
1500000US180973910002,180973910002,"Block Group 2, Census Tract 3910, Marion County, Indiana",729,246
1500000US180973910003,180973910003,"Block Group 3, Census Tract 3910, Marion County, Indiana",2472,443
