GEO.id,GEO.id2,GEO.display-label,HD01_VD01,HD02_VD01
Id,Id2,Geography,Estimate; Total,Margin of Error; Total
1500000US420912001031,420912001031,"Block Group 1, Census Tract 2001.03, Montgomery County, Pennsylvania",2002,235
1500000US420912001032,420912001032,"Block Group 2, Census Tract 2001.03, Montgomery County, Pennsylvania",2131,260
1500000US420912001041,420912001041,"Block Group 1, Census Tract 2001.04, Montgomery County, Pennsylvania",2334,258
1500000US420912001042,420912001042,"Block Group 2, Census Tract 2001.04, Montgomery County, Pennsylvania",1824,261
1500000US420912001051,420912001051,"Block Group 1, Census Tract 2001.05, Montgomery County, Pennsylvania",1189,186
1500000US420912001052,420912001052,"Block Group 2, Census Tract 2001.05, Montgomery County, Pennsylvania",761,145
1500000US420912001053,420912001053,"Block Group 3, Census Tract 2001.05, Montgomery County, Pennsylvania",847,134
1500000US420912001061,420912001061,"Block Group 1, Census Tract 2001.06, Montgomery County, Pennsylvania",1228,128
1500000US420912001062,420912001062,"Block Group 2, Census Tract 2001.06, Montgomery County, Pennsylvania",870,129
1500000US420912002001,420912002001,"Block Group 1, Census Tract 2002, Montgomery County, Pennsylvania",1362,123
1500000US420912003011,420912003011,"Block Group 1, Census Tract 2003.01, Montgomery County, Pennsylvania",1436,385
1500000US420912003012,420912003012,"Block Group 2, Census Tract 2003.01, Montgomery County, Pennsylvania",1955,493
1500000US420912003013,420912003013,"Block Group 3, Census Tract 2003.01, Montgomery County, Pennsylvania",2704,427
1500000US420912003051,420912003051,"Block Group 1, Census Tract 2003.05, Montgomery County, Pennsylvania",2138,159
1500000US420912003061,420912003061,"Block Group 1, Census Tract 2003.06, Montgomery County, Pennsylvania",1964,290
1500000US420912003062,420912003062,"Block Group 2, Census Tract 2003.06, Montgomery County, Pennsylvania",1465,244
1500000US420912003071,420912003071,"Block Group 1, Census Tract 2003.07, Montgomery County, Pennsylvania",1171,166
1500000US420912003072,420912003072,"Block Group 2, Census Tract 2003.07, Montgomery County, Pennsylvania",1804,221
1500000US420912003081,420912003081,"Block Group 1, Census Tract 2003.08, Montgomery County, Pennsylvania",1900,340
1500000US420912003082,420912003082,"Block Group 2, Census Tract 2003.08, Montgomery County, Pennsylvania",1282,283
1500000US420912003083,420912003083,"Block Group 3, Census Tract 2003.08, Montgomery County, Pennsylvania",919,185
1500000US420912003091,420912003091,"Block Group 1, Census Tract 2003.09, Montgomery County, Pennsylvania",960,224
1500000US420912003092,420912003092,"Block Group 2, Census Tract 2003.09, Montgomery County, Pennsylvania",1049,136
1500000US420912003093,420912003093,"Block Group 3, Census Tract 2003.09, Montgomery County, Pennsylvania",857,121
1500000US420912003101,420912003101,"Block Group 1, Census Tract 2003.10, Montgomery County, Pennsylvania",868,210
1500000US420912003102,420912003102,"Block Group 2, Census Tract 2003.10, Montgomery County, Pennsylvania",780,209
1500000US420912003103,420912003103,"Block Group 3, Census Tract 2003.10, Montgomery County, Pennsylvania",934,217
1500000US420912004011,420912004011,"Block Group 1, Census Tract 2004.01, Montgomery County, Pennsylvania",1359,223
1500000US420912004012,420912004012,"Block Group 2, Census Tract 2004.01, Montgomery County, Pennsylvania",1324,202
1500000US420912004013,420912004013,"Block Group 3, Census Tract 2004.01, Montgomery County, Pennsylvania",603,176
1500000US420912004021,420912004021,"Block Group 1, Census Tract 2004.02, Montgomery County, Pennsylvania",1188,233
1500000US420912004022,420912004022,"Block Group 2, Census Tract 2004.02, Montgomery County, Pennsylvania",1822,300
1500000US420912004023,420912004023,"Block Group 3, Census Tract 2004.02, Montgomery County, Pennsylvania",1140,222
1500000US420912005011,420912005011,"Block Group 1, Census Tract 2005.01, Montgomery County, Pennsylvania",1436,292
1500000US420912005012,420912005012,"Block Group 2, Census Tract 2005.01, Montgomery County, Pennsylvania",1099,243
1500000US420912005013,420912005013,"Block Group 3, Census Tract 2005.01, Montgomery County, Pennsylvania",1602,397
1500000US420912005021,420912005021,"Block Group 1, Census Tract 2005.02, Montgomery County, Pennsylvania",1928,334
1500000US420912005022,420912005022,"Block Group 2, Census Tract 2005.02, Montgomery County, Pennsylvania",875,238
1500000US420912005023,420912005023,"Block Group 3, Census Tract 2005.02, Montgomery County, Pennsylvania",1601,451
1500000US420912005024,420912005024,"Block Group 4, Census Tract 2005.02, Montgomery County, Pennsylvania",773,259
1500000US420912005051,420912005051,"Block Group 1, Census Tract 2005.05, Montgomery County, Pennsylvania",2003,490
1500000US420912005052,420912005052,"Block Group 2, Census Tract 2005.05, Montgomery County, Pennsylvania",2420,434
1500000US420912005053,420912005053,"Block Group 3, Census Tract 2005.05, Montgomery County, Pennsylvania",2967,509
1500000US420912005061,420912005061,"Block Group 1, Census Tract 2005.06, Montgomery County, Pennsylvania",1653,232
1500000US420912005062,420912005062,"Block Group 2, Census Tract 2005.06, Montgomery County, Pennsylvania",2807,260
1500000US420912005071,420912005071,"Block Group 1, Census Tract 2005.07, Montgomery County, Pennsylvania",1732,315
1500000US420912005072,420912005072,"Block Group 2, Census Tract 2005.07, Montgomery County, Pennsylvania",2459,289
1500000US420912005073,420912005073,"Block Group 3, Census Tract 2005.07, Montgomery County, Pennsylvania",1114,265
1500000US420912006021,420912006021,"Block Group 1, Census Tract 2006.02, Montgomery County, Pennsylvania",3616,439
1500000US420912006022,420912006022,"Block Group 2, Census Tract 2006.02, Montgomery County, Pennsylvania",1576,319
1500000US420912006023,420912006023,"Block Group 3, Census Tract 2006.02, Montgomery County, Pennsylvania",1455,327
1500000US420912006024,420912006024,"Block Group 4, Census Tract 2006.02, Montgomery County, Pennsylvania",2077,580
1500000US420912006031,420912006031,"Block Group 1, Census Tract 2006.03, Montgomery County, Pennsylvania",1771,243
1500000US420912006032,420912006032,"Block Group 2, Census Tract 2006.03, Montgomery County, Pennsylvania",1616,166
1500000US420912006051,420912006051,"Block Group 1, Census Tract 2006.05, Montgomery County, Pennsylvania",1382,223
1500000US420912006052,420912006052,"Block Group 2, Census Tract 2006.05, Montgomery County, Pennsylvania",2353,385
1500000US420912006053,420912006053,"Block Group 3, Census Tract 2006.05, Montgomery County, Pennsylvania",2454,621
1500000US420912006061,420912006061,"Block Group 1, Census Tract 2006.06, Montgomery County, Pennsylvania",2367,242
1500000US420912006062,420912006062,"Block Group 2, Census Tract 2006.06, Montgomery County, Pennsylvania",888,199
1500000US420912006071,420912006071,"Block Group 1, Census Tract 2006.07, Montgomery County, Pennsylvania",2112,250
1500000US420912006072,420912006072,"Block Group 2, Census Tract 2006.07, Montgomery County, Pennsylvania",2223,221
1500000US420912007031,420912007031,"Block Group 1, Census Tract 2007.03, Montgomery County, Pennsylvania",1955,369
1500000US420912007032,420912007032,"Block Group 2, Census Tract 2007.03, Montgomery County, Pennsylvania",2310,360
1500000US420912007041,420912007041,"Block Group 1, Census Tract 2007.04, Montgomery County, Pennsylvania",1228,260
1500000US420912007042,420912007042,"Block Group 2, Census Tract 2007.04, Montgomery County, Pennsylvania",954,196
1500000US420912007043,420912007043,"Block Group 3, Census Tract 2007.04, Montgomery County, Pennsylvania",1487,219
1500000US420912007071,420912007071,"Block Group 1, Census Tract 2007.07, Montgomery County, Pennsylvania",2232,325
1500000US420912007072,420912007072,"Block Group 2, Census Tract 2007.07, Montgomery County, Pennsylvania",1805,238
1500000US420912007081,420912007081,"Block Group 1, Census Tract 2007.08, Montgomery County, Pennsylvania",1584,305
1500000US420912007082,420912007082,"Block Group 2, Census Tract 2007.08, Montgomery County, Pennsylvania",2890,471
1500000US420912007083,420912007083,"Block Group 3, Census Tract 2007.08, Montgomery County, Pennsylvania",1102,280
1500000US420912008001,420912008001,"Block Group 1, Census Tract 2008, Montgomery County, Pennsylvania",1242,240
1500000US420912008002,420912008002,"Block Group 2, Census Tract 2008, Montgomery County, Pennsylvania",2078,243
1500000US420912009011,420912009011,"Block Group 1, Census Tract 2009.01, Montgomery County, Pennsylvania",1726,328
1500000US420912009012,420912009012,"Block Group 2, Census Tract 2009.01, Montgomery County, Pennsylvania",1257,275
1500000US420912009013,420912009013,"Block Group 3, Census Tract 2009.01, Montgomery County, Pennsylvania",1290,246
1500000US420912009021,420912009021,"Block Group 1, Census Tract 2009.02, Montgomery County, Pennsylvania",1199,120
1500000US420912009031,420912009031,"Block Group 1, Census Tract 2009.03, Montgomery County, Pennsylvania",1921,402
1500000US420912009032,420912009032,"Block Group 2, Census Tract 2009.03, Montgomery County, Pennsylvania",1336,270
1500000US420912009033,420912009033,"Block Group 3, Census Tract 2009.03, Montgomery County, Pennsylvania",1410,271
1500000US420912009061,420912009061,"Block Group 1, Census Tract 2009.06, Montgomery County, Pennsylvania",1835,177
1500000US420912009071,420912009071,"Block Group 1, Census Tract 2009.07, Montgomery County, Pennsylvania",811,178
1500000US420912009072,420912009072,"Block Group 2, Census Tract 2009.07, Montgomery County, Pennsylvania",973,210
1500000US420912009073,420912009073,"Block Group 3, Census Tract 2009.07, Montgomery County, Pennsylvania",622,165
1500000US420912009081,420912009081,"Block Group 1, Census Tract 2009.08, Montgomery County, Pennsylvania",1286,145
1500000US420912009082,420912009082,"Block Group 2, Census Tract 2009.08, Montgomery County, Pennsylvania",840,131
1500000US420912010031,420912010031,"Block Group 1, Census Tract 2010.03, Montgomery County, Pennsylvania",744,287
1500000US420912010032,420912010032,"Block Group 2, Census Tract 2010.03, Montgomery County, Pennsylvania",1382,334
1500000US420912010033,420912010033,"Block Group 3, Census Tract 2010.03, Montgomery County, Pennsylvania",2759,270
1500000US420912010041,420912010041,"Block Group 1, Census Tract 2010.04, Montgomery County, Pennsylvania",2813,340
1500000US420912010042,420912010042,"Block Group 2, Census Tract 2010.04, Montgomery County, Pennsylvania",2576,327
1500000US420912010051,420912010051,"Block Group 1, Census Tract 2010.05, Montgomery County, Pennsylvania",2343,169
1500000US420912010052,420912010052,"Block Group 2, Census Tract 2010.05, Montgomery County, Pennsylvania",1038,156
1500000US420912010061,420912010061,"Block Group 1, Census Tract 2010.06, Montgomery County, Pennsylvania",2233,127
1500000US420912011001,420912011001,"Block Group 1, Census Tract 2011, Montgomery County, Pennsylvania",339,131
1500000US420912011002,420912011002,"Block Group 2, Census Tract 2011, Montgomery County, Pennsylvania",1499,255
1500000US420912011003,420912011003,"Block Group 3, Census Tract 2011, Montgomery County, Pennsylvania",1412,244
1500000US420912012011,420912012011,"Block Group 1, Census Tract 2012.01, Montgomery County, Pennsylvania",2272,345
1500000US420912012012,420912012012,"Block Group 2, Census Tract 2012.01, Montgomery County, Pennsylvania",2303,486
1500000US420912012013,420912012013,"Block Group 3, Census Tract 2012.01, Montgomery County, Pennsylvania",1710,381
1500000US420912012031,420912012031,"Block Group 1, Census Tract 2012.03, Montgomery County, Pennsylvania",1885,218
1500000US420912012032,420912012032,"Block Group 2, Census Tract 2012.03, Montgomery County, Pennsylvania",1301,201
1500000US420912012041,420912012041,"Block Group 1, Census Tract 2012.04, Montgomery County, Pennsylvania",1059,136
1500000US420912012042,420912012042,"Block Group 2, Census Tract 2012.04, Montgomery County, Pennsylvania",989,126
1500000US420912013011,420912013011,"Block Group 1, Census Tract 2013.01, Montgomery County, Pennsylvania",1567,269
1500000US420912013012,420912013012,"Block Group 2, Census Tract 2013.01, Montgomery County, Pennsylvania",844,271
1500000US420912013013,420912013013,"Block Group 3, Census Tract 2013.01, Montgomery County, Pennsylvania",1081,259
1500000US420912013021,420912013021,"Block Group 1, Census Tract 2013.02, Montgomery County, Pennsylvania",819,213
1500000US420912013022,420912013022,"Block Group 2, Census Tract 2013.02, Montgomery County, Pennsylvania",1420,270
1500000US420912013023,420912013023,"Block Group 3, Census Tract 2013.02, Montgomery County, Pennsylvania",794,346
1500000US420912014041,420912014041,"Block Group 1, Census Tract 2014.04, Montgomery County, Pennsylvania",819,196
1500000US420912014042,420912014042,"Block Group 2, Census Tract 2014.04, Montgomery County, Pennsylvania",2315,261
1500000US420912014043,420912014043,"Block Group 3, Census Tract 2014.04, Montgomery County, Pennsylvania",1605,204
1500000US420912014061,420912014061,"Block Group 1, Census Tract 2014.06, Montgomery County, Pennsylvania",2068,241
1500000US420912014062,420912014062,"Block Group 2, Census Tract 2014.06, Montgomery County, Pennsylvania",2518,220
1500000US420912014071,420912014071,"Block Group 1, Census Tract 2014.07, Montgomery County, Pennsylvania",648,120
1500000US420912014072,420912014072,"Block Group 2, Census Tract 2014.07, Montgomery County, Pennsylvania",706,136
1500000US420912014073,420912014073,"Block Group 3, Census Tract 2014.07, Montgomery County, Pennsylvania",1295,205
1500000US420912014081,420912014081,"Block Group 1, Census Tract 2014.08, Montgomery County, Pennsylvania",2034,220
1500000US420912014082,420912014082,"Block Group 2, Census Tract 2014.08, Montgomery County, Pennsylvania",951,150
1500000US420912014083,420912014083,"Block Group 3, Census Tract 2014.08, Montgomery County, Pennsylvania",1304,183
1500000US420912014091,420912014091,"Block Group 1, Census Tract 2014.09, Montgomery County, Pennsylvania",3248,272
1500000US420912014092,420912014092,"Block Group 2, Census Tract 2014.09, Montgomery County, Pennsylvania",1346,215
1500000US420912014101,420912014101,"Block Group 1, Census Tract 2014.10, Montgomery County, Pennsylvania",2610,170
1500000US420912014111,420912014111,"Block Group 1, Census Tract 2014.11, Montgomery County, Pennsylvania",1067,137
1500000US420912014112,420912014112,"Block Group 2, Census Tract 2014.11, Montgomery County, Pennsylvania",1658,182
1500000US420912015011,420912015011,"Block Group 1, Census Tract 2015.01, Montgomery County, Pennsylvania",1208,272
1500000US420912015012,420912015012,"Block Group 2, Census Tract 2015.01, Montgomery County, Pennsylvania",808,220
1500000US420912015013,420912015013,"Block Group 3, Census Tract 2015.01, Montgomery County, Pennsylvania",1607,268
1500000US420912015021,420912015021,"Block Group 1, Census Tract 2015.02, Montgomery County, Pennsylvania",686,107
1500000US420912015022,420912015022,"Block Group 2, Census Tract 2015.02, Montgomery County, Pennsylvania",1233,113
1500000US420912016031,420912016031,"Block Group 1, Census Tract 2016.03, Montgomery County, Pennsylvania",864,201
1500000US420912016032,420912016032,"Block Group 2, Census Tract 2016.03, Montgomery County, Pennsylvania",674,156
1500000US420912016033,420912016033,"Block Group 3, Census Tract 2016.03, Montgomery County, Pennsylvania",576,229
1500000US420912016034,420912016034,"Block Group 4, Census Tract 2016.03, Montgomery County, Pennsylvania",853,276
1500000US420912016035,420912016035,"Block Group 5, Census Tract 2016.03, Montgomery County, Pennsylvania",1313,237
1500000US420912016041,420912016041,"Block Group 1, Census Tract 2016.04, Montgomery County, Pennsylvania",1209,345
1500000US420912016042,420912016042,"Block Group 2, Census Tract 2016.04, Montgomery County, Pennsylvania",1860,411
1500000US420912016051,420912016051,"Block Group 1, Census Tract 2016.05, Montgomery County, Pennsylvania",918,197
1500000US420912016052,420912016052,"Block Group 2, Census Tract 2016.05, Montgomery County, Pennsylvania",1167,212
1500000US420912016053,420912016053,"Block Group 3, Census Tract 2016.05, Montgomery County, Pennsylvania",809,238
1500000US420912016061,420912016061,"Block Group 1, Census Tract 2016.06, Montgomery County, Pennsylvania",1042,229
1500000US420912016062,420912016062,"Block Group 2, Census Tract 2016.06, Montgomery County, Pennsylvania",1493,268
1500000US420912016071,420912016071,"Block Group 1, Census Tract 2016.07, Montgomery County, Pennsylvania",720,273
1500000US420912016072,420912016072,"Block Group 2, Census Tract 2016.07, Montgomery County, Pennsylvania",1534,360
1500000US420912016073,420912016073,"Block Group 3, Census Tract 2016.07, Montgomery County, Pennsylvania",518,141
1500000US420912016074,420912016074,"Block Group 4, Census Tract 2016.07, Montgomery County, Pennsylvania",822,195
1500000US420912016081,420912016081,"Block Group 1, Census Tract 2016.08, Montgomery County, Pennsylvania",954,169
1500000US420912016082,420912016082,"Block Group 2, Census Tract 2016.08, Montgomery County, Pennsylvania",1341,297
1500000US420912016083,420912016083,"Block Group 3, Census Tract 2016.08, Montgomery County, Pennsylvania",1268,328
1500000US420912016084,420912016084,"Block Group 4, Census Tract 2016.08, Montgomery County, Pennsylvania",1077,262
1500000US420912017031,420912017031,"Block Group 1, Census Tract 2017.03, Montgomery County, Pennsylvania",1780,270
1500000US420912017032,420912017032,"Block Group 2, Census Tract 2017.03, Montgomery County, Pennsylvania",1392,259
1500000US420912017041,420912017041,"Block Group 1, Census Tract 2017.04, Montgomery County, Pennsylvania",1977,215
1500000US420912017042,420912017042,"Block Group 2, Census Tract 2017.04, Montgomery County, Pennsylvania",1296,233
1500000US420912017051,420912017051,"Block Group 1, Census Tract 2017.05, Montgomery County, Pennsylvania",1287,228
1500000US420912017052,420912017052,"Block Group 2, Census Tract 2017.05, Montgomery County, Pennsylvania",1890,262
1500000US420912017053,420912017053,"Block Group 3, Census Tract 2017.05, Montgomery County, Pennsylvania",1213,239
1500000US420912017061,420912017061,"Block Group 1, Census Tract 2017.06, Montgomery County, Pennsylvania",1667,335
1500000US420912017062,420912017062,"Block Group 2, Census Tract 2017.06, Montgomery County, Pennsylvania",1099,224
1500000US420912017063,420912017063,"Block Group 3, Census Tract 2017.06, Montgomery County, Pennsylvania",2002,353
1500000US420912018001,420912018001,"Block Group 1, Census Tract 2018, Montgomery County, Pennsylvania",799,165
1500000US420912018002,420912018002,"Block Group 2, Census Tract 2018, Montgomery County, Pennsylvania",910,228
1500000US420912018003,420912018003,"Block Group 3, Census Tract 2018, Montgomery County, Pennsylvania",1363,244
1500000US420912019011,420912019011,"Block Group 1, Census Tract 2019.01, Montgomery County, Pennsylvania",672,189
1500000US420912019012,420912019012,"Block Group 2, Census Tract 2019.01, Montgomery County, Pennsylvania",1767,256
1500000US420912019013,420912019013,"Block Group 3, Census Tract 2019.01, Montgomery County, Pennsylvania",1587,248
1500000US420912019014,420912019014,"Block Group 4, Census Tract 2019.01, Montgomery County, Pennsylvania",917,178
1500000US420912019021,420912019021,"Block Group 1, Census Tract 2019.02, Montgomery County, Pennsylvania",1334,341
1500000US420912019022,420912019022,"Block Group 2, Census Tract 2019.02, Montgomery County, Pennsylvania",1018,249
1500000US420912019023,420912019023,"Block Group 3, Census Tract 2019.02, Montgomery County, Pennsylvania",1603,272
1500000US420912019024,420912019024,"Block Group 4, Census Tract 2019.02, Montgomery County, Pennsylvania",614,192
1500000US420912019025,420912019025,"Block Group 5, Census Tract 2019.02, Montgomery County, Pennsylvania",908,275
1500000US420912020001,420912020001,"Block Group 1, Census Tract 2020, Montgomery County, Pennsylvania",787,111
1500000US420912020002,420912020002,"Block Group 2, Census Tract 2020, Montgomery County, Pennsylvania",1757,116
1500000US420912021001,420912021001,"Block Group 1, Census Tract 2021, Montgomery County, Pennsylvania",964,322
1500000US420912021002,420912021002,"Block Group 2, Census Tract 2021, Montgomery County, Pennsylvania",1221,281
1500000US420912021003,420912021003,"Block Group 3, Census Tract 2021, Montgomery County, Pennsylvania",1633,343
1500000US420912021004,420912021004,"Block Group 4, Census Tract 2021, Montgomery County, Pennsylvania",633,233
1500000US420912022011,420912022011,"Block Group 1, Census Tract 2022.01, Montgomery County, Pennsylvania",1071,292
1500000US420912022012,420912022012,"Block Group 2, Census Tract 2022.01, Montgomery County, Pennsylvania",1204,264
1500000US420912022013,420912022013,"Block Group 3, Census Tract 2022.01, Montgomery County, Pennsylvania",1741,344
1500000US420912022014,420912022014,"Block Group 4, Census Tract 2022.01, Montgomery County, Pennsylvania",1139,246
1500000US420912022021,420912022021,"Block Group 1, Census Tract 2022.02, Montgomery County, Pennsylvania",1019,207
1500000US420912022022,420912022022,"Block Group 2, Census Tract 2022.02, Montgomery County, Pennsylvania",1182,173
1500000US420912022023,420912022023,"Block Group 3, Census Tract 2022.02, Montgomery County, Pennsylvania",1035,192
1500000US420912023011,420912023011,"Block Group 1, Census Tract 2023.01, Montgomery County, Pennsylvania",1033,228
1500000US420912023012,420912023012,"Block Group 2, Census Tract 2023.01, Montgomery County, Pennsylvania",1457,349
1500000US420912023013,420912023013,"Block Group 3, Census Tract 2023.01, Montgomery County, Pennsylvania",1287,287
1500000US420912023014,420912023014,"Block Group 4, Census Tract 2023.01, Montgomery County, Pennsylvania",803,284
1500000US420912023021,420912023021,"Block Group 1, Census Tract 2023.02, Montgomery County, Pennsylvania",1321,146
1500000US420912023022,420912023022,"Block Group 2, Census Tract 2023.02, Montgomery County, Pennsylvania",816,126
1500000US420912024011,420912024011,"Block Group 1, Census Tract 2024.01, Montgomery County, Pennsylvania",1671,308
1500000US420912024012,420912024012,"Block Group 2, Census Tract 2024.01, Montgomery County, Pennsylvania",2004,311
1500000US420912024021,420912024021,"Block Group 1, Census Tract 2024.02, Montgomery County, Pennsylvania",500,118
1500000US420912024022,420912024022,"Block Group 2, Census Tract 2024.02, Montgomery County, Pennsylvania",698,199
1500000US420912024023,420912024023,"Block Group 3, Census Tract 2024.02, Montgomery County, Pennsylvania",1500,256
1500000US420912024024,420912024024,"Block Group 4, Census Tract 2024.02, Montgomery County, Pennsylvania",824,233
1500000US420912024025,420912024025,"Block Group 5, Census Tract 2024.02, Montgomery County, Pennsylvania",1200,268
1500000US420912025001,420912025001,"Block Group 1, Census Tract 2025, Montgomery County, Pennsylvania",801,273
1500000US420912025002,420912025002,"Block Group 2, Census Tract 2025, Montgomery County, Pennsylvania",1999,441
1500000US420912025003,420912025003,"Block Group 3, Census Tract 2025, Montgomery County, Pennsylvania",894,295
1500000US420912025004,420912025004,"Block Group 4, Census Tract 2025, Montgomery County, Pennsylvania",1872,606
1500000US420912026021,420912026021,"Block Group 1, Census Tract 2026.02, Montgomery County, Pennsylvania",1504,234
1500000US420912026022,420912026022,"Block Group 2, Census Tract 2026.02, Montgomery County, Pennsylvania",1110,144
1500000US420912026031,420912026031,"Block Group 1, Census Tract 2026.03, Montgomery County, Pennsylvania",696,228
1500000US420912026032,420912026032,"Block Group 2, Census Tract 2026.03, Montgomery County, Pennsylvania",1442,263
1500000US420912026033,420912026033,"Block Group 3, Census Tract 2026.03, Montgomery County, Pennsylvania",1088,274
1500000US420912026041,420912026041,"Block Group 1, Census Tract 2026.04, Montgomery County, Pennsylvania",1325,151
1500000US420912026042,420912026042,"Block Group 2, Census Tract 2026.04, Montgomery County, Pennsylvania",936,150
1500000US420912030001,420912030001,"Block Group 1, Census Tract 2030, Montgomery County, Pennsylvania",1320,231
1500000US420912030002,420912030002,"Block Group 2, Census Tract 2030, Montgomery County, Pennsylvania",1816,203
1500000US420912031031,420912031031,"Block Group 1, Census Tract 2031.03, Montgomery County, Pennsylvania",1109,222
1500000US420912031032,420912031032,"Block Group 2, Census Tract 2031.03, Montgomery County, Pennsylvania",1912,197
1500000US420912031041,420912031041,"Block Group 1, Census Tract 2031.04, Montgomery County, Pennsylvania",1833,247
1500000US420912031042,420912031042,"Block Group 2, Census Tract 2031.04, Montgomery County, Pennsylvania",1020,172
1500000US420912031043,420912031043,"Block Group 3, Census Tract 2031.04, Montgomery County, Pennsylvania",1299,227
1500000US420912031051,420912031051,"Block Group 1, Census Tract 2031.05, Montgomery County, Pennsylvania",2551,351
1500000US420912031052,420912031052,"Block Group 2, Census Tract 2031.05, Montgomery County, Pennsylvania",1592,287
1500000US420912031053,420912031053,"Block Group 3, Census Tract 2031.05, Montgomery County, Pennsylvania",1155,314
1500000US420912031061,420912031061,"Block Group 1, Census Tract 2031.06, Montgomery County, Pennsylvania",1275,160
1500000US420912031062,420912031062,"Block Group 2, Census Tract 2031.06, Montgomery County, Pennsylvania",792,139
1500000US420912032031,420912032031,"Block Group 1, Census Tract 2032.03, Montgomery County, Pennsylvania",1892,267
1500000US420912032032,420912032032,"Block Group 2, Census Tract 2032.03, Montgomery County, Pennsylvania",1147,292
1500000US420912032033,420912032033,"Block Group 3, Census Tract 2032.03, Montgomery County, Pennsylvania",1116,244
1500000US420912032041,420912032041,"Block Group 1, Census Tract 2032.04, Montgomery County, Pennsylvania",700,238
1500000US420912032042,420912032042,"Block Group 2, Census Tract 2032.04, Montgomery County, Pennsylvania",912,259
1500000US420912032043,420912032043,"Block Group 3, Census Tract 2032.04, Montgomery County, Pennsylvania",3112,464
1500000US420912032044,420912032044,"Block Group 4, Census Tract 2032.04, Montgomery County, Pennsylvania",1920,288
1500000US420912032051,420912032051,"Block Group 1, Census Tract 2032.05, Montgomery County, Pennsylvania",459,131
1500000US420912032052,420912032052,"Block Group 2, Census Tract 2032.05, Montgomery County, Pennsylvania",683,112
1500000US420912032053,420912032053,"Block Group 3, Census Tract 2032.05, Montgomery County, Pennsylvania",971,141
1500000US420912032071,420912032071,"Block Group 1, Census Tract 2032.07, Montgomery County, Pennsylvania",1352,255
1500000US420912032072,420912032072,"Block Group 2, Census Tract 2032.07, Montgomery County, Pennsylvania",1341,233
1500000US420912032073,420912032073,"Block Group 3, Census Tract 2032.07, Montgomery County, Pennsylvania",695,162
1500000US420912032081,420912032081,"Block Group 1, Census Tract 2032.08, Montgomery County, Pennsylvania",880,196
1500000US420912032082,420912032082,"Block Group 2, Census Tract 2032.08, Montgomery County, Pennsylvania",1971,204
1500000US420912033021,420912033021,"Block Group 1, Census Tract 2033.02, Montgomery County, Pennsylvania",1836,358
1500000US420912033022,420912033022,"Block Group 2, Census Tract 2033.02, Montgomery County, Pennsylvania",2086,354
1500000US420912033023,420912033023,"Block Group 3, Census Tract 2033.02, Montgomery County, Pennsylvania",2359,394
1500000US420912033031,420912033031,"Block Group 1, Census Tract 2033.03, Montgomery County, Pennsylvania",1335,226
1500000US420912033032,420912033032,"Block Group 2, Census Tract 2033.03, Montgomery County, Pennsylvania",2651,256
1500000US420912033041,420912033041,"Block Group 1, Census Tract 2033.04, Montgomery County, Pennsylvania",1246,232
1500000US420912033042,420912033042,"Block Group 2, Census Tract 2033.04, Montgomery County, Pennsylvania",2533,289
1500000US420912034011,420912034011,"Block Group 1, Census Tract 2034.01, Montgomery County, Pennsylvania",2708,415
1500000US420912034012,420912034012,"Block Group 2, Census Tract 2034.01, Montgomery County, Pennsylvania",1472,311
1500000US420912034013,420912034013,"Block Group 3, Census Tract 2034.01, Montgomery County, Pennsylvania",1655,389
1500000US420912034021,420912034021,"Block Group 1, Census Tract 2034.02, Montgomery County, Pennsylvania",1457,341
1500000US420912034022,420912034022,"Block Group 2, Census Tract 2034.02, Montgomery County, Pennsylvania",2986,366
1500000US420912034023,420912034023,"Block Group 3, Census Tract 2034.02, Montgomery County, Pennsylvania",2214,378
1500000US420912034031,420912034031,"Block Group 1, Census Tract 2034.03, Montgomery County, Pennsylvania",1868,224
1500000US420912034032,420912034032,"Block Group 2, Census Tract 2034.03, Montgomery County, Pennsylvania",722,176
1500000US420912034033,420912034033,"Block Group 3, Census Tract 2034.03, Montgomery County, Pennsylvania",529,164
1500000US420912035001,420912035001,"Block Group 1, Census Tract 2035, Montgomery County, Pennsylvania",2902,534
1500000US420912035002,420912035002,"Block Group 2, Census Tract 2035, Montgomery County, Pennsylvania",1897,454
1500000US420912035003,420912035003,"Block Group 3, Census Tract 2035, Montgomery County, Pennsylvania",1362,484
1500000US420912035004,420912035004,"Block Group 4, Census Tract 2035, Montgomery County, Pennsylvania",307,229
1500000US420912036011,420912036011,"Block Group 1, Census Tract 2036.01, Montgomery County, Pennsylvania",430,234
1500000US420912036012,420912036012,"Block Group 2, Census Tract 2036.01, Montgomery County, Pennsylvania",1171,366
1500000US420912036013,420912036013,"Block Group 3, Census Tract 2036.01, Montgomery County, Pennsylvania",962,317
1500000US420912036014,420912036014,"Block Group 4, Census Tract 2036.01, Montgomery County, Pennsylvania",519,210
1500000US420912036021,420912036021,"Block Group 1, Census Tract 2036.02, Montgomery County, Pennsylvania",1093,263
1500000US420912036022,420912036022,"Block Group 2, Census Tract 2036.02, Montgomery County, Pennsylvania",756,203
1500000US420912036023,420912036023,"Block Group 3, Census Tract 2036.02, Montgomery County, Pennsylvania",957,232
1500000US420912036024,420912036024,"Block Group 4, Census Tract 2036.02, Montgomery County, Pennsylvania",1455,418
1500000US420912037001,420912037001,"Block Group 1, Census Tract 2037, Montgomery County, Pennsylvania",1784,295
1500000US420912038011,420912038011,"Block Group 1, Census Tract 2038.01, Montgomery County, Pennsylvania",1359,379
1500000US420912038012,420912038012,"Block Group 2, Census Tract 2038.01, Montgomery County, Pennsylvania",762,343
1500000US420912038013,420912038013,"Block Group 3, Census Tract 2038.01, Montgomery County, Pennsylvania",771,217
1500000US420912038014,420912038014,"Block Group 4, Census Tract 2038.01, Montgomery County, Pennsylvania",775,183
1500000US420912038031,420912038031,"Block Group 1, Census Tract 2038.03, Montgomery County, Pennsylvania",933,378
1500000US420912038032,420912038032,"Block Group 2, Census Tract 2038.03, Montgomery County, Pennsylvania",1116,364
1500000US420912038033,420912038033,"Block Group 3, Census Tract 2038.03, Montgomery County, Pennsylvania",679,274
1500000US420912038034,420912038034,"Block Group 4, Census Tract 2038.03, Montgomery County, Pennsylvania",1180,309
1500000US420912038035,420912038035,"Block Group 5, Census Tract 2038.03, Montgomery County, Pennsylvania",1708,451
1500000US420912038041,420912038041,"Block Group 1, Census Tract 2038.04, Montgomery County, Pennsylvania",1664,377
1500000US420912038042,420912038042,"Block Group 2, Census Tract 2038.04, Montgomery County, Pennsylvania",608,378
1500000US420912038043,420912038043,"Block Group 3, Census Tract 2038.04, Montgomery County, Pennsylvania",1171,313
1500000US420912039011,420912039011,"Block Group 1, Census Tract 2039.01, Montgomery County, Pennsylvania",565,234
1500000US420912039012,420912039012,"Block Group 2, Census Tract 2039.01, Montgomery County, Pennsylvania",1235,274
1500000US420912039013,420912039013,"Block Group 3, Census Tract 2039.01, Montgomery County, Pennsylvania",880,390
1500000US420912039014,420912039014,"Block Group 4, Census Tract 2039.01, Montgomery County, Pennsylvania",587,247
1500000US420912039021,420912039021,"Block Group 1, Census Tract 2039.02, Montgomery County, Pennsylvania",1770,381
1500000US420912039022,420912039022,"Block Group 2, Census Tract 2039.02, Montgomery County, Pennsylvania",693,284
1500000US420912039023,420912039023,"Block Group 3, Census Tract 2039.02, Montgomery County, Pennsylvania",630,256
1500000US420912040021,420912040021,"Block Group 1, Census Tract 2040.02, Montgomery County, Pennsylvania",1156,209
1500000US420912040022,420912040022,"Block Group 2, Census Tract 2040.02, Montgomery County, Pennsylvania",690,197
1500000US420912040023,420912040023,"Block Group 3, Census Tract 2040.02, Montgomery County, Pennsylvania",1734,302
1500000US420912040071,420912040071,"Block Group 1, Census Tract 2040.07, Montgomery County, Pennsylvania",699,108
1500000US420912040072,420912040072,"Block Group 2, Census Tract 2040.07, Montgomery County, Pennsylvania",1451,182
1500000US420912040081,420912040081,"Block Group 1, Census Tract 2040.08, Montgomery County, Pennsylvania",1604,192
1500000US420912040082,420912040082,"Block Group 2, Census Tract 2040.08, Montgomery County, Pennsylvania",1148,275
1500000US420912040091,420912040091,"Block Group 1, Census Tract 2040.09, Montgomery County, Pennsylvania",1792,168
1500000US420912040101,420912040101,"Block Group 1, Census Tract 2040.10, Montgomery County, Pennsylvania",1797,134
1500000US420912040102,420912040102,"Block Group 2, Census Tract 2040.10, Montgomery County, Pennsylvania",826,121
1500000US420912041011,420912041011,"Block Group 1, Census Tract 2041.01, Montgomery County, Pennsylvania",749,187
1500000US420912041012,420912041012,"Block Group 2, Census Tract 2041.01, Montgomery County, Pennsylvania",1025,211
1500000US420912041013,420912041013,"Block Group 3, Census Tract 2041.01, Montgomery County, Pennsylvania",477,159
1500000US420912041014,420912041014,"Block Group 4, Census Tract 2041.01, Montgomery County, Pennsylvania",642,165
1500000US420912041015,420912041015,"Block Group 5, Census Tract 2041.01, Montgomery County, Pennsylvania",986,211
1500000US420912041021,420912041021,"Block Group 1, Census Tract 2041.02, Montgomery County, Pennsylvania",2959,270
1500000US420912041022,420912041022,"Block Group 2, Census Tract 2041.02, Montgomery County, Pennsylvania",1147,198
1500000US420912042001,420912042001,"Block Group 1, Census Tract 2042, Montgomery County, Pennsylvania",543,74
1500000US420912042002,420912042002,"Block Group 2, Census Tract 2042, Montgomery County, Pennsylvania",758,87
1500000US420912043001,420912043001,"Block Group 1, Census Tract 2043, Montgomery County, Pennsylvania",1466,185
1500000US420912043002,420912043002,"Block Group 2, Census Tract 2043, Montgomery County, Pennsylvania",1227,192
1500000US420912044001,420912044001,"Block Group 1, Census Tract 2044, Montgomery County, Pennsylvania",682,168
1500000US420912044002,420912044002,"Block Group 2, Census Tract 2044, Montgomery County, Pennsylvania",984,163
1500000US420912044003,420912044003,"Block Group 3, Census Tract 2044, Montgomery County, Pennsylvania",843,169
1500000US420912044004,420912044004,"Block Group 4, Census Tract 2044, Montgomery County, Pennsylvania",613,162
1500000US420912045001,420912045001,"Block Group 1, Census Tract 2045, Montgomery County, Pennsylvania",758,143
1500000US420912045002,420912045002,"Block Group 2, Census Tract 2045, Montgomery County, Pennsylvania",1397,321
1500000US420912045003,420912045003,"Block Group 3, Census Tract 2045, Montgomery County, Pennsylvania",957,202
1500000US420912045004,420912045004,"Block Group 4, Census Tract 2045, Montgomery County, Pennsylvania",1650,268
1500000US420912046001,420912046001,"Block Group 1, Census Tract 2046, Montgomery County, Pennsylvania",1147,285
1500000US420912046002,420912046002,"Block Group 2, Census Tract 2046, Montgomery County, Pennsylvania",1185,243
1500000US420912046003,420912046003,"Block Group 3, Census Tract 2046, Montgomery County, Pennsylvania",538,121
1500000US420912046004,420912046004,"Block Group 4, Census Tract 2046, Montgomery County, Pennsylvania",961,173
1500000US420912046005,420912046005,"Block Group 5, Census Tract 2046, Montgomery County, Pennsylvania",732,130
1500000US420912047011,420912047011,"Block Group 1, Census Tract 2047.01, Montgomery County, Pennsylvania",1111,194
1500000US420912047012,420912047012,"Block Group 2, Census Tract 2047.01, Montgomery County, Pennsylvania",949,143
1500000US420912047021,420912047021,"Block Group 1, Census Tract 2047.02, Montgomery County, Pennsylvania",1035,145
1500000US420912047022,420912047022,"Block Group 2, Census Tract 2047.02, Montgomery County, Pennsylvania",1390,213
1500000US420912047023,420912047023,"Block Group 3, Census Tract 2047.02, Montgomery County, Pennsylvania",851,180
1500000US420912048001,420912048001,"Block Group 1, Census Tract 2048, Montgomery County, Pennsylvania",1212,232
1500000US420912048002,420912048002,"Block Group 2, Census Tract 2048, Montgomery County, Pennsylvania",1940,261
1500000US420912048003,420912048003,"Block Group 3, Census Tract 2048, Montgomery County, Pennsylvania",1885,194
1500000US420912049001,420912049001,"Block Group 1, Census Tract 2049, Montgomery County, Pennsylvania",1323,231
1500000US420912049002,420912049002,"Block Group 2, Census Tract 2049, Montgomery County, Pennsylvania",1719,206
1500000US420912049003,420912049003,"Block Group 3, Census Tract 2049, Montgomery County, Pennsylvania",1081,249
1500000US420912049004,420912049004,"Block Group 4, Census Tract 2049, Montgomery County, Pennsylvania",1137,196
1500000US420912050001,420912050001,"Block Group 1, Census Tract 2050, Montgomery County, Pennsylvania",2484,161
1500000US420912051001,420912051001,"Block Group 1, Census Tract 2051, Montgomery County, Pennsylvania",1096,196
1500000US420912051002,420912051002,"Block Group 2, Census Tract 2051, Montgomery County, Pennsylvania",539,110
1500000US420912052001,420912052001,"Block Group 1, Census Tract 2052, Montgomery County, Pennsylvania",1237,149
1500000US420912052002,420912052002,"Block Group 2, Census Tract 2052, Montgomery County, Pennsylvania",837,139
1500000US420912052003,420912052003,"Block Group 3, Census Tract 2052, Montgomery County, Pennsylvania",803,139
1500000US420912053001,420912053001,"Block Group 1, Census Tract 2053, Montgomery County, Pennsylvania",815,135
1500000US420912053002,420912053002,"Block Group 2, Census Tract 2053, Montgomery County, Pennsylvania",1329,204
1500000US420912054001,420912054001,"Block Group 1, Census Tract 2054, Montgomery County, Pennsylvania",1340,211
1500000US420912054002,420912054002,"Block Group 2, Census Tract 2054, Montgomery County, Pennsylvania",2000,375
1500000US420912054003,420912054003,"Block Group 3, Census Tract 2054, Montgomery County, Pennsylvania",757,201
1500000US420912054004,420912054004,"Block Group 4, Census Tract 2054, Montgomery County, Pennsylvania",1080,297
1500000US420912054005,420912054005,"Block Group 5, Census Tract 2054, Montgomery County, Pennsylvania",986,225
1500000US420912055011,420912055011,"Block Group 1, Census Tract 2055.01, Montgomery County, Pennsylvania",778,184
1500000US420912055012,420912055012,"Block Group 2, Census Tract 2055.01, Montgomery County, Pennsylvania",718,155
1500000US420912055013,420912055013,"Block Group 3, Census Tract 2055.01, Montgomery County, Pennsylvania",1449,354
1500000US420912055014,420912055014,"Block Group 4, Census Tract 2055.01, Montgomery County, Pennsylvania",932,223
1500000US420912055021,420912055021,"Block Group 1, Census Tract 2055.02, Montgomery County, Pennsylvania",829,155
1500000US420912055022,420912055022,"Block Group 2, Census Tract 2055.02, Montgomery County, Pennsylvania",820,176
1500000US420912055023,420912055023,"Block Group 3, Census Tract 2055.02, Montgomery County, Pennsylvania",1075,184
1500000US420912055024,420912055024,"Block Group 4, Census Tract 2055.02, Montgomery County, Pennsylvania",923,168
1500000US420912055031,420912055031,"Block Group 1, Census Tract 2055.03, Montgomery County, Pennsylvania",1850,225
1500000US420912055032,420912055032,"Block Group 2, Census Tract 2055.03, Montgomery County, Pennsylvania",1553,211
1500000US420912055033,420912055033,"Block Group 3, Census Tract 2055.03, Montgomery County, Pennsylvania",1497,189
1500000US420912056001,420912056001,"Block Group 1, Census Tract 2056, Montgomery County, Pennsylvania",1749,241
1500000US420912056002,420912056002,"Block Group 2, Census Tract 2056, Montgomery County, Pennsylvania",739,166
1500000US420912056003,420912056003,"Block Group 3, Census Tract 2056, Montgomery County, Pennsylvania",792,180
1500000US420912056004,420912056004,"Block Group 4, Census Tract 2056, Montgomery County, Pennsylvania",1050,191
1500000US420912057001,420912057001,"Block Group 1, Census Tract 2057, Montgomery County, Pennsylvania",383,155
1500000US420912057002,420912057002,"Block Group 2, Census Tract 2057, Montgomery County, Pennsylvania",891,296
1500000US420912057003,420912057003,"Block Group 3, Census Tract 2057, Montgomery County, Pennsylvania",736,236
1500000US420912057004,420912057004,"Block Group 4, Census Tract 2057, Montgomery County, Pennsylvania",1046,294
1500000US420912057005,420912057005,"Block Group 5, Census Tract 2057, Montgomery County, Pennsylvania",1526,382
1500000US420912058011,420912058011,"Block Group 1, Census Tract 2058.01, Montgomery County, Pennsylvania",727,209
1500000US420912058012,420912058012,"Block Group 2, Census Tract 2058.01, Montgomery County, Pennsylvania",2388,250
1500000US420912058051,420912058051,"Block Group 1, Census Tract 2058.05, Montgomery County, Pennsylvania",1092,224
1500000US420912058052,420912058052,"Block Group 2, Census Tract 2058.05, Montgomery County, Pennsylvania",1091,240
1500000US420912058053,420912058053,"Block Group 3, Census Tract 2058.05, Montgomery County, Pennsylvania",1209,212
1500000US420912058061,420912058061,"Block Group 1, Census Tract 2058.06, Montgomery County, Pennsylvania",799,182
1500000US420912058062,420912058062,"Block Group 2, Census Tract 2058.06, Montgomery County, Pennsylvania",1415,188
1500000US420912058071,420912058071,"Block Group 1, Census Tract 2058.07, Montgomery County, Pennsylvania",1609,226
1500000US420912058081,420912058081,"Block Group 1, Census Tract 2058.08, Montgomery County, Pennsylvania",641,137
1500000US420912058082,420912058082,"Block Group 2, Census Tract 2058.08, Montgomery County, Pennsylvania",1794,245
1500000US420912058083,420912058083,"Block Group 3, Census Tract 2058.08, Montgomery County, Pennsylvania",2090,212
1500000US420912058084,420912058084,"Block Group 4, Census Tract 2058.08, Montgomery County, Pennsylvania",658,159
1500000US420912058091,420912058091,"Block Group 1, Census Tract 2058.09, Montgomery County, Pennsylvania",845,124
1500000US420912058092,420912058092,"Block Group 2, Census Tract 2058.09, Montgomery County, Pennsylvania",851,113
1500000US420912058093,420912058093,"Block Group 3, Census Tract 2058.09, Montgomery County, Pennsylvania",1129,142
1500000US420912059031,420912059031,"Block Group 1, Census Tract 2059.03, Montgomery County, Pennsylvania",2643,145
1500000US420912059041,420912059041,"Block Group 1, Census Tract 2059.04, Montgomery County, Pennsylvania",1299,116
1500000US420912059042,420912059042,"Block Group 2, Census Tract 2059.04, Montgomery County, Pennsylvania",922,108
1500000US420912059051,420912059051,"Block Group 1, Census Tract 2059.05, Montgomery County, Pennsylvania",1172,222
1500000US420912059052,420912059052,"Block Group 2, Census Tract 2059.05, Montgomery County, Pennsylvania",2418,271
1500000US420912059061,420912059061,"Block Group 1, Census Tract 2059.06, Montgomery County, Pennsylvania",640,187
1500000US420912059062,420912059062,"Block Group 2, Census Tract 2059.06, Montgomery County, Pennsylvania",1513,120
1500000US420912060041,420912060041,"Block Group 1, Census Tract 2060.04, Montgomery County, Pennsylvania",1116,252
1500000US420912060042,420912060042,"Block Group 2, Census Tract 2060.04, Montgomery County, Pennsylvania",4408,274
1500000US420912060043,420912060043,"Block Group 3, Census Tract 2060.04, Montgomery County, Pennsylvania",948,303
1500000US420912060051,420912060051,"Block Group 1, Census Tract 2060.05, Montgomery County, Pennsylvania",1704,299
1500000US420912060052,420912060052,"Block Group 2, Census Tract 2060.05, Montgomery County, Pennsylvania",1267,186
1500000US420912060053,420912060053,"Block Group 3, Census Tract 2060.05, Montgomery County, Pennsylvania",1308,224
1500000US420912060061,420912060061,"Block Group 1, Census Tract 2060.06, Montgomery County, Pennsylvania",703,135
1500000US420912060062,420912060062,"Block Group 2, Census Tract 2060.06, Montgomery County, Pennsylvania",2000,191
1500000US420912060071,420912060071,"Block Group 1, Census Tract 2060.07, Montgomery County, Pennsylvania",3526,564
1500000US420912060072,420912060072,"Block Group 2, Census Tract 2060.07, Montgomery County, Pennsylvania",3453,408
1500000US420912061021,420912061021,"Block Group 1, Census Tract 2061.02, Montgomery County, Pennsylvania",2029,433
1500000US420912061022,420912061022,"Block Group 2, Census Tract 2061.02, Montgomery County, Pennsylvania",1795,403
1500000US420912061023,420912061023,"Block Group 3, Census Tract 2061.02, Montgomery County, Pennsylvania",2066,473
1500000US420912061024,420912061024,"Block Group 4, Census Tract 2061.02, Montgomery County, Pennsylvania",3193,529
1500000US420912061041,420912061041,"Block Group 1, Census Tract 2061.04, Montgomery County, Pennsylvania",3178,125
1500000US420912061051,420912061051,"Block Group 1, Census Tract 2061.05, Montgomery County, Pennsylvania",1316,247
1500000US420912061052,420912061052,"Block Group 2, Census Tract 2061.05, Montgomery County, Pennsylvania",4604,236
1500000US420912061061,420912061061,"Block Group 1, Census Tract 2061.06, Montgomery County, Pennsylvania",970,215
1500000US420912061062,420912061062,"Block Group 2, Census Tract 2061.06, Montgomery County, Pennsylvania",2602,377
1500000US420912061063,420912061063,"Block Group 3, Census Tract 2061.06, Montgomery County, Pennsylvania",1376,239
1500000US420912062011,420912062011,"Block Group 1, Census Tract 2062.01, Montgomery County, Pennsylvania",1044,166
1500000US420912062012,420912062012,"Block Group 2, Census Tract 2062.01, Montgomery County, Pennsylvania",1311,168
1500000US420912062021,420912062021,"Block Group 1, Census Tract 2062.02, Montgomery County, Pennsylvania",657,205
1500000US420912062022,420912062022,"Block Group 2, Census Tract 2062.02, Montgomery County, Pennsylvania",1776,202
1500000US420912063001,420912063001,"Block Group 1, Census Tract 2063, Montgomery County, Pennsylvania",2174,228
1500000US420912063002,420912063002,"Block Group 2, Census Tract 2063, Montgomery County, Pennsylvania",976,163
1500000US420912063003,420912063003,"Block Group 3, Census Tract 2063, Montgomery County, Pennsylvania",1230,213
1500000US420912063004,420912063004,"Block Group 4, Census Tract 2063, Montgomery County, Pennsylvania",841,134
1500000US420912064001,420912064001,"Block Group 1, Census Tract 2064, Montgomery County, Pennsylvania",1658,186
1500000US420912064002,420912064002,"Block Group 2, Census Tract 2064, Montgomery County, Pennsylvania",1893,184
1500000US420912065011,420912065011,"Block Group 1, Census Tract 2065.01, Montgomery County, Pennsylvania",4401,163
1500000US420912065021,420912065021,"Block Group 1, Census Tract 2065.02, Montgomery County, Pennsylvania",2508,291
1500000US420912065022,420912065022,"Block Group 2, Census Tract 2065.02, Montgomery County, Pennsylvania",2296,273
1500000US420912066001,420912066001,"Block Group 1, Census Tract 2066, Montgomery County, Pennsylvania",1456,92
1500000US420912067021,420912067021,"Block Group 1, Census Tract 2067.02, Montgomery County, Pennsylvania",3460,179
1500000US420912067031,420912067031,"Block Group 1, Census Tract 2067.03, Montgomery County, Pennsylvania",4087,258
1500000US420912067041,420912067041,"Block Group 1, Census Tract 2067.04, Montgomery County, Pennsylvania",5201,435
1500000US420912067042,420912067042,"Block Group 2, Census Tract 2067.04, Montgomery County, Pennsylvania",2068,322
1500000US420912068011,420912068011,"Block Group 1, Census Tract 2068.01, Montgomery County, Pennsylvania",4339,431
1500000US420912068012,420912068012,"Block Group 2, Census Tract 2068.01, Montgomery County, Pennsylvania",2997,470
1500000US420912068021,420912068021,"Block Group 1, Census Tract 2068.02, Montgomery County, Pennsylvania",2972,171
1500000US420912069011,420912069011,"Block Group 1, Census Tract 2069.01, Montgomery County, Pennsylvania",697,118
1500000US420912069012,420912069012,"Block Group 2, Census Tract 2069.01, Montgomery County, Pennsylvania",1786,278
1500000US420912069013,420912069013,"Block Group 3, Census Tract 2069.01, Montgomery County, Pennsylvania",2190,330
1500000US420912069041,420912069041,"Block Group 1, Census Tract 2069.04, Montgomery County, Pennsylvania",1443,327
1500000US420912069042,420912069042,"Block Group 2, Census Tract 2069.04, Montgomery County, Pennsylvania",1891,290
1500000US420912069043,420912069043,"Block Group 3, Census Tract 2069.04, Montgomery County, Pennsylvania",2332,331
1500000US420912069051,420912069051,"Block Group 1, Census Tract 2069.05, Montgomery County, Pennsylvania",2196,276
1500000US420912069052,420912069052,"Block Group 2, Census Tract 2069.05, Montgomery County, Pennsylvania",2804,359
1500000US420912069061,420912069061,"Block Group 1, Census Tract 2069.06, Montgomery County, Pennsylvania",1404,183
1500000US420912069062,420912069062,"Block Group 2, Census Tract 2069.06, Montgomery County, Pennsylvania",1472,175
1500000US420912070011,420912070011,"Block Group 1, Census Tract 2070.01, Montgomery County, Pennsylvania",2019,344
1500000US420912070012,420912070012,"Block Group 2, Census Tract 2070.01, Montgomery County, Pennsylvania",1778,348
1500000US420912070013,420912070013,"Block Group 3, Census Tract 2070.01, Montgomery County, Pennsylvania",3919,422
1500000US420912070031,420912070031,"Block Group 1, Census Tract 2070.03, Montgomery County, Pennsylvania",2223,163
1500000US420912070032,420912070032,"Block Group 2, Census Tract 2070.03, Montgomery County, Pennsylvania",820,144
1500000US420912070041,420912070041,"Block Group 1, Census Tract 2070.04, Montgomery County, Pennsylvania",2219,252
1500000US420912070042,420912070042,"Block Group 2, Census Tract 2070.04, Montgomery County, Pennsylvania",1125,209
1500000US420912070043,420912070043,"Block Group 3, Census Tract 2070.04, Montgomery County, Pennsylvania",1192,216
1500000US420912071011,420912071011,"Block Group 1, Census Tract 2071.01, Montgomery County, Pennsylvania",3433,411
1500000US420912071012,420912071012,"Block Group 2, Census Tract 2071.01, Montgomery County, Pennsylvania",2744,415
1500000US420912071031,420912071031,"Block Group 1, Census Tract 2071.03, Montgomery County, Pennsylvania",2283,307
1500000US420912071032,420912071032,"Block Group 2, Census Tract 2071.03, Montgomery County, Pennsylvania",1960,243
1500000US420912071041,420912071041,"Block Group 1, Census Tract 2071.04, Montgomery County, Pennsylvania",2358,196
1500000US420912071042,420912071042,"Block Group 2, Census Tract 2071.04, Montgomery County, Pennsylvania",456,129
1500000US420912072011,420912072011,"Block Group 1, Census Tract 2072.01, Montgomery County, Pennsylvania",884,140
1500000US420912072012,420912072012,"Block Group 2, Census Tract 2072.01, Montgomery County, Pennsylvania",536,110
1500000US420912072013,420912072013,"Block Group 3, Census Tract 2072.01, Montgomery County, Pennsylvania",975,155
1500000US420912072021,420912072021,"Block Group 1, Census Tract 2072.02, Montgomery County, Pennsylvania",819,200
1500000US420912072022,420912072022,"Block Group 2, Census Tract 2072.02, Montgomery County, Pennsylvania",968,318
1500000US420912072023,420912072023,"Block Group 3, Census Tract 2072.02, Montgomery County, Pennsylvania",1664,388
1500000US420912072024,420912072024,"Block Group 4, Census Tract 2072.02, Montgomery County, Pennsylvania",967,258
1500000US420912073001,420912073001,"Block Group 1, Census Tract 2073, Montgomery County, Pennsylvania",851,158
1500000US420912073002,420912073002,"Block Group 2, Census Tract 2073, Montgomery County, Pennsylvania",1150,182
1500000US420912073003,420912073003,"Block Group 3, Census Tract 2073, Montgomery County, Pennsylvania",671,150
1500000US420912074001,420912074001,"Block Group 1, Census Tract 2074, Montgomery County, Pennsylvania",2913,24
1500000US420912075001,420912075001,"Block Group 1, Census Tract 2075, Montgomery County, Pennsylvania",1021,331
1500000US420912075002,420912075002,"Block Group 2, Census Tract 2075, Montgomery County, Pennsylvania",2354,332
1500000US420912076001,420912076001,"Block Group 1, Census Tract 2076, Montgomery County, Pennsylvania",1583,237
1500000US420912076002,420912076002,"Block Group 2, Census Tract 2076, Montgomery County, Pennsylvania",577,183
1500000US420912076003,420912076003,"Block Group 3, Census Tract 2076, Montgomery County, Pennsylvania",476,124
1500000US420912076004,420912076004,"Block Group 4, Census Tract 2076, Montgomery County, Pennsylvania",1166,172
1500000US420912078001,420912078001,"Block Group 1, Census Tract 2078, Montgomery County, Pennsylvania",3393,489
1500000US420912078002,420912078002,"Block Group 2, Census Tract 2078, Montgomery County, Pennsylvania",2809,525
1500000US420912078003,420912078003,"Block Group 3, Census Tract 2078, Montgomery County, Pennsylvania",1083,501
1500000US420912079001,420912079001,"Block Group 1, Census Tract 2079, Montgomery County, Pennsylvania",929,146
1500000US420912079002,420912079002,"Block Group 2, Census Tract 2079, Montgomery County, Pennsylvania",621,97
1500000US420912079003,420912079003,"Block Group 3, Census Tract 2079, Montgomery County, Pennsylvania",922,119
1500000US420912080001,420912080001,"Block Group 1, Census Tract 2080, Montgomery County, Pennsylvania",1290,272
1500000US420912080002,420912080002,"Block Group 2, Census Tract 2080, Montgomery County, Pennsylvania",1301,237
1500000US420912080003,420912080003,"Block Group 3, Census Tract 2080, Montgomery County, Pennsylvania",1281,241
1500000US420912081001,420912081001,"Block Group 1, Census Tract 2081, Montgomery County, Pennsylvania",2127,132
1500000US420912081002,420912081002,"Block Group 2, Census Tract 2081, Montgomery County, Pennsylvania",854,132
1500000US420912082011,420912082011,"Block Group 1, Census Tract 2082.01, Montgomery County, Pennsylvania",2161,106
1500000US420912082031,420912082031,"Block Group 1, Census Tract 2082.03, Montgomery County, Pennsylvania",1460,187
1500000US420912082032,420912082032,"Block Group 2, Census Tract 2082.03, Montgomery County, Pennsylvania",1184,257
1500000US420912082033,420912082033,"Block Group 3, Census Tract 2082.03, Montgomery County, Pennsylvania",2133,298
1500000US420912082041,420912082041,"Block Group 1, Census Tract 2082.04, Montgomery County, Pennsylvania",1536,200
1500000US420912082042,420912082042,"Block Group 2, Census Tract 2082.04, Montgomery County, Pennsylvania",1995,221
1500000US420912083011,420912083011,"Block Group 1, Census Tract 2083.01, Montgomery County, Pennsylvania",916,251
1500000US420912083012,420912083012,"Block Group 2, Census Tract 2083.01, Montgomery County, Pennsylvania",1624,293
1500000US420912083021,420912083021,"Block Group 1, Census Tract 2083.02, Montgomery County, Pennsylvania",2853,399
1500000US420912083022,420912083022,"Block Group 2, Census Tract 2083.02, Montgomery County, Pennsylvania",1719,280
1500000US420912083023,420912083023,"Block Group 3, Census Tract 2083.02, Montgomery County, Pennsylvania",5341,420
1500000US420912084001,420912084001,"Block Group 1, Census Tract 2084, Montgomery County, Pennsylvania",1173,165
1500000US420912084002,420912084002,"Block Group 2, Census Tract 2084, Montgomery County, Pennsylvania",2391,166
1500000US420912085001,420912085001,"Block Group 1, Census Tract 2085, Montgomery County, Pennsylvania",2510,304
1500000US420912085002,420912085002,"Block Group 2, Census Tract 2085, Montgomery County, Pennsylvania",2375,303
1500000US420912086011,420912086011,"Block Group 1, Census Tract 2086.01, Montgomery County, Pennsylvania",2742,502
1500000US420912086012,420912086012,"Block Group 2, Census Tract 2086.01, Montgomery County, Pennsylvania",3617,534
1500000US420912086031,420912086031,"Block Group 1, Census Tract 2086.03, Montgomery County, Pennsylvania",2393,338
1500000US420912086032,420912086032,"Block Group 2, Census Tract 2086.03, Montgomery County, Pennsylvania",1310,279
1500000US420912086033,420912086033,"Block Group 3, Census Tract 2086.03, Montgomery County, Pennsylvania",2930,275
1500000US420912086041,420912086041,"Block Group 1, Census Tract 2086.04, Montgomery County, Pennsylvania",1546,304
1500000US420912086042,420912086042,"Block Group 2, Census Tract 2086.04, Montgomery County, Pennsylvania",1795,229
1500000US420912086043,420912086043,"Block Group 3, Census Tract 2086.04, Montgomery County, Pennsylvania",2443,353
1500000US420912087021,420912087021,"Block Group 1, Census Tract 2087.02, Montgomery County, Pennsylvania",719,208
1500000US420912087022,420912087022,"Block Group 2, Census Tract 2087.02, Montgomery County, Pennsylvania",1379,230
1500000US420912087023,420912087023,"Block Group 3, Census Tract 2087.02, Montgomery County, Pennsylvania",1139,173
1500000US420912087031,420912087031,"Block Group 1, Census Tract 2087.03, Montgomery County, Pennsylvania",2309,303
1500000US420912087032,420912087032,"Block Group 2, Census Tract 2087.03, Montgomery County, Pennsylvania",1721,256
1500000US420912087041,420912087041,"Block Group 1, Census Tract 2087.04, Montgomery County, Pennsylvania",1947,421
1500000US420912087042,420912087042,"Block Group 2, Census Tract 2087.04, Montgomery County, Pennsylvania",2921,529
1500000US420912088011,420912088011,"Block Group 1, Census Tract 2088.01, Montgomery County, Pennsylvania",1369,161
1500000US420912088021,420912088021,"Block Group 1, Census Tract 2088.02, Montgomery County, Pennsylvania",1332,307
1500000US420912088022,420912088022,"Block Group 2, Census Tract 2088.02, Montgomery County, Pennsylvania",1769,363
1500000US420912089011,420912089011,"Block Group 1, Census Tract 2089.01, Montgomery County, Pennsylvania",1161,209
1500000US420912089012,420912089012,"Block Group 2, Census Tract 2089.01, Montgomery County, Pennsylvania",1009,234
1500000US420912089013,420912089013,"Block Group 3, Census Tract 2089.01, Montgomery County, Pennsylvania",1397,272
1500000US420912089031,420912089031,"Block Group 1, Census Tract 2089.03, Montgomery County, Pennsylvania",612,225
1500000US420912089032,420912089032,"Block Group 2, Census Tract 2089.03, Montgomery County, Pennsylvania",1607,316
1500000US420912089033,420912089033,"Block Group 3, Census Tract 2089.03, Montgomery County, Pennsylvania",636,118
1500000US420912089041,420912089041,"Block Group 1, Census Tract 2089.04, Montgomery County, Pennsylvania",2089,377
1500000US420912089042,420912089042,"Block Group 2, Census Tract 2089.04, Montgomery County, Pennsylvania",1040,293
1500000US420912089051,420912089051,"Block Group 1, Census Tract 2089.05, Montgomery County, Pennsylvania",719,176
1500000US420912089052,420912089052,"Block Group 2, Census Tract 2089.05, Montgomery County, Pennsylvania",1496,294
1500000US420912089053,420912089053,"Block Group 3, Census Tract 2089.05, Montgomery County, Pennsylvania",777,287
1500000US420912089061,420912089061,"Block Group 1, Census Tract 2089.06, Montgomery County, Pennsylvania",1015,334
1500000US420912089062,420912089062,"Block Group 2, Census Tract 2089.06, Montgomery County, Pennsylvania",1478,467
1500000US420912089063,420912089063,"Block Group 3, Census Tract 2089.06, Montgomery County, Pennsylvania",939,278
1500000US420912089064,420912089064,"Block Group 4, Census Tract 2089.06, Montgomery County, Pennsylvania",798,211
1500000US420912090001,420912090001,"Block Group 1, Census Tract 2090, Montgomery County, Pennsylvania",667,198
1500000US420912090002,420912090002,"Block Group 2, Census Tract 2090, Montgomery County, Pennsylvania",805,183
1500000US420912091001,420912091001,"Block Group 1, Census Tract 2091, Montgomery County, Pennsylvania",2298,282
1500000US420912091002,420912091002,"Block Group 2, Census Tract 2091, Montgomery County, Pennsylvania",1427,286
1500000US420912091003,420912091003,"Block Group 3, Census Tract 2091, Montgomery County, Pennsylvania",1749,252
1500000US420912092011,420912092011,"Block Group 1, Census Tract 2092.01, Montgomery County, Pennsylvania",724,170
1500000US420912092012,420912092012,"Block Group 2, Census Tract 2092.01, Montgomery County, Pennsylvania",904,152
1500000US420912092021,420912092021,"Block Group 1, Census Tract 2092.02, Montgomery County, Pennsylvania",1342,192
1500000US420912092022,420912092022,"Block Group 2, Census Tract 2092.02, Montgomery County, Pennsylvania",917,159
1500000US420912101001,420912101001,"Block Group 1, Census Tract 2101, Montgomery County, Pennsylvania",537,162
1500000US420912101002,420912101002,"Block Group 2, Census Tract 2101, Montgomery County, Pennsylvania",646,155
1500000US420912101003,420912101003,"Block Group 3, Census Tract 2101, Montgomery County, Pennsylvania",1024,171
1500000US420912101004,420912101004,"Block Group 4, Census Tract 2101, Montgomery County, Pennsylvania",1017,259
1500000US420912101005,420912101005,"Block Group 5, Census Tract 2101, Montgomery County, Pennsylvania",739,222
1500000US420912102001,420912102001,"Block Group 1, Census Tract 2102, Montgomery County, Pennsylvania",582,157
1500000US420912102002,420912102002,"Block Group 2, Census Tract 2102, Montgomery County, Pennsylvania",1186,198
1500000US420912102003,420912102003,"Block Group 3, Census Tract 2102, Montgomery County, Pennsylvania",958,171
1500000US420912103001,420912103001,"Block Group 1, Census Tract 2103, Montgomery County, Pennsylvania",1409,291
1500000US420912103002,420912103002,"Block Group 2, Census Tract 2103, Montgomery County, Pennsylvania",1105,216
1500000US420912103003,420912103003,"Block Group 3, Census Tract 2103, Montgomery County, Pennsylvania",1659,279
1500000US420912104001,420912104001,"Block Group 1, Census Tract 2104, Montgomery County, Pennsylvania",1784,320
1500000US420912104002,420912104002,"Block Group 2, Census Tract 2104, Montgomery County, Pennsylvania",1009,181
1500000US420912104003,420912104003,"Block Group 3, Census Tract 2104, Montgomery County, Pennsylvania",788,169
1500000US420912104004,420912104004,"Block Group 4, Census Tract 2104, Montgomery County, Pennsylvania",880,154
1500000US420912105001,420912105001,"Block Group 1, Census Tract 2105, Montgomery County, Pennsylvania",1189,253
1500000US420912105002,420912105002,"Block Group 2, Census Tract 2105, Montgomery County, Pennsylvania",749,242
1500000US420912105003,420912105003,"Block Group 3, Census Tract 2105, Montgomery County, Pennsylvania",1165,170
1500000US420912105004,420912105004,"Block Group 4, Census Tract 2105, Montgomery County, Pennsylvania",1179,173
1500000US420912106001,420912106001,"Block Group 1, Census Tract 2106, Montgomery County, Pennsylvania",1272,280
1500000US420912106002,420912106002,"Block Group 2, Census Tract 2106, Montgomery County, Pennsylvania",1651,194
1500000US420912106003,420912106003,"Block Group 3, Census Tract 2106, Montgomery County, Pennsylvania",1401,333
1500000US420912107001,420912107001,"Block Group 1, Census Tract 2107, Montgomery County, Pennsylvania",3123,424
1500000US420912107002,420912107002,"Block Group 2, Census Tract 2107, Montgomery County, Pennsylvania",2636,462
