GEO.id,GEO.id2,GEO.display-label,HD01_VD01,HD02_VD01
Id,Id2,Geography,Estimate; Total,Margin of Error; Total
1500000US420293001011,420293001011,"Block Group 1, Census Tract 3001.01, Chester County, Pennsylvania",1355,185
1500000US420293001012,420293001012,"Block Group 2, Census Tract 3001.01, Chester County, Pennsylvania",1701,176
1500000US420293001031,420293001031,"Block Group 1, Census Tract 3001.03, Chester County, Pennsylvania",1951,239
1500000US420293001032,420293001032,"Block Group 2, Census Tract 3001.03, Chester County, Pennsylvania",704,207
1500000US420293001041,420293001041,"Block Group 1, Census Tract 3001.04, Chester County, Pennsylvania",1704,223
1500000US420293001042,420293001042,"Block Group 2, Census Tract 3001.04, Chester County, Pennsylvania",1861,224
1500000US420293001043,420293001043,"Block Group 3, Census Tract 3001.04, Chester County, Pennsylvania",1616,203
1500000US420293001061,420293001061,"Block Group 1, Census Tract 3001.06, Chester County, Pennsylvania",1898,289
1500000US420293001062,420293001062,"Block Group 2, Census Tract 3001.06, Chester County, Pennsylvania",1544,288
1500000US420293001063,420293001063,"Block Group 3, Census Tract 3001.06, Chester County, Pennsylvania",1233,320
1500000US420293001071,420293001071,"Block Group 1, Census Tract 3001.07, Chester County, Pennsylvania",1371,213
1500000US420293001072,420293001072,"Block Group 2, Census Tract 3001.07, Chester County, Pennsylvania",2795,252
1500000US420293001081,420293001081,"Block Group 1, Census Tract 3001.08, Chester County, Pennsylvania",2083,363
1500000US420293001082,420293001082,"Block Group 2, Census Tract 3001.08, Chester County, Pennsylvania",2911,372
1500000US420293001083,420293001083,"Block Group 3, Census Tract 3001.08, Chester County, Pennsylvania",1239,223
1500000US420293001091,420293001091,"Block Group 1, Census Tract 3001.09, Chester County, Pennsylvania",1051,165
1500000US420293001092,420293001092,"Block Group 2, Census Tract 3001.09, Chester County, Pennsylvania",748,153
1500000US420293001093,420293001093,"Block Group 3, Census Tract 3001.09, Chester County, Pennsylvania",1757,202
1500000US420293002011,420293002011,"Block Group 1, Census Tract 3002.01, Chester County, Pennsylvania",2193,333
1500000US420293002012,420293002012,"Block Group 2, Census Tract 3002.01, Chester County, Pennsylvania",1077,262
1500000US420293002013,420293002013,"Block Group 3, Census Tract 3002.01, Chester County, Pennsylvania",1037,317
1500000US420293002014,420293002014,"Block Group 4, Census Tract 3002.01, Chester County, Pennsylvania",847,228
1500000US420293002021,420293002021,"Block Group 1, Census Tract 3002.02, Chester County, Pennsylvania",1044,170
1500000US420293002022,420293002022,"Block Group 2, Census Tract 3002.02, Chester County, Pennsylvania",2041,238
1500000US420293002023,420293002023,"Block Group 3, Census Tract 3002.02, Chester County, Pennsylvania",2345,291
1500000US420293003011,420293003011,"Block Group 1, Census Tract 3003.01, Chester County, Pennsylvania",1241,246
1500000US420293003012,420293003012,"Block Group 2, Census Tract 3003.01, Chester County, Pennsylvania",2805,275
1500000US420293003021,420293003021,"Block Group 1, Census Tract 3003.02, Chester County, Pennsylvania",1501,339
1500000US420293003022,420293003022,"Block Group 2, Census Tract 3003.02, Chester County, Pennsylvania",2254,293
1500000US420293003031,420293003031,"Block Group 1, Census Tract 3003.03, Chester County, Pennsylvania",1394,191
1500000US420293003032,420293003032,"Block Group 2, Census Tract 3003.03, Chester County, Pennsylvania",1656,165
1500000US420293004001,420293004001,"Block Group 1, Census Tract 3004, Chester County, Pennsylvania",1252,232
1500000US420293004002,420293004002,"Block Group 2, Census Tract 3004, Chester County, Pennsylvania",2186,231
1500000US420293005011,420293005011,"Block Group 1, Census Tract 3005.01, Chester County, Pennsylvania",2252,225
1500000US420293005012,420293005012,"Block Group 2, Census Tract 3005.01, Chester County, Pennsylvania",2475,217
1500000US420293005021,420293005021,"Block Group 1, Census Tract 3005.02, Chester County, Pennsylvania",771,164
1500000US420293005022,420293005022,"Block Group 2, Census Tract 3005.02, Chester County, Pennsylvania",1456,235
1500000US420293005023,420293005023,"Block Group 3, Census Tract 3005.02, Chester County, Pennsylvania",1429,254
1500000US420293006001,420293006001,"Block Group 1, Census Tract 3006, Chester County, Pennsylvania",1050,330
1500000US420293006002,420293006002,"Block Group 2, Census Tract 3006, Chester County, Pennsylvania",1238,253
1500000US420293006003,420293006003,"Block Group 3, Census Tract 3006, Chester County, Pennsylvania",3025,347
1500000US420293007001,420293007001,"Block Group 1, Census Tract 3007, Chester County, Pennsylvania",1310,502
1500000US420293007002,420293007002,"Block Group 2, Census Tract 3007, Chester County, Pennsylvania",1452,368
1500000US420293007003,420293007003,"Block Group 3, Census Tract 3007, Chester County, Pennsylvania",1139,351
1500000US420293007004,420293007004,"Block Group 4, Census Tract 3007, Chester County, Pennsylvania",1388,368
1500000US420293008001,420293008001,"Block Group 1, Census Tract 3008, Chester County, Pennsylvania",2650,367
1500000US420293008002,420293008002,"Block Group 2, Census Tract 3008, Chester County, Pennsylvania",1488,295
1500000US420293009001,420293009001,"Block Group 1, Census Tract 3009, Chester County, Pennsylvania",576,108
1500000US420293009002,420293009002,"Block Group 2, Census Tract 3009, Chester County, Pennsylvania",678,207
1500000US420293009003,420293009003,"Block Group 3, Census Tract 3009, Chester County, Pennsylvania",971,195
1500000US420293010001,420293010001,"Block Group 1, Census Tract 3010, Chester County, Pennsylvania",1345,266
1500000US420293010002,420293010002,"Block Group 2, Census Tract 3010, Chester County, Pennsylvania",402,174
1500000US420293010003,420293010003,"Block Group 3, Census Tract 3010, Chester County, Pennsylvania",1536,387
1500000US420293010004,420293010004,"Block Group 4, Census Tract 3010, Chester County, Pennsylvania",4030,443
1500000US420293011001,420293011001,"Block Group 1, Census Tract 3011, Chester County, Pennsylvania",1510,273
1500000US420293011002,420293011002,"Block Group 2, Census Tract 3011, Chester County, Pennsylvania",769,198
1500000US420293011003,420293011003,"Block Group 3, Census Tract 3011, Chester County, Pennsylvania",1071,299
1500000US420293013001,420293013001,"Block Group 1, Census Tract 3013, Chester County, Pennsylvania",1770,328
1500000US420293013002,420293013002,"Block Group 2, Census Tract 3013, Chester County, Pennsylvania",1796,412
1500000US420293013003,420293013003,"Block Group 3, Census Tract 3013, Chester County, Pennsylvania",3194,444
1500000US420293014011,420293014011,"Block Group 1, Census Tract 3014.01, Chester County, Pennsylvania",1365,200
1500000US420293014012,420293014012,"Block Group 2, Census Tract 3014.01, Chester County, Pennsylvania",1373,189
1500000US420293014021,420293014021,"Block Group 1, Census Tract 3014.02, Chester County, Pennsylvania",1667,210
1500000US420293014022,420293014022,"Block Group 2, Census Tract 3014.02, Chester County, Pennsylvania",3589,231
1500000US420293015001,420293015001,"Block Group 1, Census Tract 3015, Chester County, Pennsylvania",2627,20
1500000US420293016001,420293016001,"Block Group 1, Census Tract 3016, Chester County, Pennsylvania",2542,18
1500000US420293017001,420293017001,"Block Group 1, Census Tract 3017, Chester County, Pennsylvania",1775,123
1500000US420293018001,420293018001,"Block Group 1, Census Tract 3018, Chester County, Pennsylvania",2668,260
1500000US420293018002,420293018002,"Block Group 2, Census Tract 3018, Chester County, Pennsylvania",2416,264
1500000US420293019001,420293019001,"Block Group 1, Census Tract 3019, Chester County, Pennsylvania",2063,159
1500000US420293019002,420293019002,"Block Group 2, Census Tract 3019, Chester County, Pennsylvania",1993,163
1500000US420293020001,420293020001,"Block Group 1, Census Tract 3020, Chester County, Pennsylvania",1942,203
1500000US420293020002,420293020002,"Block Group 2, Census Tract 3020, Chester County, Pennsylvania",3763,202
1500000US420293021011,420293021011,"Block Group 1, Census Tract 3021.01, Chester County, Pennsylvania",3044,465
1500000US420293021012,420293021012,"Block Group 2, Census Tract 3021.01, Chester County, Pennsylvania",3754,412
1500000US420293021021,420293021021,"Block Group 1, Census Tract 3021.02, Chester County, Pennsylvania",980,227
1500000US420293021022,420293021022,"Block Group 2, Census Tract 3021.02, Chester County, Pennsylvania",1343,205
1500000US420293021023,420293021023,"Block Group 3, Census Tract 3021.02, Chester County, Pennsylvania",1951,245
1500000US420293022021,420293022021,"Block Group 1, Census Tract 3022.02, Chester County, Pennsylvania",2219,380
1500000US420293022022,420293022022,"Block Group 2, Census Tract 3022.02, Chester County, Pennsylvania",1863,365
1500000US420293022023,420293022023,"Block Group 3, Census Tract 3022.02, Chester County, Pennsylvania",3031,476
1500000US420293022031,420293022031,"Block Group 1, Census Tract 3022.03, Chester County, Pennsylvania",1466,224
1500000US420293022032,420293022032,"Block Group 2, Census Tract 3022.03, Chester County, Pennsylvania",845,161
1500000US420293022033,420293022033,"Block Group 3, Census Tract 3022.03, Chester County, Pennsylvania",2926,314
1500000US420293022041,420293022041,"Block Group 1, Census Tract 3022.04, Chester County, Pennsylvania",2139,366
1500000US420293022042,420293022042,"Block Group 2, Census Tract 3022.04, Chester County, Pennsylvania",2784,472
1500000US420293022043,420293022043,"Block Group 3, Census Tract 3022.04, Chester County, Pennsylvania",1159,297
1500000US420293023001,420293023001,"Block Group 1, Census Tract 3023, Chester County, Pennsylvania",1075,205
1500000US420293023002,420293023002,"Block Group 2, Census Tract 3023, Chester County, Pennsylvania",911,199
1500000US420293023003,420293023003,"Block Group 3, Census Tract 3023, Chester County, Pennsylvania",977,240
1500000US420293024001,420293024001,"Block Group 1, Census Tract 3024, Chester County, Pennsylvania",617,128
1500000US420293024002,420293024002,"Block Group 2, Census Tract 3024, Chester County, Pennsylvania",985,255
1500000US420293024003,420293024003,"Block Group 3, Census Tract 3024, Chester County, Pennsylvania",2486,352
1500000US420293025001,420293025001,"Block Group 1, Census Tract 3025, Chester County, Pennsylvania",1332,290
1500000US420293025002,420293025002,"Block Group 2, Census Tract 3025, Chester County, Pennsylvania",1350,273
1500000US420293025003,420293025003,"Block Group 3, Census Tract 3025, Chester County, Pennsylvania",872,211
1500000US420293025004,420293025004,"Block Group 4, Census Tract 3025, Chester County, Pennsylvania",800,182
1500000US420293026001,420293026001,"Block Group 1, Census Tract 3026, Chester County, Pennsylvania",754,256
1500000US420293026002,420293026002,"Block Group 2, Census Tract 3026, Chester County, Pennsylvania",1210,280
1500000US420293026003,420293026003,"Block Group 3, Census Tract 3026, Chester County, Pennsylvania",1206,531
1500000US420293026004,420293026004,"Block Group 4, Census Tract 3026, Chester County, Pennsylvania",1115,305
1500000US420293026005,420293026005,"Block Group 5, Census Tract 3026, Chester County, Pennsylvania",833,266
1500000US420293027021,420293027021,"Block Group 1, Census Tract 3027.02, Chester County, Pennsylvania",1297,293
1500000US420293027022,420293027022,"Block Group 2, Census Tract 3027.02, Chester County, Pennsylvania",2140,475
1500000US420293027023,420293027023,"Block Group 3, Census Tract 3027.02, Chester County, Pennsylvania",1540,368
1500000US420293027031,420293027031,"Block Group 1, Census Tract 3027.03, Chester County, Pennsylvania",1992,240
1500000US420293027032,420293027032,"Block Group 2, Census Tract 3027.03, Chester County, Pennsylvania",2269,250
1500000US420293027041,420293027041,"Block Group 1, Census Tract 3027.04, Chester County, Pennsylvania",1962,213
1500000US420293027042,420293027042,"Block Group 2, Census Tract 3027.04, Chester County, Pennsylvania",3234,265
1500000US420293027051,420293027051,"Block Group 1, Census Tract 3027.05, Chester County, Pennsylvania",2742,195
1500000US420293027052,420293027052,"Block Group 2, Census Tract 3027.05, Chester County, Pennsylvania",1176,182
1500000US420293027061,420293027061,"Block Group 1, Census Tract 3027.06, Chester County, Pennsylvania",1808,282
1500000US420293027062,420293027062,"Block Group 2, Census Tract 3027.06, Chester County, Pennsylvania",1715,321
1500000US420293027063,420293027063,"Block Group 3, Census Tract 3027.06, Chester County, Pennsylvania",1098,286
1500000US420293028021,420293028021,"Block Group 1, Census Tract 3028.02, Chester County, Pennsylvania",2098,347
1500000US420293028022,420293028022,"Block Group 2, Census Tract 3028.02, Chester County, Pennsylvania",1659,300
1500000US420293028023,420293028023,"Block Group 3, Census Tract 3028.02, Chester County, Pennsylvania",1255,239
1500000US420293028031,420293028031,"Block Group 1, Census Tract 3028.03, Chester County, Pennsylvania",2056,135
1500000US420293028041,420293028041,"Block Group 1, Census Tract 3028.04, Chester County, Pennsylvania",674,161
1500000US420293028042,420293028042,"Block Group 2, Census Tract 3028.04, Chester County, Pennsylvania",3299,187
1500000US420293028051,420293028051,"Block Group 1, Census Tract 3028.05, Chester County, Pennsylvania",1530,280
1500000US420293028052,420293028052,"Block Group 2, Census Tract 3028.05, Chester County, Pennsylvania",2019,357
1500000US420293028053,420293028053,"Block Group 3, Census Tract 3028.05, Chester County, Pennsylvania",1853,368
1500000US420293028054,420293028054,"Block Group 4, Census Tract 3028.05, Chester County, Pennsylvania",1749,359
1500000US420293029011,420293029011,"Block Group 1, Census Tract 3029.01, Chester County, Pennsylvania",2922,255
1500000US420293029012,420293029012,"Block Group 2, Census Tract 3029.01, Chester County, Pennsylvania",1786,245
1500000US420293029021,420293029021,"Block Group 1, Census Tract 3029.02, Chester County, Pennsylvania",1133,256
1500000US420293029022,420293029022,"Block Group 2, Census Tract 3029.02, Chester County, Pennsylvania",2693,429
1500000US420293029023,420293029023,"Block Group 3, Census Tract 3029.02, Chester County, Pennsylvania",2349,473
1500000US420293030001,420293030001,"Block Group 1, Census Tract 3030, Chester County, Pennsylvania",3204,19
1500000US420293031001,420293031001,"Block Group 1, Census Tract 3031, Chester County, Pennsylvania",2701,228
1500000US420293031002,420293031002,"Block Group 2, Census Tract 3031, Chester County, Pennsylvania",1501,228
1500000US420293033011,420293033011,"Block Group 1, Census Tract 3033.01, Chester County, Pennsylvania",1693,297
1500000US420293033012,420293033012,"Block Group 2, Census Tract 3033.01, Chester County, Pennsylvania",1407,231
1500000US420293033021,420293033021,"Block Group 1, Census Tract 3033.02, Chester County, Pennsylvania",2004,329
1500000US420293033022,420293033022,"Block Group 2, Census Tract 3033.02, Chester County, Pennsylvania",3000,339
1500000US420293034011,420293034011,"Block Group 1, Census Tract 3034.01, Chester County, Pennsylvania",1744,367
1500000US420293034012,420293034012,"Block Group 2, Census Tract 3034.01, Chester County, Pennsylvania",1040,337
1500000US420293034013,420293034013,"Block Group 3, Census Tract 3034.01, Chester County, Pennsylvania",1358,339
1500000US420293034021,420293034021,"Block Group 1, Census Tract 3034.02, Chester County, Pennsylvania",1298,206
1500000US420293034022,420293034022,"Block Group 2, Census Tract 3034.02, Chester County, Pennsylvania",698,152
1500000US420293035011,420293035011,"Block Group 1, Census Tract 3035.01, Chester County, Pennsylvania",1116,222
1500000US420293035012,420293035012,"Block Group 2, Census Tract 3035.01, Chester County, Pennsylvania",2221,266
1500000US420293035013,420293035013,"Block Group 3, Census Tract 3035.01, Chester County, Pennsylvania",977,187
1500000US420293035021,420293035021,"Block Group 1, Census Tract 3035.02, Chester County, Pennsylvania",1171,175
1500000US420293035022,420293035022,"Block Group 2, Census Tract 3035.02, Chester County, Pennsylvania",1776,197
1500000US420293038011,420293038011,"Block Group 1, Census Tract 3038.01, Chester County, Pennsylvania",2439,228
1500000US420293038012,420293038012,"Block Group 2, Census Tract 3038.01, Chester County, Pennsylvania",1671,228
1500000US420293038021,420293038021,"Block Group 1, Census Tract 3038.02, Chester County, Pennsylvania",983,267
1500000US420293038022,420293038022,"Block Group 2, Census Tract 3038.02, Chester County, Pennsylvania",2324,350
1500000US420293038023,420293038023,"Block Group 3, Census Tract 3038.02, Chester County, Pennsylvania",1528,316
1500000US420293038024,420293038024,"Block Group 4, Census Tract 3038.02, Chester County, Pennsylvania",3827,427
1500000US420293039011,420293039011,"Block Group 1, Census Tract 3039.01, Chester County, Pennsylvania",1869,267
1500000US420293039012,420293039012,"Block Group 2, Census Tract 3039.01, Chester County, Pennsylvania",2690,467
1500000US420293039021,420293039021,"Block Group 1, Census Tract 3039.02, Chester County, Pennsylvania",2811,475
1500000US420293039022,420293039022,"Block Group 2, Census Tract 3039.02, Chester County, Pennsylvania",2588,482
1500000US420293040001,420293040001,"Block Group 1, Census Tract 3040, Chester County, Pennsylvania",2832,309
1500000US420293040002,420293040002,"Block Group 2, Census Tract 3040, Chester County, Pennsylvania",2033,302
1500000US420293041011,420293041011,"Block Group 1, Census Tract 3041.01, Chester County, Pennsylvania",2663,333
1500000US420293041012,420293041012,"Block Group 2, Census Tract 3041.01, Chester County, Pennsylvania",1728,286
1500000US420293041021,420293041021,"Block Group 1, Census Tract 3041.02, Chester County, Pennsylvania",1036,202
1500000US420293041022,420293041022,"Block Group 2, Census Tract 3041.02, Chester County, Pennsylvania",2534,296
1500000US420293042011,420293042011,"Block Group 1, Census Tract 3042.01, Chester County, Pennsylvania",1294,377
1500000US420293042012,420293042012,"Block Group 2, Census Tract 3042.01, Chester County, Pennsylvania",1695,499
1500000US420293042013,420293042013,"Block Group 3, Census Tract 3042.01, Chester County, Pennsylvania",1664,364
1500000US420293042014,420293042014,"Block Group 4, Census Tract 3042.01, Chester County, Pennsylvania",2121,535
1500000US420293043001,420293043001,"Block Group 1, Census Tract 3043, Chester County, Pennsylvania",3026,360
1500000US420293043002,420293043002,"Block Group 2, Census Tract 3043, Chester County, Pennsylvania",1706,325
1500000US420293043003,420293043003,"Block Group 3, Census Tract 3043, Chester County, Pennsylvania",3424,399
1500000US420293044031,420293044031,"Block Group 1, Census Tract 3044.03, Chester County, Pennsylvania",2450,238
1500000US420293044032,420293044032,"Block Group 2, Census Tract 3044.03, Chester County, Pennsylvania",1610,203
1500000US420293044041,420293044041,"Block Group 1, Census Tract 3044.04, Chester County, Pennsylvania",1993,347
1500000US420293044042,420293044042,"Block Group 2, Census Tract 3044.04, Chester County, Pennsylvania",1702,317
1500000US420293044043,420293044043,"Block Group 3, Census Tract 3044.04, Chester County, Pennsylvania",1292,263
1500000US420293044051,420293044051,"Block Group 1, Census Tract 3044.05, Chester County, Pennsylvania",2570,285
1500000US420293044052,420293044052,"Block Group 2, Census Tract 3044.05, Chester County, Pennsylvania",1037,280
1500000US420293044053,420293044053,"Block Group 3, Census Tract 3044.05, Chester County, Pennsylvania",2838,313
1500000US420293044061,420293044061,"Block Group 1, Census Tract 3044.06, Chester County, Pennsylvania",3265,125
1500000US420293045011,420293045011,"Block Group 1, Census Tract 3045.01, Chester County, Pennsylvania",6560,325
1500000US420293045012,420293045012,"Block Group 2, Census Tract 3045.01, Chester County, Pennsylvania",1841,287
1500000US420293045021,420293045021,"Block Group 1, Census Tract 3045.02, Chester County, Pennsylvania",2008,268
1500000US420293045022,420293045022,"Block Group 2, Census Tract 3045.02, Chester County, Pennsylvania",1079,233
1500000US420293046001,420293046001,"Block Group 1, Census Tract 3046, Chester County, Pennsylvania",1586,157
1500000US420293046002,420293046002,"Block Group 2, Census Tract 3046, Chester County, Pennsylvania",2090,156
1500000US420293049001,420293049001,"Block Group 1, Census Tract 3049, Chester County, Pennsylvania",2783,480
1500000US420293049002,420293049002,"Block Group 2, Census Tract 3049, Chester County, Pennsylvania",4495,522
1500000US420293049003,420293049003,"Block Group 3, Census Tract 3049, Chester County, Pennsylvania",891,240
1500000US420293050001,420293050001,"Block Group 1, Census Tract 3050, Chester County, Pennsylvania",1798,101
1500000US420293051011,420293051011,"Block Group 1, Census Tract 3051.01, Chester County, Pennsylvania",1961,288
1500000US420293051012,420293051012,"Block Group 2, Census Tract 3051.01, Chester County, Pennsylvania",2327,288
1500000US420293051021,420293051021,"Block Group 1, Census Tract 3051.02, Chester County, Pennsylvania",3410,410
1500000US420293051022,420293051022,"Block Group 2, Census Tract 3051.02, Chester County, Pennsylvania",1349,337
1500000US420293053001,420293053001,"Block Group 1, Census Tract 3053, Chester County, Pennsylvania",1234,297
1500000US420293053002,420293053002,"Block Group 2, Census Tract 3053, Chester County, Pennsylvania",2440,628
1500000US420293053003,420293053003,"Block Group 3, Census Tract 3053, Chester County, Pennsylvania",3902,568
1500000US420293054001,420293054001,"Block Group 1, Census Tract 3054, Chester County, Pennsylvania",2377,472
1500000US420293054002,420293054002,"Block Group 2, Census Tract 3054, Chester County, Pennsylvania",1906,324
1500000US420293055001,420293055001,"Block Group 1, Census Tract 3055, Chester County, Pennsylvania",1705,370
1500000US420293055002,420293055002,"Block Group 2, Census Tract 3055, Chester County, Pennsylvania",1606,361
1500000US420293056001,420293056001,"Block Group 1, Census Tract 3056, Chester County, Pennsylvania",2014,382
1500000US420293056002,420293056002,"Block Group 2, Census Tract 3056, Chester County, Pennsylvania",1177,339
1500000US420293057001,420293057001,"Block Group 1, Census Tract 3057, Chester County, Pennsylvania",869,252
1500000US420293057002,420293057002,"Block Group 2, Census Tract 3057, Chester County, Pennsylvania",1515,286
1500000US420293060001,420293060001,"Block Group 1, Census Tract 3060, Chester County, Pennsylvania",1632,377
1500000US420293060002,420293060002,"Block Group 2, Census Tract 3060, Chester County, Pennsylvania",778,273
1500000US420293060003,420293060003,"Block Group 3, Census Tract 3060, Chester County, Pennsylvania",5149,392
1500000US420293063001,420293063001,"Block Group 1, Census Tract 3063, Chester County, Pennsylvania",1447,234
1500000US420293063002,420293063002,"Block Group 2, Census Tract 3063, Chester County, Pennsylvania",1410,233
1500000US420293065011,420293065011,"Block Group 1, Census Tract 3065.01, Chester County, Pennsylvania",2468,335
1500000US420293065012,420293065012,"Block Group 2, Census Tract 3065.01, Chester County, Pennsylvania",1833,249
1500000US420293065031,420293065031,"Block Group 1, Census Tract 3065.03, Chester County, Pennsylvania",1020,226
1500000US420293065032,420293065032,"Block Group 2, Census Tract 3065.03, Chester County, Pennsylvania",1845,316
1500000US420293065041,420293065041,"Block Group 1, Census Tract 3065.04, Chester County, Pennsylvania",2630,353
1500000US420293065042,420293065042,"Block Group 2, Census Tract 3065.04, Chester County, Pennsylvania",2327,429
1500000US420293066001,420293066001,"Block Group 1, Census Tract 3066, Chester County, Pennsylvania",3223,22
1500000US420293067001,420293067001,"Block Group 1, Census Tract 3067, Chester County, Pennsylvania",2568,222
1500000US420293067002,420293067002,"Block Group 2, Census Tract 3067, Chester County, Pennsylvania",1906,224
1500000US420293068001,420293068001,"Block Group 1, Census Tract 3068, Chester County, Pennsylvania",1689,102
1500000US420293069001,420293069001,"Block Group 1, Census Tract 3069, Chester County, Pennsylvania",2487,255
1500000US420293069002,420293069002,"Block Group 2, Census Tract 3069, Chester County, Pennsylvania",3416,252
1500000US420293070001,420293070001,"Block Group 1, Census Tract 3070, Chester County, Pennsylvania",5504,19
1500000US420293071001,420293071001,"Block Group 1, Census Tract 3071, Chester County, Pennsylvania",2333,116
1500000US420293072001,420293072001,"Block Group 1, Census Tract 3072, Chester County, Pennsylvania",1359,92
1500000US420293073001,420293073001,"Block Group 1, Census Tract 3073, Chester County, Pennsylvania",555,216
1500000US420293073002,420293073002,"Block Group 2, Census Tract 3073, Chester County, Pennsylvania",3310,219
1500000US420293074001,420293074001,"Block Group 1, Census Tract 3074, Chester County, Pennsylvania",1304,206
1500000US420293074002,420293074002,"Block Group 2, Census Tract 3074, Chester County, Pennsylvania",2417,206
1500000US420293077001,420293077001,"Block Group 1, Census Tract 3077, Chester County, Pennsylvania",2591,21
1500000US420293078001,420293078001,"Block Group 1, Census Tract 3078, Chester County, Pennsylvania",2526,24
1500000US420293079001,420293079001,"Block Group 1, Census Tract 3079, Chester County, Pennsylvania",2017,270
1500000US420293079002,420293079002,"Block Group 2, Census Tract 3079, Chester County, Pennsylvania",3028,274
1500000US420293080001,420293080001,"Block Group 1, Census Tract 3080, Chester County, Pennsylvania",2658,412
1500000US420293080002,420293080002,"Block Group 2, Census Tract 3080, Chester County, Pennsylvania",914,273
1500000US420293080003,420293080003,"Block Group 3, Census Tract 3080, Chester County, Pennsylvania",1755,343
1500000US420293081011,420293081011,"Block Group 1, Census Tract 3081.01, Chester County, Pennsylvania",4496,254
1500000US420293081021,420293081021,"Block Group 1, Census Tract 3081.02, Chester County, Pennsylvania",2605,300
1500000US420293081022,420293081022,"Block Group 2, Census Tract 3081.02, Chester County, Pennsylvania",1776,388
1500000US420293082001,420293082001,"Block Group 1, Census Tract 3082, Chester County, Pennsylvania",2721,18
1500000US420293104001,420293104001,"Block Group 1, Census Tract 3104, Chester County, Pennsylvania",3175,314
1500000US420293110001,420293110001,"Block Group 1, Census Tract 3110, Chester County, Pennsylvania",2145,361
1500000US420293110002,420293110002,"Block Group 2, Census Tract 3110, Chester County, Pennsylvania",1466,390
1500000US420293110003,420293110003,"Block Group 3, Census Tract 3110, Chester County, Pennsylvania",3352,352
1500000US420293111001,420293111001,"Block Group 1, Census Tract 3111, Chester County, Pennsylvania",3178,141
1500000US420293111002,420293111002,"Block Group 2, Census Tract 3111, Chester County, Pennsylvania",453,137
1500000US420293112001,420293112001,"Block Group 1, Census Tract 3112, Chester County, Pennsylvania",1284,120
1500000US420293112002,420293112002,"Block Group 2, Census Tract 3112, Chester County, Pennsylvania",846,114
1500000US420293113001,420293113001,"Block Group 1, Census Tract 3113, Chester County, Pennsylvania",2084,260
1500000US420293113002,420293113002,"Block Group 2, Census Tract 3113, Chester County, Pennsylvania",2736,260
1500000US420293114011,420293114011,"Block Group 1, Census Tract 3114.01, Chester County, Pennsylvania",2900,536
1500000US420293114012,420293114012,"Block Group 2, Census Tract 3114.01, Chester County, Pennsylvania",1958,459
1500000US420293114013,420293114013,"Block Group 3, Census Tract 3114.01, Chester County, Pennsylvania",1248,414
1500000US420293114014,420293114014,"Block Group 4, Census Tract 3114.01, Chester County, Pennsylvania",1257,314
1500000US420293114031,420293114031,"Block Group 1, Census Tract 3114.03, Chester County, Pennsylvania",2924,222
1500000US420293114032,420293114032,"Block Group 2, Census Tract 3114.03, Chester County, Pennsylvania",755,152
1500000US420293114041,420293114041,"Block Group 1, Census Tract 3114.04, Chester County, Pennsylvania",1603,199
1500000US420293114042,420293114042,"Block Group 2, Census Tract 3114.04, Chester County, Pennsylvania",2193,252
1500000US420293115001,420293115001,"Block Group 1, Census Tract 3115, Chester County, Pennsylvania",1892,116
1500000US420293115002,420293115002,"Block Group 2, Census Tract 3115, Chester County, Pennsylvania",1466,142
1500000US420293116001,420293116001,"Block Group 1, Census Tract 3116, Chester County, Pennsylvania",2088,165
1500000US420293117001,420293117001,"Block Group 1, Census Tract 3117, Chester County, Pennsylvania",3672,547
1500000US420293117002,420293117002,"Block Group 2, Census Tract 3117, Chester County, Pennsylvania",1720,454
1500000US420293117003,420293117003,"Block Group 3, Census Tract 3117, Chester County, Pennsylvania",3095,590
1500000US420293117004,420293117004,"Block Group 4, Census Tract 3117, Chester County, Pennsylvania",1556,336
1500000US420293118001,420293118001,"Block Group 1, Census Tract 3118, Chester County, Pennsylvania",2297,187
1500000US420293118002,420293118002,"Block Group 2, Census Tract 3118, Chester County, Pennsylvania",1513,175
