GEO.id,GEO.id2,GEO.display-label,HD01_VD01,HD02_VD01
Id,Id2,Geography,Estimate; Total,Margin of Error; Total
1500000US420710001001,420710001001,"Block Group 1, Census Tract 1, Lancaster County, Pennsylvania",616,205
1500000US420710001002,420710001002,"Block Group 2, Census Tract 1, Lancaster County, Pennsylvania",444,124
1500000US420710001003,420710001003,"Block Group 3, Census Tract 1, Lancaster County, Pennsylvania",1812,420
1500000US420710002001,420710002001,"Block Group 1, Census Tract 2, Lancaster County, Pennsylvania",1369,310
1500000US420710002002,420710002002,"Block Group 2, Census Tract 2, Lancaster County, Pennsylvania",1707,520
1500000US420710003001,420710003001,"Block Group 1, Census Tract 3, Lancaster County, Pennsylvania",1227,359
1500000US420710003002,420710003002,"Block Group 2, Census Tract 3, Lancaster County, Pennsylvania",989,318
1500000US420710003003,420710003003,"Block Group 3, Census Tract 3, Lancaster County, Pennsylvania",1413,434
1500000US420710003004,420710003004,"Block Group 4, Census Tract 3, Lancaster County, Pennsylvania",1640,335
1500000US420710004001,420710004001,"Block Group 1, Census Tract 4, Lancaster County, Pennsylvania",1971,455
1500000US420710004002,420710004002,"Block Group 2, Census Tract 4, Lancaster County, Pennsylvania",432,204
1500000US420710004003,420710004003,"Block Group 3, Census Tract 4, Lancaster County, Pennsylvania",994,251
1500000US420710004004,420710004004,"Block Group 4, Census Tract 4, Lancaster County, Pennsylvania",683,133
1500000US420710005001,420710005001,"Block Group 1, Census Tract 5, Lancaster County, Pennsylvania",956,203
1500000US420710005002,420710005002,"Block Group 2, Census Tract 5, Lancaster County, Pennsylvania",1154,298
1500000US420710005003,420710005003,"Block Group 3, Census Tract 5, Lancaster County, Pennsylvania",924,175
1500000US420710005004,420710005004,"Block Group 4, Census Tract 5, Lancaster County, Pennsylvania",1664,270
1500000US420710006001,420710006001,"Block Group 1, Census Tract 6, Lancaster County, Pennsylvania",630,145
1500000US420710006002,420710006002,"Block Group 2, Census Tract 6, Lancaster County, Pennsylvania",521,208
1500000US420710006003,420710006003,"Block Group 3, Census Tract 6, Lancaster County, Pennsylvania",1169,238
1500000US420710006004,420710006004,"Block Group 4, Census Tract 6, Lancaster County, Pennsylvania",865,179
1500000US420710007001,420710007001,"Block Group 1, Census Tract 7, Lancaster County, Pennsylvania",893,327
1500000US420710007002,420710007002,"Block Group 2, Census Tract 7, Lancaster County, Pennsylvania",849,276
1500000US420710007003,420710007003,"Block Group 3, Census Tract 7, Lancaster County, Pennsylvania",2404,328
1500000US420710008001,420710008001,"Block Group 1, Census Tract 8, Lancaster County, Pennsylvania",562,177
1500000US420710008002,420710008002,"Block Group 2, Census Tract 8, Lancaster County, Pennsylvania",866,325
1500000US420710008003,420710008003,"Block Group 3, Census Tract 8, Lancaster County, Pennsylvania",1158,372
1500000US420710008004,420710008004,"Block Group 4, Census Tract 8, Lancaster County, Pennsylvania",951,322
1500000US420710009001,420710009001,"Block Group 1, Census Tract 9, Lancaster County, Pennsylvania",569,318
1500000US420710009002,420710009002,"Block Group 2, Census Tract 9, Lancaster County, Pennsylvania",955,303
1500000US420710009003,420710009003,"Block Group 3, Census Tract 9, Lancaster County, Pennsylvania",679,250
1500000US420710009004,420710009004,"Block Group 4, Census Tract 9, Lancaster County, Pennsylvania",1331,387
1500000US420710010001,420710010001,"Block Group 1, Census Tract 10, Lancaster County, Pennsylvania",953,301
1500000US420710010002,420710010002,"Block Group 2, Census Tract 10, Lancaster County, Pennsylvania",643,219
1500000US420710010003,420710010003,"Block Group 3, Census Tract 10, Lancaster County, Pennsylvania",852,271
1500000US420710010004,420710010004,"Block Group 4, Census Tract 10, Lancaster County, Pennsylvania",860,271
1500000US420710011001,420710011001,"Block Group 1, Census Tract 11, Lancaster County, Pennsylvania",1580,621
1500000US420710011002,420710011002,"Block Group 2, Census Tract 11, Lancaster County, Pennsylvania",1225,355
1500000US420710011003,420710011003,"Block Group 3, Census Tract 11, Lancaster County, Pennsylvania",555,335
1500000US420710012001,420710012001,"Block Group 1, Census Tract 12, Lancaster County, Pennsylvania",1169,364
1500000US420710012002,420710012002,"Block Group 2, Census Tract 12, Lancaster County, Pennsylvania",2239,442
1500000US420710012003,420710012003,"Block Group 3, Census Tract 12, Lancaster County, Pennsylvania",1640,352
1500000US420710012004,420710012004,"Block Group 4, Census Tract 12, Lancaster County, Pennsylvania",558,183
1500000US420710014001,420710014001,"Block Group 1, Census Tract 14, Lancaster County, Pennsylvania",1130,399
1500000US420710014002,420710014002,"Block Group 2, Census Tract 14, Lancaster County, Pennsylvania",1141,536
1500000US420710014003,420710014003,"Block Group 3, Census Tract 14, Lancaster County, Pennsylvania",833,278
1500000US420710014004,420710014004,"Block Group 4, Census Tract 14, Lancaster County, Pennsylvania",1525,325
1500000US420710101011,420710101011,"Block Group 1, Census Tract 101.01, Lancaster County, Pennsylvania",1086,326
1500000US420710101012,420710101012,"Block Group 2, Census Tract 101.01, Lancaster County, Pennsylvania",2413,449
1500000US420710101013,420710101013,"Block Group 3, Census Tract 101.01, Lancaster County, Pennsylvania",1336,347
1500000US420710101014,420710101014,"Block Group 4, Census Tract 101.01, Lancaster County, Pennsylvania",2577,544
1500000US420710101021,420710101021,"Block Group 1, Census Tract 101.02, Lancaster County, Pennsylvania",2666,197
1500000US420710101022,420710101022,"Block Group 2, Census Tract 101.02, Lancaster County, Pennsylvania",1211,195
1500000US420710102011,420710102011,"Block Group 1, Census Tract 102.01, Lancaster County, Pennsylvania",915,174
1500000US420710102012,420710102012,"Block Group 2, Census Tract 102.01, Lancaster County, Pennsylvania",2323,256
1500000US420710102013,420710102013,"Block Group 3, Census Tract 102.01, Lancaster County, Pennsylvania",1640,257
1500000US420710102021,420710102021,"Block Group 1, Census Tract 102.02, Lancaster County, Pennsylvania",3355,284
1500000US420710102022,420710102022,"Block Group 2, Census Tract 102.02, Lancaster County, Pennsylvania",2510,331
1500000US420710103001,420710103001,"Block Group 1, Census Tract 103, Lancaster County, Pennsylvania",1707,514
1500000US420710103002,420710103002,"Block Group 2, Census Tract 103, Lancaster County, Pennsylvania",3070,445
1500000US420710103003,420710103003,"Block Group 3, Census Tract 103, Lancaster County, Pennsylvania",1348,452
1500000US420710103004,420710103004,"Block Group 4, Census Tract 103, Lancaster County, Pennsylvania",1064,231
1500000US420710103005,420710103005,"Block Group 5, Census Tract 103, Lancaster County, Pennsylvania",2148,517
1500000US420710104001,420710104001,"Block Group 1, Census Tract 104, Lancaster County, Pennsylvania",1538,322
1500000US420710104002,420710104002,"Block Group 2, Census Tract 104, Lancaster County, Pennsylvania",759,200
1500000US420710104003,420710104003,"Block Group 3, Census Tract 104, Lancaster County, Pennsylvania",1510,315
1500000US420710104004,420710104004,"Block Group 4, Census Tract 104, Lancaster County, Pennsylvania",1074,338
1500000US420710105011,420710105011,"Block Group 1, Census Tract 105.01, Lancaster County, Pennsylvania",1711,221
1500000US420710105012,420710105012,"Block Group 2, Census Tract 105.01, Lancaster County, Pennsylvania",2263,335
1500000US420710105013,420710105013,"Block Group 3, Census Tract 105.01, Lancaster County, Pennsylvania",777,143
1500000US420710105021,420710105021,"Block Group 1, Census Tract 105.02, Lancaster County, Pennsylvania",1816,394
1500000US420710105022,420710105022,"Block Group 2, Census Tract 105.02, Lancaster County, Pennsylvania",1209,320
1500000US420710105023,420710105023,"Block Group 3, Census Tract 105.02, Lancaster County, Pennsylvania",2935,406
1500000US420710105024,420710105024,"Block Group 4, Census Tract 105.02, Lancaster County, Pennsylvania",943,281
1500000US420710106001,420710106001,"Block Group 1, Census Tract 106, Lancaster County, Pennsylvania",880,258
1500000US420710106002,420710106002,"Block Group 2, Census Tract 106, Lancaster County, Pennsylvania",4191,699
1500000US420710106003,420710106003,"Block Group 3, Census Tract 106, Lancaster County, Pennsylvania",1408,432
1500000US420710106004,420710106004,"Block Group 4, Census Tract 106, Lancaster County, Pennsylvania",2254,368
1500000US420710106005,420710106005,"Block Group 5, Census Tract 106, Lancaster County, Pennsylvania",2057,527
1500000US420710107011,420710107011,"Block Group 1, Census Tract 107.01, Lancaster County, Pennsylvania",743,381
1500000US420710107012,420710107012,"Block Group 2, Census Tract 107.01, Lancaster County, Pennsylvania",874,299
1500000US420710107013,420710107013,"Block Group 3, Census Tract 107.01, Lancaster County, Pennsylvania",987,286
1500000US420710107014,420710107014,"Block Group 4, Census Tract 107.01, Lancaster County, Pennsylvania",1553,364
1500000US420710107015,420710107015,"Block Group 5, Census Tract 107.01, Lancaster County, Pennsylvania",1573,418
1500000US420710107021,420710107021,"Block Group 1, Census Tract 107.02, Lancaster County, Pennsylvania",1883,269
1500000US420710107022,420710107022,"Block Group 2, Census Tract 107.02, Lancaster County, Pennsylvania",2828,290
1500000US420710107023,420710107023,"Block Group 3, Census Tract 107.02, Lancaster County, Pennsylvania",1138,207
1500000US420710108011,420710108011,"Block Group 1, Census Tract 108.01, Lancaster County, Pennsylvania",2844,351
1500000US420710108012,420710108012,"Block Group 2, Census Tract 108.01, Lancaster County, Pennsylvania",2786,389
1500000US420710108013,420710108013,"Block Group 3, Census Tract 108.01, Lancaster County, Pennsylvania",1562,376
1500000US420710108014,420710108014,"Block Group 4, Census Tract 108.01, Lancaster County, Pennsylvania",1453,269
1500000US420710108021,420710108021,"Block Group 1, Census Tract 108.02, Lancaster County, Pennsylvania",1875,238
1500000US420710108022,420710108022,"Block Group 2, Census Tract 108.02, Lancaster County, Pennsylvania",1543,237
1500000US420710109001,420710109001,"Block Group 1, Census Tract 109, Lancaster County, Pennsylvania",1746,279
1500000US420710109002,420710109002,"Block Group 2, Census Tract 109, Lancaster County, Pennsylvania",2603,355
1500000US420710109003,420710109003,"Block Group 3, Census Tract 109, Lancaster County, Pennsylvania",813,230
1500000US420710109004,420710109004,"Block Group 4, Census Tract 109, Lancaster County, Pennsylvania",2909,389
1500000US420710110001,420710110001,"Block Group 1, Census Tract 110, Lancaster County, Pennsylvania",1407,155
1500000US420710110002,420710110002,"Block Group 2, Census Tract 110, Lancaster County, Pennsylvania",1208,157
1500000US420710111001,420710111001,"Block Group 1, Census Tract 111, Lancaster County, Pennsylvania",1150,354
1500000US420710111002,420710111002,"Block Group 2, Census Tract 111, Lancaster County, Pennsylvania",1420,328
1500000US420710111003,420710111003,"Block Group 3, Census Tract 111, Lancaster County, Pennsylvania",3104,520
1500000US420710111004,420710111004,"Block Group 4, Census Tract 111, Lancaster County, Pennsylvania",2528,523
1500000US420710112001,420710112001,"Block Group 1, Census Tract 112, Lancaster County, Pennsylvania",1846,217
1500000US420710113001,420710113001,"Block Group 1, Census Tract 113, Lancaster County, Pennsylvania",1615,281
1500000US420710113002,420710113002,"Block Group 2, Census Tract 113, Lancaster County, Pennsylvania",1647,343
1500000US420710113003,420710113003,"Block Group 3, Census Tract 113, Lancaster County, Pennsylvania",1115,344
1500000US420710114001,420710114001,"Block Group 1, Census Tract 114, Lancaster County, Pennsylvania",873,281
1500000US420710114002,420710114002,"Block Group 2, Census Tract 114, Lancaster County, Pennsylvania",1718,322
1500000US420710114003,420710114003,"Block Group 3, Census Tract 114, Lancaster County, Pennsylvania",1616,320
1500000US420710115021,420710115021,"Block Group 1, Census Tract 115.02, Lancaster County, Pennsylvania",1583,330
1500000US420710115022,420710115022,"Block Group 2, Census Tract 115.02, Lancaster County, Pennsylvania",2596,501
1500000US420710115023,420710115023,"Block Group 3, Census Tract 115.02, Lancaster County, Pennsylvania",2091,419
1500000US420710115031,420710115031,"Block Group 1, Census Tract 115.03, Lancaster County, Pennsylvania",1811,345
1500000US420710115032,420710115032,"Block Group 2, Census Tract 115.03, Lancaster County, Pennsylvania",1185,296
1500000US420710115033,420710115033,"Block Group 3, Census Tract 115.03, Lancaster County, Pennsylvania",1596,381
1500000US420710115034,420710115034,"Block Group 4, Census Tract 115.03, Lancaster County, Pennsylvania",706,226
1500000US420710115041,420710115041,"Block Group 1, Census Tract 115.04, Lancaster County, Pennsylvania",3075,463
1500000US420710115042,420710115042,"Block Group 2, Census Tract 115.04, Lancaster County, Pennsylvania",3080,459
1500000US420710115043,420710115043,"Block Group 3, Census Tract 115.04, Lancaster County, Pennsylvania",1551,288
1500000US420710116001,420710116001,"Block Group 1, Census Tract 116, Lancaster County, Pennsylvania",1535,524
1500000US420710116002,420710116002,"Block Group 2, Census Tract 116, Lancaster County, Pennsylvania",977,185
1500000US420710116003,420710116003,"Block Group 3, Census Tract 116, Lancaster County, Pennsylvania",1875,277
1500000US420710116004,420710116004,"Block Group 4, Census Tract 116, Lancaster County, Pennsylvania",1853,276
1500000US420710117011,420710117011,"Block Group 1, Census Tract 117.01, Lancaster County, Pennsylvania",1736,363
1500000US420710117012,420710117012,"Block Group 2, Census Tract 117.01, Lancaster County, Pennsylvania",1812,301
1500000US420710117013,420710117013,"Block Group 3, Census Tract 117.01, Lancaster County, Pennsylvania",1182,377
1500000US420710117031,420710117031,"Block Group 1, Census Tract 117.03, Lancaster County, Pennsylvania",1164,347
1500000US420710117032,420710117032,"Block Group 2, Census Tract 117.03, Lancaster County, Pennsylvania",2043,335
1500000US420710117033,420710117033,"Block Group 3, Census Tract 117.03, Lancaster County, Pennsylvania",2999,391
1500000US420710117034,420710117034,"Block Group 4, Census Tract 117.03, Lancaster County, Pennsylvania",1584,292
1500000US420710117041,420710117041,"Block Group 1, Census Tract 117.04, Lancaster County, Pennsylvania",2620,267
1500000US420710117042,420710117042,"Block Group 2, Census Tract 117.04, Lancaster County, Pennsylvania",1836,197
1500000US420710117051,420710117051,"Block Group 1, Census Tract 117.05, Lancaster County, Pennsylvania",2170,395
1500000US420710117052,420710117052,"Block Group 2, Census Tract 117.05, Lancaster County, Pennsylvania",582,190
1500000US420710117053,420710117053,"Block Group 3, Census Tract 117.05, Lancaster County, Pennsylvania",2778,345
1500000US420710118011,420710118011,"Block Group 1, Census Tract 118.01, Lancaster County, Pennsylvania",781,145
1500000US420710118012,420710118012,"Block Group 2, Census Tract 118.01, Lancaster County, Pennsylvania",2177,205
1500000US420710118021,420710118021,"Block Group 1, Census Tract 118.02, Lancaster County, Pennsylvania",2493,372
1500000US420710118022,420710118022,"Block Group 2, Census Tract 118.02, Lancaster County, Pennsylvania",1275,203
1500000US420710118023,420710118023,"Block Group 3, Census Tract 118.02, Lancaster County, Pennsylvania",1659,328
1500000US420710118024,420710118024,"Block Group 4, Census Tract 118.02, Lancaster County, Pennsylvania",606,167
1500000US420710118031,420710118031,"Block Group 1, Census Tract 118.03, Lancaster County, Pennsylvania",1613,407
1500000US420710118032,420710118032,"Block Group 2, Census Tract 118.03, Lancaster County, Pennsylvania",1231,295
1500000US420710118033,420710118033,"Block Group 3, Census Tract 118.03, Lancaster County, Pennsylvania",1651,310
1500000US420710118034,420710118034,"Block Group 4, Census Tract 118.03, Lancaster County, Pennsylvania",2206,361
1500000US420710118041,420710118041,"Block Group 1, Census Tract 118.04, Lancaster County, Pennsylvania",2993,516
1500000US420710118042,420710118042,"Block Group 2, Census Tract 118.04, Lancaster County, Pennsylvania",662,253
1500000US420710118043,420710118043,"Block Group 3, Census Tract 118.04, Lancaster County, Pennsylvania",930,259
1500000US420710118044,420710118044,"Block Group 4, Census Tract 118.04, Lancaster County, Pennsylvania",1992,403
1500000US420710118045,420710118045,"Block Group 5, Census Tract 118.04, Lancaster County, Pennsylvania",1876,432
1500000US420710118051,420710118051,"Block Group 1, Census Tract 118.05, Lancaster County, Pennsylvania",1280,228
1500000US420710118052,420710118052,"Block Group 2, Census Tract 118.05, Lancaster County, Pennsylvania",1129,198
1500000US420710119011,420710119011,"Block Group 1, Census Tract 119.01, Lancaster County, Pennsylvania",2828,336
1500000US420710119012,420710119012,"Block Group 2, Census Tract 119.01, Lancaster County, Pennsylvania",2926,397
1500000US420710119021,420710119021,"Block Group 1, Census Tract 119.02, Lancaster County, Pennsylvania",1688,357
1500000US420710119022,420710119022,"Block Group 2, Census Tract 119.02, Lancaster County, Pennsylvania",1442,273
1500000US420710119023,420710119023,"Block Group 3, Census Tract 119.02, Lancaster County, Pennsylvania",1709,273
1500000US420710119024,420710119024,"Block Group 4, Census Tract 119.02, Lancaster County, Pennsylvania",2611,393
1500000US420710120011,420710120011,"Block Group 1, Census Tract 120.01, Lancaster County, Pennsylvania",1137,276
1500000US420710120012,420710120012,"Block Group 2, Census Tract 120.01, Lancaster County, Pennsylvania",520,149
1500000US420710120013,420710120013,"Block Group 3, Census Tract 120.01, Lancaster County, Pennsylvania",771,269
1500000US420710120014,420710120014,"Block Group 4, Census Tract 120.01, Lancaster County, Pennsylvania",869,209
1500000US420710120015,420710120015,"Block Group 5, Census Tract 120.01, Lancaster County, Pennsylvania",2115,347
1500000US420710120021,420710120021,"Block Group 1, Census Tract 120.02, Lancaster County, Pennsylvania",1321,167
1500000US420710120022,420710120022,"Block Group 2, Census Tract 120.02, Lancaster County, Pennsylvania",895,184
1500000US420710120023,420710120023,"Block Group 3, Census Tract 120.02, Lancaster County, Pennsylvania",1641,217
1500000US420710121021,420710121021,"Block Group 1, Census Tract 121.02, Lancaster County, Pennsylvania",2661,380
1500000US420710121022,420710121022,"Block Group 2, Census Tract 121.02, Lancaster County, Pennsylvania",3080,392
1500000US420710121023,420710121023,"Block Group 3, Census Tract 121.02, Lancaster County, Pennsylvania",1724,368
1500000US420710121024,420710121024,"Block Group 4, Census Tract 121.02, Lancaster County, Pennsylvania",771,205
1500000US420710121031,420710121031,"Block Group 1, Census Tract 121.03, Lancaster County, Pennsylvania",2764,261
1500000US420710121032,420710121032,"Block Group 2, Census Tract 121.03, Lancaster County, Pennsylvania",1491,273
1500000US420710121041,420710121041,"Block Group 1, Census Tract 121.04, Lancaster County, Pennsylvania",4033,441
1500000US420710121042,420710121042,"Block Group 2, Census Tract 121.04, Lancaster County, Pennsylvania",1054,320
1500000US420710121043,420710121043,"Block Group 3, Census Tract 121.04, Lancaster County, Pennsylvania",896,229
1500000US420710122001,420710122001,"Block Group 1, Census Tract 122, Lancaster County, Pennsylvania",1547,357
1500000US420710122002,420710122002,"Block Group 2, Census Tract 122, Lancaster County, Pennsylvania",1068,247
1500000US420710122003,420710122003,"Block Group 3, Census Tract 122, Lancaster County, Pennsylvania",2117,505
1500000US420710122004,420710122004,"Block Group 4, Census Tract 122, Lancaster County, Pennsylvania",2437,369
1500000US420710123011,420710123011,"Block Group 1, Census Tract 123.01, Lancaster County, Pennsylvania",948,199
1500000US420710123012,420710123012,"Block Group 2, Census Tract 123.01, Lancaster County, Pennsylvania",1649,237
1500000US420710123013,420710123013,"Block Group 3, Census Tract 123.01, Lancaster County, Pennsylvania",712,162
1500000US420710123021,420710123021,"Block Group 1, Census Tract 123.02, Lancaster County, Pennsylvania",1038,280
1500000US420710123022,420710123022,"Block Group 2, Census Tract 123.02, Lancaster County, Pennsylvania",1355,270
1500000US420710123023,420710123023,"Block Group 3, Census Tract 123.02, Lancaster County, Pennsylvania",914,201
1500000US420710124021,420710124021,"Block Group 1, Census Tract 124.02, Lancaster County, Pennsylvania",618,146
1500000US420710124022,420710124022,"Block Group 2, Census Tract 124.02, Lancaster County, Pennsylvania",1362,217
1500000US420710124023,420710124023,"Block Group 3, Census Tract 124.02, Lancaster County, Pennsylvania",878,160
1500000US420710124024,420710124024,"Block Group 4, Census Tract 124.02, Lancaster County, Pennsylvania",1117,274
1500000US420710124031,420710124031,"Block Group 1, Census Tract 124.03, Lancaster County, Pennsylvania",3140,262
1500000US420710124032,420710124032,"Block Group 2, Census Tract 124.03, Lancaster County, Pennsylvania",1692,268
1500000US420710124041,420710124041,"Block Group 1, Census Tract 124.04, Lancaster County, Pennsylvania",1540,226
1500000US420710124042,420710124042,"Block Group 2, Census Tract 124.04, Lancaster County, Pennsylvania",1898,273
1500000US420710124043,420710124043,"Block Group 3, Census Tract 124.04, Lancaster County, Pennsylvania",1378,244
1500000US420710124044,420710124044,"Block Group 4, Census Tract 124.04, Lancaster County, Pennsylvania",541,204
1500000US420710125011,420710125011,"Block Group 1, Census Tract 125.01, Lancaster County, Pennsylvania",2462,437
1500000US420710125012,420710125012,"Block Group 2, Census Tract 125.01, Lancaster County, Pennsylvania",2423,638
1500000US420710125013,420710125013,"Block Group 3, Census Tract 125.01, Lancaster County, Pennsylvania",2196,270
1500000US420710125014,420710125014,"Block Group 4, Census Tract 125.01, Lancaster County, Pennsylvania",892,233
1500000US420710125021,420710125021,"Block Group 1, Census Tract 125.02, Lancaster County, Pennsylvania",1142,273
1500000US420710125022,420710125022,"Block Group 2, Census Tract 125.02, Lancaster County, Pennsylvania",1931,543
1500000US420710125023,420710125023,"Block Group 3, Census Tract 125.02, Lancaster County, Pennsylvania",1610,227
1500000US420710126011,420710126011,"Block Group 1, Census Tract 126.01, Lancaster County, Pennsylvania",1276,297
1500000US420710126012,420710126012,"Block Group 2, Census Tract 126.01, Lancaster County, Pennsylvania",3266,517
1500000US420710126013,420710126013,"Block Group 3, Census Tract 126.01, Lancaster County, Pennsylvania",2890,476
1500000US420710126021,420710126021,"Block Group 1, Census Tract 126.02, Lancaster County, Pennsylvania",2271,329
1500000US420710126022,420710126022,"Block Group 2, Census Tract 126.02, Lancaster County, Pennsylvania",1307,320
1500000US420710126023,420710126023,"Block Group 3, Census Tract 126.02, Lancaster County, Pennsylvania",1216,298
1500000US420710127001,420710127001,"Block Group 1, Census Tract 127, Lancaster County, Pennsylvania",2631,477
1500000US420710127002,420710127002,"Block Group 2, Census Tract 127, Lancaster County, Pennsylvania",2663,417
1500000US420710127003,420710127003,"Block Group 3, Census Tract 127, Lancaster County, Pennsylvania",1439,361
1500000US420710127004,420710127004,"Block Group 4, Census Tract 127, Lancaster County, Pennsylvania",1418,361
1500000US420710128001,420710128001,"Block Group 1, Census Tract 128, Lancaster County, Pennsylvania",1806,330
1500000US420710128002,420710128002,"Block Group 2, Census Tract 128, Lancaster County, Pennsylvania",1849,321
1500000US420710128003,420710128003,"Block Group 3, Census Tract 128, Lancaster County, Pennsylvania",1790,278
1500000US420710129001,420710129001,"Block Group 1, Census Tract 129, Lancaster County, Pennsylvania",1868,405
1500000US420710129002,420710129002,"Block Group 2, Census Tract 129, Lancaster County, Pennsylvania",1423,354
1500000US420710129003,420710129003,"Block Group 3, Census Tract 129, Lancaster County, Pennsylvania",3886,471
1500000US420710130001,420710130001,"Block Group 1, Census Tract 130, Lancaster County, Pennsylvania",1721,557
1500000US420710130002,420710130002,"Block Group 2, Census Tract 130, Lancaster County, Pennsylvania",1838,392
1500000US420710130003,420710130003,"Block Group 3, Census Tract 130, Lancaster County, Pennsylvania",2395,527
1500000US420710130004,420710130004,"Block Group 4, Census Tract 130, Lancaster County, Pennsylvania",1446,367
1500000US420710130005,420710130005,"Block Group 5, Census Tract 130, Lancaster County, Pennsylvania",793,358
1500000US420710131011,420710131011,"Block Group 1, Census Tract 131.01, Lancaster County, Pennsylvania",2878,375
1500000US420710131012,420710131012,"Block Group 2, Census Tract 131.01, Lancaster County, Pennsylvania",2335,279
1500000US420710131021,420710131021,"Block Group 1, Census Tract 131.02, Lancaster County, Pennsylvania",2409,253
1500000US420710131022,420710131022,"Block Group 2, Census Tract 131.02, Lancaster County, Pennsylvania",1257,280
1500000US420710132021,420710132021,"Block Group 1, Census Tract 132.02, Lancaster County, Pennsylvania",1076,304
1500000US420710132022,420710132022,"Block Group 2, Census Tract 132.02, Lancaster County, Pennsylvania",2090,352
1500000US420710132023,420710132023,"Block Group 3, Census Tract 132.02, Lancaster County, Pennsylvania",2792,437
1500000US420710132031,420710132031,"Block Group 1, Census Tract 132.03, Lancaster County, Pennsylvania",1106,277
1500000US420710132032,420710132032,"Block Group 2, Census Tract 132.03, Lancaster County, Pennsylvania",2304,389
1500000US420710132033,420710132033,"Block Group 3, Census Tract 132.03, Lancaster County, Pennsylvania",1875,272
1500000US420710132041,420710132041,"Block Group 1, Census Tract 132.04, Lancaster County, Pennsylvania",2294,445
1500000US420710132042,420710132042,"Block Group 2, Census Tract 132.04, Lancaster County, Pennsylvania",1297,345
1500000US420710132043,420710132043,"Block Group 3, Census Tract 132.04, Lancaster County, Pennsylvania",1421,392
1500000US420710132044,420710132044,"Block Group 4, Census Tract 132.04, Lancaster County, Pennsylvania",1011,451
1500000US420710132045,420710132045,"Block Group 5, Census Tract 132.04, Lancaster County, Pennsylvania",599,312
1500000US420710133011,420710133011,"Block Group 1, Census Tract 133.01, Lancaster County, Pennsylvania",1117,191
1500000US420710133012,420710133012,"Block Group 2, Census Tract 133.01, Lancaster County, Pennsylvania",1931,234
1500000US420710133013,420710133013,"Block Group 3, Census Tract 133.01, Lancaster County, Pennsylvania",1386,204
1500000US420710133031,420710133031,"Block Group 1, Census Tract 133.03, Lancaster County, Pennsylvania",1257,289
1500000US420710133032,420710133032,"Block Group 2, Census Tract 133.03, Lancaster County, Pennsylvania",1956,396
1500000US420710133033,420710133033,"Block Group 3, Census Tract 133.03, Lancaster County, Pennsylvania",1569,352
1500000US420710133041,420710133041,"Block Group 1, Census Tract 133.04, Lancaster County, Pennsylvania",1132,337
1500000US420710133042,420710133042,"Block Group 2, Census Tract 133.04, Lancaster County, Pennsylvania",2112,296
1500000US420710133043,420710133043,"Block Group 3, Census Tract 133.04, Lancaster County, Pennsylvania",2218,386
1500000US420710133044,420710133044,"Block Group 4, Census Tract 133.04, Lancaster County, Pennsylvania",2154,389
1500000US420710134001,420710134001,"Block Group 1, Census Tract 134, Lancaster County, Pennsylvania",1569,257
1500000US420710134002,420710134002,"Block Group 2, Census Tract 134, Lancaster County, Pennsylvania",1571,326
1500000US420710135011,420710135011,"Block Group 1, Census Tract 135.01, Lancaster County, Pennsylvania",3296,604
1500000US420710135012,420710135012,"Block Group 2, Census Tract 135.01, Lancaster County, Pennsylvania",1314,342
1500000US420710135013,420710135013,"Block Group 3, Census Tract 135.01, Lancaster County, Pennsylvania",4425,611
1500000US420710135014,420710135014,"Block Group 4, Census Tract 135.01, Lancaster County, Pennsylvania",1251,258
1500000US420710135021,420710135021,"Block Group 1, Census Tract 135.02, Lancaster County, Pennsylvania",1215,206
1500000US420710135022,420710135022,"Block Group 2, Census Tract 135.02, Lancaster County, Pennsylvania",483,114
1500000US420710135023,420710135023,"Block Group 3, Census Tract 135.02, Lancaster County, Pennsylvania",1591,287
1500000US420710135024,420710135024,"Block Group 4, Census Tract 135.02, Lancaster County, Pennsylvania",990,246
1500000US420710135031,420710135031,"Block Group 1, Census Tract 135.03, Lancaster County, Pennsylvania",1177,215
1500000US420710135032,420710135032,"Block Group 2, Census Tract 135.03, Lancaster County, Pennsylvania",1205,177
1500000US420710136011,420710136011,"Block Group 1, Census Tract 136.01, Lancaster County, Pennsylvania",1055,169
1500000US420710136012,420710136012,"Block Group 2, Census Tract 136.01, Lancaster County, Pennsylvania",1497,246
1500000US420710136021,420710136021,"Block Group 1, Census Tract 136.02, Lancaster County, Pennsylvania",2697,405
1500000US420710136022,420710136022,"Block Group 2, Census Tract 136.02, Lancaster County, Pennsylvania",1297,293
1500000US420710136023,420710136023,"Block Group 3, Census Tract 136.02, Lancaster County, Pennsylvania",2187,383
1500000US420710137011,420710137011,"Block Group 1, Census Tract 137.01, Lancaster County, Pennsylvania",770,203
1500000US420710137012,420710137012,"Block Group 2, Census Tract 137.01, Lancaster County, Pennsylvania",1729,391
1500000US420710137013,420710137013,"Block Group 3, Census Tract 137.01, Lancaster County, Pennsylvania",2339,332
1500000US420710137021,420710137021,"Block Group 1, Census Tract 137.02, Lancaster County, Pennsylvania",2927,370
1500000US420710137022,420710137022,"Block Group 2, Census Tract 137.02, Lancaster County, Pennsylvania",2055,343
1500000US420710137023,420710137023,"Block Group 3, Census Tract 137.02, Lancaster County, Pennsylvania",1317,273
1500000US420710137024,420710137024,"Block Group 4, Census Tract 137.02, Lancaster County, Pennsylvania",3545,507
1500000US420710138001,420710138001,"Block Group 1, Census Tract 138, Lancaster County, Pennsylvania",1443,219
1500000US420710138002,420710138002,"Block Group 2, Census Tract 138, Lancaster County, Pennsylvania",1146,221
1500000US420710138003,420710138003,"Block Group 3, Census Tract 138, Lancaster County, Pennsylvania",1264,247
1500000US420710139011,420710139011,"Block Group 1, Census Tract 139.01, Lancaster County, Pennsylvania",1013,252
1500000US420710139012,420710139012,"Block Group 2, Census Tract 139.01, Lancaster County, Pennsylvania",1669,252
1500000US420710139013,420710139013,"Block Group 3, Census Tract 139.01, Lancaster County, Pennsylvania",1122,195
1500000US420710139014,420710139014,"Block Group 4, Census Tract 139.01, Lancaster County, Pennsylvania",948,176
1500000US420710139021,420710139021,"Block Group 1, Census Tract 139.02, Lancaster County, Pennsylvania",1832,209
1500000US420710139022,420710139022,"Block Group 2, Census Tract 139.02, Lancaster County, Pennsylvania",1003,145
1500000US420710139023,420710139023,"Block Group 3, Census Tract 139.02, Lancaster County, Pennsylvania",1031,207
1500000US420710140001,420710140001,"Block Group 1, Census Tract 140, Lancaster County, Pennsylvania",1322,269
1500000US420710140002,420710140002,"Block Group 2, Census Tract 140, Lancaster County, Pennsylvania",1624,270
1500000US420710140003,420710140003,"Block Group 3, Census Tract 140, Lancaster County, Pennsylvania",1068,325
1500000US420710140004,420710140004,"Block Group 4, Census Tract 140, Lancaster County, Pennsylvania",1865,446
1500000US420710140005,420710140005,"Block Group 5, Census Tract 140, Lancaster County, Pennsylvania",1310,303
1500000US420710141011,420710141011,"Block Group 1, Census Tract 141.01, Lancaster County, Pennsylvania",1955,456
1500000US420710141012,420710141012,"Block Group 2, Census Tract 141.01, Lancaster County, Pennsylvania",1495,411
1500000US420710141013,420710141013,"Block Group 3, Census Tract 141.01, Lancaster County, Pennsylvania",2029,417
1500000US420710141021,420710141021,"Block Group 1, Census Tract 141.02, Lancaster County, Pennsylvania",1879,389
1500000US420710141022,420710141022,"Block Group 2, Census Tract 141.02, Lancaster County, Pennsylvania",3634,392
1500000US420710142011,420710142011,"Block Group 1, Census Tract 142.01, Lancaster County, Pennsylvania",2351,438
1500000US420710142012,420710142012,"Block Group 2, Census Tract 142.01, Lancaster County, Pennsylvania",1852,390
1500000US420710142013,420710142013,"Block Group 3, Census Tract 142.01, Lancaster County, Pennsylvania",1590,593
1500000US420710142021,420710142021,"Block Group 1, Census Tract 142.02, Lancaster County, Pennsylvania",1283,288
1500000US420710142022,420710142022,"Block Group 2, Census Tract 142.02, Lancaster County, Pennsylvania",2255,333
1500000US420710142023,420710142023,"Block Group 3, Census Tract 142.02, Lancaster County, Pennsylvania",2054,356
1500000US420710143001,420710143001,"Block Group 1, Census Tract 143, Lancaster County, Pennsylvania",1691,198
1500000US420710143002,420710143002,"Block Group 2, Census Tract 143, Lancaster County, Pennsylvania",1780,284
1500000US420710143003,420710143003,"Block Group 3, Census Tract 143, Lancaster County, Pennsylvania",1506,284
1500000US420710143004,420710143004,"Block Group 4, Census Tract 143, Lancaster County, Pennsylvania",1439,268
1500000US420710143005,420710143005,"Block Group 5, Census Tract 143, Lancaster County, Pennsylvania",1307,285
1500000US420710144011,420710144011,"Block Group 1, Census Tract 144.01, Lancaster County, Pennsylvania",1745,537
1500000US420710144012,420710144012,"Block Group 2, Census Tract 144.01, Lancaster County, Pennsylvania",2779,590
1500000US420710144013,420710144013,"Block Group 3, Census Tract 144.01, Lancaster County, Pennsylvania",1190,350
1500000US420710144014,420710144014,"Block Group 4, Census Tract 144.01, Lancaster County, Pennsylvania",1277,302
1500000US420710144021,420710144021,"Block Group 1, Census Tract 144.02, Lancaster County, Pennsylvania",2736,29
1500000US420710144022,420710144022,"Block Group 2, Census Tract 144.02, Lancaster County, Pennsylvania",2039,225
1500000US420710145011,420710145011,"Block Group 1, Census Tract 145.01, Lancaster County, Pennsylvania",979,321
1500000US420710145012,420710145012,"Block Group 2, Census Tract 145.01, Lancaster County, Pennsylvania",2086,261
1500000US420710145013,420710145013,"Block Group 3, Census Tract 145.01, Lancaster County, Pennsylvania",2167,294
1500000US420710145021,420710145021,"Block Group 1, Census Tract 145.02, Lancaster County, Pennsylvania",1293,171
1500000US420710145022,420710145022,"Block Group 2, Census Tract 145.02, Lancaster County, Pennsylvania",1338,174
1500000US420710145023,420710145023,"Block Group 3, Census Tract 145.02, Lancaster County, Pennsylvania",1760,243
1500000US420710145024,420710145024,"Block Group 4, Census Tract 145.02, Lancaster County, Pennsylvania",1399,242
1500000US420710146011,420710146011,"Block Group 1, Census Tract 146.01, Lancaster County, Pennsylvania",1455,319
1500000US420710146012,420710146012,"Block Group 2, Census Tract 146.01, Lancaster County, Pennsylvania",2394,320
1500000US420710146021,420710146021,"Block Group 1, Census Tract 146.02, Lancaster County, Pennsylvania",1665,343
1500000US420710146022,420710146022,"Block Group 2, Census Tract 146.02, Lancaster County, Pennsylvania",2215,325
1500000US420710146023,420710146023,"Block Group 3, Census Tract 146.02, Lancaster County, Pennsylvania",2002,326
1500000US420710146024,420710146024,"Block Group 4, Census Tract 146.02, Lancaster County, Pennsylvania",2143,344
1500000US420710147001,420710147001,"Block Group 1, Census Tract 147, Lancaster County, Pennsylvania",1568,408
1500000US420710147002,420710147002,"Block Group 2, Census Tract 147, Lancaster County, Pennsylvania",1551,454
1500000US420710147003,420710147003,"Block Group 3, Census Tract 147, Lancaster County, Pennsylvania",1603,442
