GEO.id,GEO.id2,GEO.display-label,HD01_VD01,HD02_VD01
Id,Id2,Geography,Estimate; Total,Margin of Error; Total
1500000US240317001011,240317001011,"Block Group 1, Census Tract 7001.01, Montgomery County, Maryland",1849,326
1500000US240317001012,240317001012,"Block Group 2, Census Tract 7001.01, Montgomery County, Maryland",1869,353
1500000US240317001013,240317001013,"Block Group 3, Census Tract 7001.01, Montgomery County, Maryland",695,239
1500000US240317001031,240317001031,"Block Group 1, Census Tract 7001.03, Montgomery County, Maryland",1239,252
1500000US240317001032,240317001032,"Block Group 2, Census Tract 7001.03, Montgomery County, Maryland",917,175
1500000US240317001033,240317001033,"Block Group 3, Census Tract 7001.03, Montgomery County, Maryland",3158,234
1500000US240317001041,240317001041,"Block Group 1, Census Tract 7001.04, Montgomery County, Maryland",2560,370
1500000US240317001042,240317001042,"Block Group 2, Census Tract 7001.04, Montgomery County, Maryland",2076,407
1500000US240317001043,240317001043,"Block Group 3, Census Tract 7001.04, Montgomery County, Maryland",1016,188
1500000US240317001051,240317001051,"Block Group 1, Census Tract 7001.05, Montgomery County, Maryland",1474,356
1500000US240317001052,240317001052,"Block Group 2, Census Tract 7001.05, Montgomery County, Maryland",1987,349
1500000US240317001053,240317001053,"Block Group 3, Census Tract 7001.05, Montgomery County, Maryland",2805,471
1500000US240317002041,240317002041,"Block Group 1, Census Tract 7002.04, Montgomery County, Maryland",1168,197
1500000US240317002042,240317002042,"Block Group 2, Census Tract 7002.04, Montgomery County, Maryland",775,127
1500000US240317002051,240317002051,"Block Group 1, Census Tract 7002.05, Montgomery County, Maryland",6735,658
1500000US240317002052,240317002052,"Block Group 2, Census Tract 7002.05, Montgomery County, Maryland",2740,458
1500000US240317002053,240317002053,"Block Group 3, Census Tract 7002.05, Montgomery County, Maryland",952,245
1500000US240317002061,240317002061,"Block Group 1, Census Tract 7002.06, Montgomery County, Maryland",1815,313
1500000US240317002062,240317002062,"Block Group 2, Census Tract 7002.06, Montgomery County, Maryland",1135,177
1500000US240317002063,240317002063,"Block Group 3, Census Tract 7002.06, Montgomery County, Maryland",2613,358
1500000US240317002071,240317002071,"Block Group 1, Census Tract 7002.07, Montgomery County, Maryland",2557,407
1500000US240317002072,240317002072,"Block Group 2, Census Tract 7002.07, Montgomery County, Maryland",3142,437
1500000US240317002081,240317002081,"Block Group 1, Census Tract 7002.08, Montgomery County, Maryland",1216,163
1500000US240317002082,240317002082,"Block Group 2, Census Tract 7002.08, Montgomery County, Maryland",1169,159
1500000US240317003041,240317003041,"Block Group 1, Census Tract 7003.04, Montgomery County, Maryland",1258,423
1500000US240317003042,240317003042,"Block Group 2, Census Tract 7003.04, Montgomery County, Maryland",2322,563
1500000US240317003043,240317003043,"Block Group 3, Census Tract 7003.04, Montgomery County, Maryland",2537,462
1500000US240317003044,240317003044,"Block Group 4, Census Tract 7003.04, Montgomery County, Maryland",2382,534
1500000US240317003061,240317003061,"Block Group 1, Census Tract 7003.06, Montgomery County, Maryland",1106,257
1500000US240317003062,240317003062,"Block Group 2, Census Tract 7003.06, Montgomery County, Maryland",3619,502
1500000US240317003063,240317003063,"Block Group 3, Census Tract 7003.06, Montgomery County, Maryland",2621,468
1500000US240317003081,240317003081,"Block Group 1, Census Tract 7003.08, Montgomery County, Maryland",1348,397
1500000US240317003082,240317003082,"Block Group 2, Census Tract 7003.08, Montgomery County, Maryland",1632,418
1500000US240317003083,240317003083,"Block Group 3, Census Tract 7003.08, Montgomery County, Maryland",1031,260
1500000US240317003084,240317003084,"Block Group 4, Census Tract 7003.08, Montgomery County, Maryland",2047,424
1500000US240317003091,240317003091,"Block Group 1, Census Tract 7003.09, Montgomery County, Maryland",2540,457
1500000US240317003092,240317003092,"Block Group 2, Census Tract 7003.09, Montgomery County, Maryland",3271,606
1500000US240317003101,240317003101,"Block Group 1, Census Tract 7003.10, Montgomery County, Maryland",3435,587
1500000US240317003102,240317003102,"Block Group 2, Census Tract 7003.10, Montgomery County, Maryland",1232,373
1500000US240317003103,240317003103,"Block Group 3, Census Tract 7003.10, Montgomery County, Maryland",1177,373
1500000US240317003104,240317003104,"Block Group 4, Census Tract 7003.10, Montgomery County, Maryland",638,192
1500000US240317003111,240317003111,"Block Group 1, Census Tract 7003.11, Montgomery County, Maryland",4156,612
1500000US240317003112,240317003112,"Block Group 2, Census Tract 7003.11, Montgomery County, Maryland",910,277
1500000US240317003113,240317003113,"Block Group 3, Census Tract 7003.11, Montgomery County, Maryland",4959,623
1500000US240317003121,240317003121,"Block Group 1, Census Tract 7003.12, Montgomery County, Maryland",1272,247
1500000US240317003122,240317003122,"Block Group 2, Census Tract 7003.12, Montgomery County, Maryland",2210,393
1500000US240317003123,240317003123,"Block Group 3, Census Tract 7003.12, Montgomery County, Maryland",2933,484
1500000US240317004001,240317004001,"Block Group 1, Census Tract 7004, Montgomery County, Maryland",786,127
1500000US240317004002,240317004002,"Block Group 2, Census Tract 7004, Montgomery County, Maryland",1277,172
1500000US240317005001,240317005001,"Block Group 1, Census Tract 7005, Montgomery County, Maryland",2367,365
1500000US240317005002,240317005002,"Block Group 2, Census Tract 7005, Montgomery County, Maryland",2295,437
1500000US240317005003,240317005003,"Block Group 3, Census Tract 7005, Montgomery County, Maryland",2121,388
1500000US240317006041,240317006041,"Block Group 1, Census Tract 7006.04, Montgomery County, Maryland",2818,437
1500000US240317006042,240317006042,"Block Group 2, Census Tract 7006.04, Montgomery County, Maryland",1281,263
1500000US240317006043,240317006043,"Block Group 3, Census Tract 7006.04, Montgomery County, Maryland",1382,246
1500000US240317006044,240317006044,"Block Group 4, Census Tract 7006.04, Montgomery County, Maryland",1059,328
1500000US240317006061,240317006061,"Block Group 1, Census Tract 7006.06, Montgomery County, Maryland",1261,225
1500000US240317006062,240317006062,"Block Group 2, Census Tract 7006.06, Montgomery County, Maryland",930,188
1500000US240317006063,240317006063,"Block Group 3, Census Tract 7006.06, Montgomery County, Maryland",2052,226
1500000US240317006071,240317006071,"Block Group 1, Census Tract 7006.07, Montgomery County, Maryland",1655,347
1500000US240317006072,240317006072,"Block Group 2, Census Tract 7006.07, Montgomery County, Maryland",1315,304
1500000US240317006073,240317006073,"Block Group 3, Census Tract 7006.07, Montgomery County, Maryland",1891,340
1500000US240317006074,240317006074,"Block Group 4, Census Tract 7006.07, Montgomery County, Maryland",2960,389
1500000US240317006081,240317006081,"Block Group 1, Census Tract 7006.08, Montgomery County, Maryland",1912,333
1500000US240317006082,240317006082,"Block Group 2, Census Tract 7006.08, Montgomery County, Maryland",3161,356
1500000US240317006083,240317006083,"Block Group 3, Census Tract 7006.08, Montgomery County, Maryland",967,185
1500000US240317006101,240317006101,"Block Group 1, Census Tract 7006.10, Montgomery County, Maryland",2245,134
1500000US240317006111,240317006111,"Block Group 1, Census Tract 7006.11, Montgomery County, Maryland",2550,422
1500000US240317006112,240317006112,"Block Group 2, Census Tract 7006.11, Montgomery County, Maryland",3806,312
1500000US240317006131,240317006131,"Block Group 1, Census Tract 7006.13, Montgomery County, Maryland",2294,393
1500000US240317006132,240317006132,"Block Group 2, Census Tract 7006.13, Montgomery County, Maryland",2452,410
1500000US240317006133,240317006133,"Block Group 3, Census Tract 7006.13, Montgomery County, Maryland",1019,281
1500000US240317006134,240317006134,"Block Group 4, Census Tract 7006.13, Montgomery County, Maryland",595,190
1500000US240317006141,240317006141,"Block Group 1, Census Tract 7006.14, Montgomery County, Maryland",2015,398
1500000US240317006142,240317006142,"Block Group 2, Census Tract 7006.14, Montgomery County, Maryland",903,387
1500000US240317006143,240317006143,"Block Group 3, Census Tract 7006.14, Montgomery County, Maryland",2385,407
1500000US240317006151,240317006151,"Block Group 1, Census Tract 7006.15, Montgomery County, Maryland",1356,155
1500000US240317006152,240317006152,"Block Group 2, Census Tract 7006.15, Montgomery County, Maryland",1652,196
1500000US240317006161,240317006161,"Block Group 1, Census Tract 7006.16, Montgomery County, Maryland",1001,152
1500000US240317006162,240317006162,"Block Group 2, Census Tract 7006.16, Montgomery County, Maryland",2144,266
1500000US240317006163,240317006163,"Block Group 3, Census Tract 7006.16, Montgomery County, Maryland",1608,247
1500000US240317007041,240317007041,"Block Group 1, Census Tract 7007.04, Montgomery County, Maryland",850,178
1500000US240317007042,240317007042,"Block Group 2, Census Tract 7007.04, Montgomery County, Maryland",1694,417
1500000US240317007043,240317007043,"Block Group 3, Census Tract 7007.04, Montgomery County, Maryland",755,206
1500000US240317007061,240317007061,"Block Group 1, Census Tract 7007.06, Montgomery County, Maryland",3085,348
1500000US240317007062,240317007062,"Block Group 2, Census Tract 7007.06, Montgomery County, Maryland",1397,270
1500000US240317007101,240317007101,"Block Group 1, Census Tract 7007.10, Montgomery County, Maryland",1351,508
1500000US240317007102,240317007102,"Block Group 2, Census Tract 7007.10, Montgomery County, Maryland",709,189
1500000US240317007103,240317007103,"Block Group 3, Census Tract 7007.10, Montgomery County, Maryland",1613,505
1500000US240317007104,240317007104,"Block Group 4, Census Tract 7007.10, Montgomery County, Maryland",1832,600
1500000US240317007105,240317007105,"Block Group 5, Census Tract 7007.10, Montgomery County, Maryland",977,403
1500000US240317007111,240317007111,"Block Group 1, Census Tract 7007.11, Montgomery County, Maryland",2511,315
1500000US240317007112,240317007112,"Block Group 2, Census Tract 7007.11, Montgomery County, Maryland",2347,314
1500000US240317007113,240317007113,"Block Group 3, Census Tract 7007.11, Montgomery County, Maryland",1197,196
1500000US240317007131,240317007131,"Block Group 1, Census Tract 7007.13, Montgomery County, Maryland",1244,307
1500000US240317007132,240317007132,"Block Group 2, Census Tract 7007.13, Montgomery County, Maryland",2152,519
1500000US240317007133,240317007133,"Block Group 3, Census Tract 7007.13, Montgomery County, Maryland",2477,606
1500000US240317007151,240317007151,"Block Group 1, Census Tract 7007.15, Montgomery County, Maryland",2491,473
1500000US240317007152,240317007152,"Block Group 2, Census Tract 7007.15, Montgomery County, Maryland",2036,517
1500000US240317007153,240317007153,"Block Group 3, Census Tract 7007.15, Montgomery County, Maryland",900,358
1500000US240317007154,240317007154,"Block Group 4, Census Tract 7007.15, Montgomery County, Maryland",985,291
1500000US240317007161,240317007161,"Block Group 1, Census Tract 7007.16, Montgomery County, Maryland",2312,507
1500000US240317007162,240317007162,"Block Group 2, Census Tract 7007.16, Montgomery County, Maryland",4097,949
1500000US240317007163,240317007163,"Block Group 3, Census Tract 7007.16, Montgomery County, Maryland",2480,666
1500000US240317007171,240317007171,"Block Group 1, Census Tract 7007.17, Montgomery County, Maryland",2514,571
1500000US240317007172,240317007172,"Block Group 2, Census Tract 7007.17, Montgomery County, Maryland",1495,588
1500000US240317007173,240317007173,"Block Group 3, Census Tract 7007.17, Montgomery County, Maryland",2645,539
1500000US240317007174,240317007174,"Block Group 4, Census Tract 7007.17, Montgomery County, Maryland",820,368
1500000US240317007181,240317007181,"Block Group 1, Census Tract 7007.18, Montgomery County, Maryland",4334,325
1500000US240317007182,240317007182,"Block Group 2, Census Tract 7007.18, Montgomery County, Maryland",1064,248
1500000US240317007191,240317007191,"Block Group 1, Census Tract 7007.19, Montgomery County, Maryland",2243,806
1500000US240317007192,240317007192,"Block Group 2, Census Tract 7007.19, Montgomery County, Maryland",4322,742
1500000US240317007193,240317007193,"Block Group 3, Census Tract 7007.19, Montgomery County, Maryland",3173,929
1500000US240317007201,240317007201,"Block Group 1, Census Tract 7007.20, Montgomery County, Maryland",1706,287
1500000US240317007202,240317007202,"Block Group 2, Census Tract 7007.20, Montgomery County, Maryland",2049,420
1500000US240317007211,240317007211,"Block Group 1, Census Tract 7007.21, Montgomery County, Maryland",1084,288
1500000US240317007212,240317007212,"Block Group 2, Census Tract 7007.21, Montgomery County, Maryland",2208,544
1500000US240317007221,240317007221,"Block Group 1, Census Tract 7007.22, Montgomery County, Maryland",2255,420
1500000US240317007222,240317007222,"Block Group 2, Census Tract 7007.22, Montgomery County, Maryland",681,192
1500000US240317007223,240317007223,"Block Group 3, Census Tract 7007.22, Montgomery County, Maryland",1789,370
1500000US240317007231,240317007231,"Block Group 1, Census Tract 7007.23, Montgomery County, Maryland",1477,328
1500000US240317007232,240317007232,"Block Group 2, Census Tract 7007.23, Montgomery County, Maryland",1324,181
1500000US240317007233,240317007233,"Block Group 3, Census Tract 7007.23, Montgomery County, Maryland",919,281
1500000US240317007241,240317007241,"Block Group 1, Census Tract 7007.24, Montgomery County, Maryland",3635,393
1500000US240317008101,240317008101,"Block Group 1, Census Tract 7008.10, Montgomery County, Maryland",770,299
1500000US240317008102,240317008102,"Block Group 2, Census Tract 7008.10, Montgomery County, Maryland",2903,401
1500000US240317008103,240317008103,"Block Group 3, Census Tract 7008.10, Montgomery County, Maryland",1713,360
1500000US240317008111,240317008111,"Block Group 1, Census Tract 7008.11, Montgomery County, Maryland",1355,309
1500000US240317008112,240317008112,"Block Group 2, Census Tract 7008.11, Montgomery County, Maryland",948,294
1500000US240317008113,240317008113,"Block Group 3, Census Tract 7008.11, Montgomery County, Maryland",2036,383
1500000US240317008121,240317008121,"Block Group 1, Census Tract 7008.12, Montgomery County, Maryland",2482,317
1500000US240317008122,240317008122,"Block Group 2, Census Tract 7008.12, Montgomery County, Maryland",1631,268
1500000US240317008131,240317008131,"Block Group 1, Census Tract 7008.13, Montgomery County, Maryland",1123,255
1500000US240317008132,240317008132,"Block Group 2, Census Tract 7008.13, Montgomery County, Maryland",1264,341
1500000US240317008133,240317008133,"Block Group 3, Census Tract 7008.13, Montgomery County, Maryland",1120,221
1500000US240317008134,240317008134,"Block Group 4, Census Tract 7008.13, Montgomery County, Maryland",2416,425
1500000US240317008151,240317008151,"Block Group 1, Census Tract 7008.15, Montgomery County, Maryland",2396,585
1500000US240317008152,240317008152,"Block Group 2, Census Tract 7008.15, Montgomery County, Maryland",2551,1018
1500000US240317008153,240317008153,"Block Group 3, Census Tract 7008.15, Montgomery County, Maryland",859,516
1500000US240317008154,240317008154,"Block Group 4, Census Tract 7008.15, Montgomery County, Maryland",1647,532
1500000US240317008161,240317008161,"Block Group 1, Census Tract 7008.16, Montgomery County, Maryland",2843,673
1500000US240317008162,240317008162,"Block Group 2, Census Tract 7008.16, Montgomery County, Maryland",2552,618
1500000US240317008163,240317008163,"Block Group 3, Census Tract 7008.16, Montgomery County, Maryland",1901,468
1500000US240317008164,240317008164,"Block Group 4, Census Tract 7008.16, Montgomery County, Maryland",1657,458
1500000US240317008171,240317008171,"Block Group 1, Census Tract 7008.17, Montgomery County, Maryland",1526,360
1500000US240317008172,240317008172,"Block Group 2, Census Tract 7008.17, Montgomery County, Maryland",1886,372
1500000US240317008173,240317008173,"Block Group 3, Census Tract 7008.17, Montgomery County, Maryland",3047,500
1500000US240317008181,240317008181,"Block Group 1, Census Tract 7008.18, Montgomery County, Maryland",1259,510
1500000US240317008182,240317008182,"Block Group 2, Census Tract 7008.18, Montgomery County, Maryland",2249,431
1500000US240317008183,240317008183,"Block Group 3, Census Tract 7008.18, Montgomery County, Maryland",1445,377
1500000US240317008184,240317008184,"Block Group 4, Census Tract 7008.18, Montgomery County, Maryland",1901,632
1500000US240317008191,240317008191,"Block Group 1, Census Tract 7008.19, Montgomery County, Maryland",1369,435
1500000US240317008192,240317008192,"Block Group 2, Census Tract 7008.19, Montgomery County, Maryland",1315,460
1500000US240317008193,240317008193,"Block Group 3, Census Tract 7008.19, Montgomery County, Maryland",3077,520
1500000US240317008194,240317008194,"Block Group 4, Census Tract 7008.19, Montgomery County, Maryland",1345,342
1500000US240317008201,240317008201,"Block Group 1, Census Tract 7008.20, Montgomery County, Maryland",2769,229
1500000US240317008221,240317008221,"Block Group 1, Census Tract 7008.22, Montgomery County, Maryland",1850,208
1500000US240317008231,240317008231,"Block Group 1, Census Tract 7008.23, Montgomery County, Maryland",2707,232
1500000US240317008232,240317008232,"Block Group 2, Census Tract 7008.23, Montgomery County, Maryland",739,244
1500000US240317008241,240317008241,"Block Group 1, Census Tract 7008.24, Montgomery County, Maryland",2866,282
1500000US240317008261,240317008261,"Block Group 1, Census Tract 7008.26, Montgomery County, Maryland",963,159
1500000US240317008262,240317008262,"Block Group 2, Census Tract 7008.26, Montgomery County, Maryland",2312,324
1500000US240317008263,240317008263,"Block Group 3, Census Tract 7008.26, Montgomery County, Maryland",2300,367
1500000US240317008281,240317008281,"Block Group 1, Census Tract 7008.28, Montgomery County, Maryland",2221,143
1500000US240317008291,240317008291,"Block Group 1, Census Tract 7008.29, Montgomery County, Maryland",1631,263
1500000US240317008292,240317008292,"Block Group 2, Census Tract 7008.29, Montgomery County, Maryland",1579,210
1500000US240317008301,240317008301,"Block Group 1, Census Tract 7008.30, Montgomery County, Maryland",3193,328
1500000US240317008321,240317008321,"Block Group 1, Census Tract 7008.32, Montgomery County, Maryland",3322,222
1500000US240317008331,240317008331,"Block Group 1, Census Tract 7008.33, Montgomery County, Maryland",1772,442
1500000US240317008332,240317008332,"Block Group 2, Census Tract 7008.33, Montgomery County, Maryland",2230,390
1500000US240317008341,240317008341,"Block Group 1, Census Tract 7008.34, Montgomery County, Maryland",887,300
1500000US240317008342,240317008342,"Block Group 2, Census Tract 7008.34, Montgomery County, Maryland",2120,447
1500000US240317008343,240317008343,"Block Group 3, Census Tract 7008.34, Montgomery County, Maryland",2275,350
1500000US240317008351,240317008351,"Block Group 1, Census Tract 7008.35, Montgomery County, Maryland",1736,292
1500000US240317008352,240317008352,"Block Group 2, Census Tract 7008.35, Montgomery County, Maryland",3121,444
1500000US240317009011,240317009011,"Block Group 1, Census Tract 7009.01, Montgomery County, Maryland",2602,357
1500000US240317009012,240317009012,"Block Group 2, Census Tract 7009.01, Montgomery County, Maryland",1930,346
1500000US240317009021,240317009021,"Block Group 1, Census Tract 7009.02, Montgomery County, Maryland",2470,435
1500000US240317009022,240317009022,"Block Group 2, Census Tract 7009.02, Montgomery County, Maryland",1659,299
1500000US240317009031,240317009031,"Block Group 1, Census Tract 7009.03, Montgomery County, Maryland",2291,172
1500000US240317009041,240317009041,"Block Group 1, Census Tract 7009.04, Montgomery County, Maryland",1622,335
1500000US240317009042,240317009042,"Block Group 2, Census Tract 7009.04, Montgomery County, Maryland",1411,422
1500000US240317009051,240317009051,"Block Group 1, Census Tract 7009.05, Montgomery County, Maryland",1825,280
1500000US240317009052,240317009052,"Block Group 2, Census Tract 7009.05, Montgomery County, Maryland",2334,264
1500000US240317010011,240317010011,"Block Group 1, Census Tract 7010.01, Montgomery County, Maryland",3049,457
1500000US240317010012,240317010012,"Block Group 2, Census Tract 7010.01, Montgomery County, Maryland",2059,377
1500000US240317010013,240317010013,"Block Group 3, Census Tract 7010.01, Montgomery County, Maryland",779,166
1500000US240317010021,240317010021,"Block Group 1, Census Tract 7010.02, Montgomery County, Maryland",708,199
1500000US240317010022,240317010022,"Block Group 2, Census Tract 7010.02, Montgomery County, Maryland",2168,262
1500000US240317010023,240317010023,"Block Group 3, Census Tract 7010.02, Montgomery County, Maryland",786,161
1500000US240317010041,240317010041,"Block Group 1, Census Tract 7010.04, Montgomery County, Maryland",1354,240
1500000US240317010042,240317010042,"Block Group 2, Census Tract 7010.04, Montgomery County, Maryland",1694,247
1500000US240317010043,240317010043,"Block Group 3, Census Tract 7010.04, Montgomery County, Maryland",1426,428
1500000US240317010044,240317010044,"Block Group 4, Census Tract 7010.04, Montgomery County, Maryland",1126,257
1500000US240317010051,240317010051,"Block Group 1, Census Tract 7010.05, Montgomery County, Maryland",2872,329
1500000US240317010052,240317010052,"Block Group 2, Census Tract 7010.05, Montgomery County, Maryland",800,194
1500000US240317010061,240317010061,"Block Group 1, Census Tract 7010.06, Montgomery County, Maryland",1349,204
1500000US240317010062,240317010062,"Block Group 2, Census Tract 7010.06, Montgomery County, Maryland",2436,247
1500000US240317010063,240317010063,"Block Group 3, Census Tract 7010.06, Montgomery County, Maryland",1663,217
1500000US240317010071,240317010071,"Block Group 1, Census Tract 7010.07, Montgomery County, Maryland",2529,217
1500000US240317010072,240317010072,"Block Group 2, Census Tract 7010.07, Montgomery County, Maryland",677,129
1500000US240317011011,240317011011,"Block Group 1, Census Tract 7011.01, Montgomery County, Maryland",693,198
1500000US240317011012,240317011012,"Block Group 2, Census Tract 7011.01, Montgomery County, Maryland",1298,336
1500000US240317011013,240317011013,"Block Group 3, Census Tract 7011.01, Montgomery County, Maryland",415,143
1500000US240317011014,240317011014,"Block Group 4, Census Tract 7011.01, Montgomery County, Maryland",1061,270
1500000US240317011015,240317011015,"Block Group 5, Census Tract 7011.01, Montgomery County, Maryland",1395,597
1500000US240317011021,240317011021,"Block Group 1, Census Tract 7011.02, Montgomery County, Maryland",2075,539
1500000US240317011022,240317011022,"Block Group 2, Census Tract 7011.02, Montgomery County, Maryland",2106,858
1500000US240317011023,240317011023,"Block Group 3, Census Tract 7011.02, Montgomery County, Maryland",808,211
1500000US240317011024,240317011024,"Block Group 4, Census Tract 7011.02, Montgomery County, Maryland",1027,371
1500000US240317011025,240317011025,"Block Group 5, Census Tract 7011.02, Montgomery County, Maryland",511,230
1500000US240317012011,240317012011,"Block Group 1, Census Tract 7012.01, Montgomery County, Maryland",2045,358
1500000US240317012012,240317012012,"Block Group 2, Census Tract 7012.01, Montgomery County, Maryland",1913,421
1500000US240317012013,240317012013,"Block Group 3, Census Tract 7012.01, Montgomery County, Maryland",2013,450
1500000US240317012021,240317012021,"Block Group 1, Census Tract 7012.02, Montgomery County, Maryland",1516,173
1500000US240317012022,240317012022,"Block Group 2, Census Tract 7012.02, Montgomery County, Maryland",1281,124
1500000US240317012051,240317012051,"Block Group 1, Census Tract 7012.05, Montgomery County, Maryland",2604,457
1500000US240317012052,240317012052,"Block Group 2, Census Tract 7012.05, Montgomery County, Maryland",2709,397
1500000US240317012053,240317012053,"Block Group 3, Census Tract 7012.05, Montgomery County, Maryland",638,198
1500000US240317012054,240317012054,"Block Group 4, Census Tract 7012.05, Montgomery County, Maryland",795,170
1500000US240317012061,240317012061,"Block Group 1, Census Tract 7012.06, Montgomery County, Maryland",1600,242
1500000US240317012062,240317012062,"Block Group 2, Census Tract 7012.06, Montgomery County, Maryland",1665,295
1500000US240317012063,240317012063,"Block Group 3, Census Tract 7012.06, Montgomery County, Maryland",999,249
1500000US240317012064,240317012064,"Block Group 4, Census Tract 7012.06, Montgomery County, Maryland",2153,385
1500000US240317012101,240317012101,"Block Group 1, Census Tract 7012.10, Montgomery County, Maryland",1179,220
1500000US240317012102,240317012102,"Block Group 2, Census Tract 7012.10, Montgomery County, Maryland",1556,263
1500000US240317012103,240317012103,"Block Group 3, Census Tract 7012.10, Montgomery County, Maryland",1214,221
1500000US240317012111,240317012111,"Block Group 1, Census Tract 7012.11, Montgomery County, Maryland",2260,431
1500000US240317012112,240317012112,"Block Group 2, Census Tract 7012.11, Montgomery County, Maryland",3600,476
1500000US240317012113,240317012113,"Block Group 3, Census Tract 7012.11, Montgomery County, Maryland",607,291
1500000US240317012121,240317012121,"Block Group 1, Census Tract 7012.12, Montgomery County, Maryland",732,133
1500000US240317012122,240317012122,"Block Group 2, Census Tract 7012.12, Montgomery County, Maryland",764,195
1500000US240317012123,240317012123,"Block Group 3, Census Tract 7012.12, Montgomery County, Maryland",1428,213
1500000US240317012131,240317012131,"Block Group 1, Census Tract 7012.13, Montgomery County, Maryland",1563,301
1500000US240317012132,240317012132,"Block Group 2, Census Tract 7012.13, Montgomery County, Maryland",979,255
1500000US240317012133,240317012133,"Block Group 3, Census Tract 7012.13, Montgomery County, Maryland",2024,304
1500000US240317012134,240317012134,"Block Group 4, Census Tract 7012.13, Montgomery County, Maryland",1195,325
1500000US240317012135,240317012135,"Block Group 5, Census Tract 7012.13, Montgomery County, Maryland",1387,319
1500000US240317012141,240317012141,"Block Group 1, Census Tract 7012.14, Montgomery County, Maryland",2493,280
1500000US240317012142,240317012142,"Block Group 2, Census Tract 7012.14, Montgomery County, Maryland",1309,189
1500000US240317012151,240317012151,"Block Group 1, Census Tract 7012.15, Montgomery County, Maryland",775,185
1500000US240317012152,240317012152,"Block Group 2, Census Tract 7012.15, Montgomery County, Maryland",1083,333
1500000US240317012153,240317012153,"Block Group 3, Census Tract 7012.15, Montgomery County, Maryland",2005,436
1500000US240317012154,240317012154,"Block Group 4, Census Tract 7012.15, Montgomery County, Maryland",1052,223
1500000US240317012161,240317012161,"Block Group 1, Census Tract 7012.16, Montgomery County, Maryland",587,112
1500000US240317012162,240317012162,"Block Group 2, Census Tract 7012.16, Montgomery County, Maryland",1726,290
1500000US240317012163,240317012163,"Block Group 3, Census Tract 7012.16, Montgomery County, Maryland",1447,272
1500000US240317012164,240317012164,"Block Group 4, Census Tract 7012.16, Montgomery County, Maryland",1129,217
1500000US240317012181,240317012181,"Block Group 1, Census Tract 7012.18, Montgomery County, Maryland",2454,310
1500000US240317012182,240317012182,"Block Group 2, Census Tract 7012.18, Montgomery County, Maryland",0,12
1500000US240317012183,240317012183,"Block Group 3, Census Tract 7012.18, Montgomery County, Maryland",541,120
1500000US240317012191,240317012191,"Block Group 1, Census Tract 7012.19, Montgomery County, Maryland",4323,496
1500000US240317012201,240317012201,"Block Group 1, Census Tract 7012.20, Montgomery County, Maryland",1403,237
1500000US240317012202,240317012202,"Block Group 2, Census Tract 7012.20, Montgomery County, Maryland",2501,221
1500000US240317012211,240317012211,"Block Group 1, Census Tract 7012.21, Montgomery County, Maryland",1972,242
1500000US240317012212,240317012212,"Block Group 2, Census Tract 7012.21, Montgomery County, Maryland",2439,263
1500000US240317013031,240317013031,"Block Group 1, Census Tract 7013.03, Montgomery County, Maryland",1261,212
1500000US240317013032,240317013032,"Block Group 2, Census Tract 7013.03, Montgomery County, Maryland",2166,229
1500000US240317013041,240317013041,"Block Group 1, Census Tract 7013.04, Montgomery County, Maryland",2078,309
1500000US240317013042,240317013042,"Block Group 2, Census Tract 7013.04, Montgomery County, Maryland",930,370
1500000US240317013043,240317013043,"Block Group 3, Census Tract 7013.04, Montgomery County, Maryland",1280,283
1500000US240317013044,240317013044,"Block Group 4, Census Tract 7013.04, Montgomery County, Maryland",1720,370
1500000US240317013061,240317013061,"Block Group 1, Census Tract 7013.06, Montgomery County, Maryland",1413,198
1500000US240317013062,240317013062,"Block Group 2, Census Tract 7013.06, Montgomery County, Maryland",1632,179
1500000US240317013071,240317013071,"Block Group 1, Census Tract 7013.07, Montgomery County, Maryland",4337,301
1500000US240317013081,240317013081,"Block Group 1, Census Tract 7013.08, Montgomery County, Maryland",1547,197
1500000US240317013082,240317013082,"Block Group 2, Census Tract 7013.08, Montgomery County, Maryland",1709,211
1500000US240317013121,240317013121,"Block Group 1, Census Tract 7013.12, Montgomery County, Maryland",1685,401
1500000US240317013122,240317013122,"Block Group 2, Census Tract 7013.12, Montgomery County, Maryland",1442,332
1500000US240317013123,240317013123,"Block Group 3, Census Tract 7013.12, Montgomery County, Maryland",2148,382
1500000US240317013124,240317013124,"Block Group 4, Census Tract 7013.12, Montgomery County, Maryland",1253,270
1500000US240317013131,240317013131,"Block Group 1, Census Tract 7013.13, Montgomery County, Maryland",1895,249
1500000US240317013132,240317013132,"Block Group 2, Census Tract 7013.13, Montgomery County, Maryland",1843,206
1500000US240317013141,240317013141,"Block Group 1, Census Tract 7013.14, Montgomery County, Maryland",1771,226
1500000US240317013142,240317013142,"Block Group 2, Census Tract 7013.14, Montgomery County, Maryland",1501,248
1500000US240317013151,240317013151,"Block Group 1, Census Tract 7013.15, Montgomery County, Maryland",2133,345
1500000US240317013152,240317013152,"Block Group 2, Census Tract 7013.15, Montgomery County, Maryland",2532,383
1500000US240317013161,240317013161,"Block Group 1, Census Tract 7013.16, Montgomery County, Maryland",3266,559
1500000US240317013162,240317013162,"Block Group 2, Census Tract 7013.16, Montgomery County, Maryland",3219,422
1500000US240317013171,240317013171,"Block Group 1, Census Tract 7013.17, Montgomery County, Maryland",1371,265
1500000US240317013172,240317013172,"Block Group 2, Census Tract 7013.17, Montgomery County, Maryland",1805,266
1500000US240317013173,240317013173,"Block Group 3, Census Tract 7013.17, Montgomery County, Maryland",1327,207
1500000US240317014071,240317014071,"Block Group 1, Census Tract 7014.07, Montgomery County, Maryland",2037,282
1500000US240317014072,240317014072,"Block Group 2, Census Tract 7014.07, Montgomery County, Maryland",1330,322
1500000US240317014073,240317014073,"Block Group 3, Census Tract 7014.07, Montgomery County, Maryland",2362,332
1500000US240317014081,240317014081,"Block Group 1, Census Tract 7014.08, Montgomery County, Maryland",1745,283
1500000US240317014082,240317014082,"Block Group 2, Census Tract 7014.08, Montgomery County, Maryland",1048,242
1500000US240317014083,240317014083,"Block Group 3, Census Tract 7014.08, Montgomery County, Maryland",1960,466
1500000US240317014084,240317014084,"Block Group 4, Census Tract 7014.08, Montgomery County, Maryland",1947,304
1500000US240317014091,240317014091,"Block Group 1, Census Tract 7014.09, Montgomery County, Maryland",1496,389
1500000US240317014092,240317014092,"Block Group 2, Census Tract 7014.09, Montgomery County, Maryland",1717,294
1500000US240317014093,240317014093,"Block Group 3, Census Tract 7014.09, Montgomery County, Maryland",1528,378
1500000US240317014101,240317014101,"Block Group 1, Census Tract 7014.10, Montgomery County, Maryland",1237,405
1500000US240317014102,240317014102,"Block Group 2, Census Tract 7014.10, Montgomery County, Maryland",4286,733
1500000US240317014103,240317014103,"Block Group 3, Census Tract 7014.10, Montgomery County, Maryland",3729,729
1500000US240317014141,240317014141,"Block Group 1, Census Tract 7014.14, Montgomery County, Maryland",2054,418
1500000US240317014142,240317014142,"Block Group 2, Census Tract 7014.14, Montgomery County, Maryland",1258,283
1500000US240317014143,240317014143,"Block Group 3, Census Tract 7014.14, Montgomery County, Maryland",1731,543
1500000US240317014144,240317014144,"Block Group 4, Census Tract 7014.14, Montgomery County, Maryland",2477,518
1500000US240317014151,240317014151,"Block Group 1, Census Tract 7014.15, Montgomery County, Maryland",1134,340
1500000US240317014152,240317014152,"Block Group 2, Census Tract 7014.15, Montgomery County, Maryland",1500,344
1500000US240317014153,240317014153,"Block Group 3, Census Tract 7014.15, Montgomery County, Maryland",1443,366
1500000US240317014154,240317014154,"Block Group 4, Census Tract 7014.15, Montgomery County, Maryland",955,371
1500000US240317014155,240317014155,"Block Group 5, Census Tract 7014.15, Montgomery County, Maryland",2754,879
1500000US240317014171,240317014171,"Block Group 1, Census Tract 7014.17, Montgomery County, Maryland",1126,392
1500000US240317014172,240317014172,"Block Group 2, Census Tract 7014.17, Montgomery County, Maryland",1784,407
1500000US240317014173,240317014173,"Block Group 3, Census Tract 7014.17, Montgomery County, Maryland",1171,343
1500000US240317014174,240317014174,"Block Group 4, Census Tract 7014.17, Montgomery County, Maryland",1735,494
1500000US240317014181,240317014181,"Block Group 1, Census Tract 7014.18, Montgomery County, Maryland",3481,309
1500000US240317014201,240317014201,"Block Group 1, Census Tract 7014.20, Montgomery County, Maryland",2797,435
1500000US240317014202,240317014202,"Block Group 2, Census Tract 7014.20, Montgomery County, Maryland",352,90
1500000US240317014203,240317014203,"Block Group 3, Census Tract 7014.20, Montgomery County, Maryland",2122,352
1500000US240317014204,240317014204,"Block Group 4, Census Tract 7014.20, Montgomery County, Maryland",1578,574
1500000US240317014211,240317014211,"Block Group 1, Census Tract 7014.21, Montgomery County, Maryland",2062,277
1500000US240317014221,240317014221,"Block Group 1, Census Tract 7014.22, Montgomery County, Maryland",1712,362
1500000US240317014222,240317014222,"Block Group 2, Census Tract 7014.22, Montgomery County, Maryland",1570,354
1500000US240317014231,240317014231,"Block Group 1, Census Tract 7014.23, Montgomery County, Maryland",1387,378
1500000US240317014232,240317014232,"Block Group 2, Census Tract 7014.23, Montgomery County, Maryland",1268,285
1500000US240317014233,240317014233,"Block Group 3, Census Tract 7014.23, Montgomery County, Maryland",2036,395
1500000US240317015031,240317015031,"Block Group 1, Census Tract 7015.03, Montgomery County, Maryland",1675,516
1500000US240317015032,240317015032,"Block Group 2, Census Tract 7015.03, Montgomery County, Maryland",1614,538
1500000US240317015033,240317015033,"Block Group 3, Census Tract 7015.03, Montgomery County, Maryland",1681,358
1500000US240317015034,240317015034,"Block Group 4, Census Tract 7015.03, Montgomery County, Maryland",1940,638
1500000US240317015051,240317015051,"Block Group 1, Census Tract 7015.05, Montgomery County, Maryland",2303,593
1500000US240317015052,240317015052,"Block Group 2, Census Tract 7015.05, Montgomery County, Maryland",1985,623
1500000US240317015053,240317015053,"Block Group 3, Census Tract 7015.05, Montgomery County, Maryland",2985,587
1500000US240317015061,240317015061,"Block Group 1, Census Tract 7015.06, Montgomery County, Maryland",1938,369
1500000US240317015062,240317015062,"Block Group 2, Census Tract 7015.06, Montgomery County, Maryland",2596,380
1500000US240317015063,240317015063,"Block Group 3, Census Tract 7015.06, Montgomery County, Maryland",690,163
1500000US240317015071,240317015071,"Block Group 1, Census Tract 7015.07, Montgomery County, Maryland",2208,379
1500000US240317015072,240317015072,"Block Group 2, Census Tract 7015.07, Montgomery County, Maryland",1083,210
1500000US240317015073,240317015073,"Block Group 3, Census Tract 7015.07, Montgomery County, Maryland",1722,251
1500000US240317015081,240317015081,"Block Group 1, Census Tract 7015.08, Montgomery County, Maryland",1355,332
1500000US240317015082,240317015082,"Block Group 2, Census Tract 7015.08, Montgomery County, Maryland",691,198
1500000US240317015083,240317015083,"Block Group 3, Census Tract 7015.08, Montgomery County, Maryland",2021,351
1500000US240317015091,240317015091,"Block Group 1, Census Tract 7015.09, Montgomery County, Maryland",1332,307
1500000US240317015092,240317015092,"Block Group 2, Census Tract 7015.09, Montgomery County, Maryland",1389,429
1500000US240317015093,240317015093,"Block Group 3, Census Tract 7015.09, Montgomery County, Maryland",1511,486
1500000US240317015094,240317015094,"Block Group 4, Census Tract 7015.09, Montgomery County, Maryland",2513,487
1500000US240317016011,240317016011,"Block Group 1, Census Tract 7016.01, Montgomery County, Maryland",2622,300
1500000US240317016021,240317016021,"Block Group 1, Census Tract 7016.02, Montgomery County, Maryland",2573,710
1500000US240317016022,240317016022,"Block Group 2, Census Tract 7016.02, Montgomery County, Maryland",1883,469
1500000US240317016023,240317016023,"Block Group 3, Census Tract 7016.02, Montgomery County, Maryland",876,277
1500000US240317016024,240317016024,"Block Group 4, Census Tract 7016.02, Montgomery County, Maryland",1967,471
1500000US240317017011,240317017011,"Block Group 1, Census Tract 7017.01, Montgomery County, Maryland",530,129
1500000US240317017012,240317017012,"Block Group 2, Census Tract 7017.01, Montgomery County, Maryland",1841,351
1500000US240317017013,240317017013,"Block Group 3, Census Tract 7017.01, Montgomery County, Maryland",1116,214
1500000US240317017021,240317017021,"Block Group 1, Census Tract 7017.02, Montgomery County, Maryland",2657,236
1500000US240317017031,240317017031,"Block Group 1, Census Tract 7017.03, Montgomery County, Maryland",1321,209
1500000US240317017032,240317017032,"Block Group 2, Census Tract 7017.03, Montgomery County, Maryland",1229,234
1500000US240317017033,240317017033,"Block Group 3, Census Tract 7017.03, Montgomery County, Maryland",1055,261
1500000US240317017041,240317017041,"Block Group 1, Census Tract 7017.04, Montgomery County, Maryland",1379,238
1500000US240317017042,240317017042,"Block Group 2, Census Tract 7017.04, Montgomery County, Maryland",1644,280
1500000US240317018001,240317018001,"Block Group 1, Census Tract 7018, Montgomery County, Maryland",1779,327
1500000US240317018002,240317018002,"Block Group 2, Census Tract 7018, Montgomery County, Maryland",1421,341
1500000US240317018003,240317018003,"Block Group 3, Census Tract 7018, Montgomery County, Maryland",907,162
1500000US240317018004,240317018004,"Block Group 4, Census Tract 7018, Montgomery County, Maryland",904,152
1500000US240317019001,240317019001,"Block Group 1, Census Tract 7019, Montgomery County, Maryland",1307,443
1500000US240317019002,240317019002,"Block Group 2, Census Tract 7019, Montgomery County, Maryland",926,558
1500000US240317019003,240317019003,"Block Group 3, Census Tract 7019, Montgomery County, Maryland",1020,301
1500000US240317020001,240317020001,"Block Group 1, Census Tract 7020, Montgomery County, Maryland",2186,585
1500000US240317020002,240317020002,"Block Group 2, Census Tract 7020, Montgomery County, Maryland",1318,360
1500000US240317020003,240317020003,"Block Group 3, Census Tract 7020, Montgomery County, Maryland",2234,595
1500000US240317021011,240317021011,"Block Group 1, Census Tract 7021.01, Montgomery County, Maryland",2321,428
1500000US240317021012,240317021012,"Block Group 2, Census Tract 7021.01, Montgomery County, Maryland",861,212
1500000US240317021013,240317021013,"Block Group 3, Census Tract 7021.01, Montgomery County, Maryland",1447,340
1500000US240317021014,240317021014,"Block Group 4, Census Tract 7021.01, Montgomery County, Maryland",1492,361
1500000US240317021021,240317021021,"Block Group 1, Census Tract 7021.02, Montgomery County, Maryland",1269,265
1500000US240317021022,240317021022,"Block Group 2, Census Tract 7021.02, Montgomery County, Maryland",1014,217
1500000US240317021023,240317021023,"Block Group 3, Census Tract 7021.02, Montgomery County, Maryland",1067,193
1500000US240317022001,240317022001,"Block Group 1, Census Tract 7022, Montgomery County, Maryland",2383,364
1500000US240317022002,240317022002,"Block Group 2, Census Tract 7022, Montgomery County, Maryland",715,153
1500000US240317022003,240317022003,"Block Group 3, Census Tract 7022, Montgomery County, Maryland",1315,176
1500000US240317022004,240317022004,"Block Group 4, Census Tract 7022, Montgomery County, Maryland",627,165
1500000US240317023011,240317023011,"Block Group 1, Census Tract 7023.01, Montgomery County, Maryland",1800,289
1500000US240317023012,240317023012,"Block Group 2, Census Tract 7023.01, Montgomery County, Maryland",1898,362
1500000US240317023021,240317023021,"Block Group 1, Census Tract 7023.02, Montgomery County, Maryland",1048,262
1500000US240317023022,240317023022,"Block Group 2, Census Tract 7023.02, Montgomery County, Maryland",849,189
1500000US240317023023,240317023023,"Block Group 3, Census Tract 7023.02, Montgomery County, Maryland",2121,296
1500000US240317024011,240317024011,"Block Group 1, Census Tract 7024.01, Montgomery County, Maryland",920,140
1500000US240317024012,240317024012,"Block Group 2, Census Tract 7024.01, Montgomery County, Maryland",1638,169
1500000US240317024021,240317024021,"Block Group 1, Census Tract 7024.02, Montgomery County, Maryland",901,190
1500000US240317024022,240317024022,"Block Group 2, Census Tract 7024.02, Montgomery County, Maryland",1076,229
1500000US240317024023,240317024023,"Block Group 3, Census Tract 7024.02, Montgomery County, Maryland",2329,466
1500000US240317025001,240317025001,"Block Group 1, Census Tract 7025, Montgomery County, Maryland",1606,309
1500000US240317025002,240317025002,"Block Group 2, Census Tract 7025, Montgomery County, Maryland",851,261
1500000US240317025003,240317025003,"Block Group 3, Census Tract 7025, Montgomery County, Maryland",1029,316
1500000US240317025004,240317025004,"Block Group 4, Census Tract 7025, Montgomery County, Maryland",3612,473
1500000US240317026011,240317026011,"Block Group 1, Census Tract 7026.01, Montgomery County, Maryland",1047,362
1500000US240317026012,240317026012,"Block Group 2, Census Tract 7026.01, Montgomery County, Maryland",1446,389
1500000US240317026013,240317026013,"Block Group 3, Census Tract 7026.01, Montgomery County, Maryland",1001,282
1500000US240317026014,240317026014,"Block Group 4, Census Tract 7026.01, Montgomery County, Maryland",1076,331
1500000US240317026021,240317026021,"Block Group 1, Census Tract 7026.02, Montgomery County, Maryland",1071,310
1500000US240317026022,240317026022,"Block Group 2, Census Tract 7026.02, Montgomery County, Maryland",4101,540
1500000US240317027001,240317027001,"Block Group 1, Census Tract 7027, Montgomery County, Maryland",3273,777
1500000US240317027002,240317027002,"Block Group 2, Census Tract 7027, Montgomery County, Maryland",973,326
1500000US240317027003,240317027003,"Block Group 3, Census Tract 7027, Montgomery County, Maryland",713,204
1500000US240317027004,240317027004,"Block Group 4, Census Tract 7027, Montgomery County, Maryland",2456,640
1500000US240317028001,240317028001,"Block Group 1, Census Tract 7028, Montgomery County, Maryland",1321,339
1500000US240317028002,240317028002,"Block Group 2, Census Tract 7028, Montgomery County, Maryland",1713,386
1500000US240317028003,240317028003,"Block Group 3, Census Tract 7028, Montgomery County, Maryland",918,249
1500000US240317028004,240317028004,"Block Group 4, Census Tract 7028, Montgomery County, Maryland",1257,308
1500000US240317029001,240317029001,"Block Group 1, Census Tract 7029, Montgomery County, Maryland",774,226
1500000US240317029002,240317029002,"Block Group 2, Census Tract 7029, Montgomery County, Maryland",1528,376
1500000US240317029003,240317029003,"Block Group 3, Census Tract 7029, Montgomery County, Maryland",910,228
1500000US240317029004,240317029004,"Block Group 4, Census Tract 7029, Montgomery County, Maryland",1458,271
1500000US240317029005,240317029005,"Block Group 5, Census Tract 7029, Montgomery County, Maryland",556,206
1500000US240317030001,240317030001,"Block Group 1, Census Tract 7030, Montgomery County, Maryland",805,151
1500000US240317030002,240317030002,"Block Group 2, Census Tract 7030, Montgomery County, Maryland",1082,162
1500000US240317031001,240317031001,"Block Group 1, Census Tract 7031, Montgomery County, Maryland",1292,295
1500000US240317031002,240317031002,"Block Group 2, Census Tract 7031, Montgomery County, Maryland",1004,319
1500000US240317031003,240317031003,"Block Group 3, Census Tract 7031, Montgomery County, Maryland",1220,303
1500000US240317031004,240317031004,"Block Group 4, Census Tract 7031, Montgomery County, Maryland",1051,232
1500000US240317032011,240317032011,"Block Group 1, Census Tract 7032.01, Montgomery County, Maryland",3422,573
1500000US240317032012,240317032012,"Block Group 2, Census Tract 7032.01, Montgomery County, Maryland",1679,567
1500000US240317032013,240317032013,"Block Group 3, Census Tract 7032.01, Montgomery County, Maryland",1077,301
1500000US240317032014,240317032014,"Block Group 4, Census Tract 7032.01, Montgomery County, Maryland",1768,380
1500000US240317032021,240317032021,"Block Group 1, Census Tract 7032.02, Montgomery County, Maryland",1721,278
1500000US240317032022,240317032022,"Block Group 2, Census Tract 7032.02, Montgomery County, Maryland",1723,394
1500000US240317032023,240317032023,"Block Group 3, Census Tract 7032.02, Montgomery County, Maryland",2520,408
1500000US240317032061,240317032061,"Block Group 1, Census Tract 7032.06, Montgomery County, Maryland",1970,341
1500000US240317032062,240317032062,"Block Group 2, Census Tract 7032.06, Montgomery County, Maryland",1760,207
1500000US240317032071,240317032071,"Block Group 1, Census Tract 7032.07, Montgomery County, Maryland",4283,655
1500000US240317032072,240317032072,"Block Group 2, Census Tract 7032.07, Montgomery County, Maryland",2066,337
1500000US240317032081,240317032081,"Block Group 1, Census Tract 7032.08, Montgomery County, Maryland",1131,256
1500000US240317032082,240317032082,"Block Group 2, Census Tract 7032.08, Montgomery County, Maryland",1312,375
1500000US240317032083,240317032083,"Block Group 3, Census Tract 7032.08, Montgomery County, Maryland",1601,288
1500000US240317032084,240317032084,"Block Group 4, Census Tract 7032.08, Montgomery County, Maryland",1528,496
1500000US240317032091,240317032091,"Block Group 1, Census Tract 7032.09, Montgomery County, Maryland",2060,415
1500000US240317032092,240317032092,"Block Group 2, Census Tract 7032.09, Montgomery County, Maryland",2410,658
1500000US240317032093,240317032093,"Block Group 3, Census Tract 7032.09, Montgomery County, Maryland",1996,679
1500000US240317032101,240317032101,"Block Group 1, Census Tract 7032.10, Montgomery County, Maryland",2503,272
1500000US240317032102,240317032102,"Block Group 2, Census Tract 7032.10, Montgomery County, Maryland",929,201
1500000US240317032121,240317032121,"Block Group 1, Census Tract 7032.12, Montgomery County, Maryland",984,336
1500000US240317032122,240317032122,"Block Group 2, Census Tract 7032.12, Montgomery County, Maryland",2852,449
1500000US240317032123,240317032123,"Block Group 3, Census Tract 7032.12, Montgomery County, Maryland",1265,335
1500000US240317032124,240317032124,"Block Group 4, Census Tract 7032.12, Montgomery County, Maryland",4598,734
1500000US240317032131,240317032131,"Block Group 1, Census Tract 7032.13, Montgomery County, Maryland",1922,526
1500000US240317032132,240317032132,"Block Group 2, Census Tract 7032.13, Montgomery County, Maryland",3180,482
1500000US240317032133,240317032133,"Block Group 3, Census Tract 7032.13, Montgomery County, Maryland",1307,504
1500000US240317032141,240317032141,"Block Group 1, Census Tract 7032.14, Montgomery County, Maryland",2430,881
1500000US240317032142,240317032142,"Block Group 2, Census Tract 7032.14, Montgomery County, Maryland",3230,547
1500000US240317032143,240317032143,"Block Group 3, Census Tract 7032.14, Montgomery County, Maryland",2250,552
1500000US240317032151,240317032151,"Block Group 1, Census Tract 7032.15, Montgomery County, Maryland",2062,438
1500000US240317032152,240317032152,"Block Group 2, Census Tract 7032.15, Montgomery County, Maryland",1233,340
1500000US240317032161,240317032161,"Block Group 1, Census Tract 7032.16, Montgomery County, Maryland",1100,142
1500000US240317032162,240317032162,"Block Group 2, Census Tract 7032.16, Montgomery County, Maryland",2123,286
1500000US240317032163,240317032163,"Block Group 3, Census Tract 7032.16, Montgomery County, Maryland",610,120
1500000US240317032181,240317032181,"Block Group 1, Census Tract 7032.18, Montgomery County, Maryland",1174,145
1500000US240317032182,240317032182,"Block Group 2, Census Tract 7032.18, Montgomery County, Maryland",749,127
1500000US240317032191,240317032191,"Block Group 1, Census Tract 7032.19, Montgomery County, Maryland",1382,145
1500000US240317032192,240317032192,"Block Group 2, Census Tract 7032.19, Montgomery County, Maryland",912,149
1500000US240317032193,240317032193,"Block Group 3, Census Tract 7032.19, Montgomery County, Maryland",1099,167
1500000US240317032201,240317032201,"Block Group 1, Census Tract 7032.20, Montgomery County, Maryland",955,205
1500000US240317032202,240317032202,"Block Group 2, Census Tract 7032.20, Montgomery County, Maryland",3442,380
1500000US240317032203,240317032203,"Block Group 3, Census Tract 7032.20, Montgomery County, Maryland",1053,265
1500000US240317032211,240317032211,"Block Group 1, Census Tract 7032.21, Montgomery County, Maryland",1341,219
1500000US240317032212,240317032212,"Block Group 2, Census Tract 7032.21, Montgomery County, Maryland",1769,298
1500000US240317032213,240317032213,"Block Group 3, Census Tract 7032.21, Montgomery County, Maryland",2331,430
1500000US240317033011,240317033011,"Block Group 1, Census Tract 7033.01, Montgomery County, Maryland",1668,636
1500000US240317033012,240317033012,"Block Group 2, Census Tract 7033.01, Montgomery County, Maryland",767,346
1500000US240317033013,240317033013,"Block Group 3, Census Tract 7033.01, Montgomery County, Maryland",1350,443
1500000US240317033014,240317033014,"Block Group 4, Census Tract 7033.01, Montgomery County, Maryland",1492,488
1500000US240317033021,240317033021,"Block Group 1, Census Tract 7033.02, Montgomery County, Maryland",1719,731
1500000US240317033022,240317033022,"Block Group 2, Census Tract 7033.02, Montgomery County, Maryland",1080,349
1500000US240317033023,240317033023,"Block Group 3, Census Tract 7033.02, Montgomery County, Maryland",1713,716
1500000US240317034011,240317034011,"Block Group 1, Census Tract 7034.01, Montgomery County, Maryland",1654,385
1500000US240317034012,240317034012,"Block Group 2, Census Tract 7034.01, Montgomery County, Maryland",2050,496
1500000US240317034013,240317034013,"Block Group 3, Census Tract 7034.01, Montgomery County, Maryland",1085,392
1500000US240317034014,240317034014,"Block Group 4, Census Tract 7034.01, Montgomery County, Maryland",780,419
1500000US240317034021,240317034021,"Block Group 1, Census Tract 7034.02, Montgomery County, Maryland",1233,321
1500000US240317034022,240317034022,"Block Group 2, Census Tract 7034.02, Montgomery County, Maryland",2359,347
1500000US240317034031,240317034031,"Block Group 1, Census Tract 7034.03, Montgomery County, Maryland",1493,229
1500000US240317034032,240317034032,"Block Group 2, Census Tract 7034.03, Montgomery County, Maryland",1024,237
1500000US240317034033,240317034033,"Block Group 3, Census Tract 7034.03, Montgomery County, Maryland",1063,298
1500000US240317034041,240317034041,"Block Group 1, Census Tract 7034.04, Montgomery County, Maryland",1085,247
1500000US240317034042,240317034042,"Block Group 2, Census Tract 7034.04, Montgomery County, Maryland",2218,312
1500000US240317035011,240317035011,"Block Group 1, Census Tract 7035.01, Montgomery County, Maryland",1506,341
1500000US240317035012,240317035012,"Block Group 2, Census Tract 7035.01, Montgomery County, Maryland",2317,670
1500000US240317035013,240317035013,"Block Group 3, Census Tract 7035.01, Montgomery County, Maryland",1081,293
1500000US240317035014,240317035014,"Block Group 4, Census Tract 7035.01, Montgomery County, Maryland",1534,477
1500000US240317035021,240317035021,"Block Group 1, Census Tract 7035.02, Montgomery County, Maryland",1584,208
1500000US240317035022,240317035022,"Block Group 2, Census Tract 7035.02, Montgomery County, Maryland",1244,213
1500000US240317036011,240317036011,"Block Group 1, Census Tract 7036.01, Montgomery County, Maryland",2090,307
1500000US240317036012,240317036012,"Block Group 2, Census Tract 7036.01, Montgomery County, Maryland",1761,406
1500000US240317036013,240317036013,"Block Group 3, Census Tract 7036.01, Montgomery County, Maryland",961,277
1500000US240317036021,240317036021,"Block Group 1, Census Tract 7036.02, Montgomery County, Maryland",1466,232
1500000US240317036022,240317036022,"Block Group 2, Census Tract 7036.02, Montgomery County, Maryland",943,344
1500000US240317036023,240317036023,"Block Group 3, Census Tract 7036.02, Montgomery County, Maryland",848,119
1500000US240317037011,240317037011,"Block Group 1, Census Tract 7037.01, Montgomery County, Maryland",1248,527
1500000US240317037012,240317037012,"Block Group 2, Census Tract 7037.01, Montgomery County, Maryland",1454,515
1500000US240317037013,240317037013,"Block Group 3, Census Tract 7037.01, Montgomery County, Maryland",1754,499
1500000US240317037021,240317037021,"Block Group 1, Census Tract 7037.02, Montgomery County, Maryland",1121,488
1500000US240317037022,240317037022,"Block Group 2, Census Tract 7037.02, Montgomery County, Maryland",1160,532
1500000US240317037023,240317037023,"Block Group 3, Census Tract 7037.02, Montgomery County, Maryland",1173,291
1500000US240317037024,240317037024,"Block Group 4, Census Tract 7037.02, Montgomery County, Maryland",954,368
1500000US240317038001,240317038001,"Block Group 1, Census Tract 7038, Montgomery County, Maryland",3525,342
1500000US240317039011,240317039011,"Block Group 1, Census Tract 7039.01, Montgomery County, Maryland",1299,260
1500000US240317039012,240317039012,"Block Group 2, Census Tract 7039.01, Montgomery County, Maryland",1003,195
1500000US240317039013,240317039013,"Block Group 3, Census Tract 7039.01, Montgomery County, Maryland",1047,228
1500000US240317039021,240317039021,"Block Group 1, Census Tract 7039.02, Montgomery County, Maryland",1247,539
1500000US240317039022,240317039022,"Block Group 2, Census Tract 7039.02, Montgomery County, Maryland",4356,796
1500000US240317039023,240317039023,"Block Group 3, Census Tract 7039.02, Montgomery County, Maryland",1857,369
1500000US240317040001,240317040001,"Block Group 1, Census Tract 7040, Montgomery County, Maryland",435,231
1500000US240317040002,240317040002,"Block Group 2, Census Tract 7040, Montgomery County, Maryland",1652,610
1500000US240317040003,240317040003,"Block Group 3, Census Tract 7040, Montgomery County, Maryland",2353,512
1500000US240317040004,240317040004,"Block Group 4, Census Tract 7040, Montgomery County, Maryland",2137,451
1500000US240317041001,240317041001,"Block Group 1, Census Tract 7041, Montgomery County, Maryland",1350,191
1500000US240317041002,240317041002,"Block Group 2, Census Tract 7041, Montgomery County, Maryland",1111,185
1500000US240317041003,240317041003,"Block Group 3, Census Tract 7041, Montgomery County, Maryland",1335,184
1500000US240317041004,240317041004,"Block Group 4, Census Tract 7041, Montgomery County, Maryland",950,94
1500000US240317042001,240317042001,"Block Group 1, Census Tract 7042, Montgomery County, Maryland",993,155
1500000US240317042002,240317042002,"Block Group 2, Census Tract 7042, Montgomery County, Maryland",1178,138
1500000US240317043001,240317043001,"Block Group 1, Census Tract 7043, Montgomery County, Maryland",1111,182
1500000US240317043002,240317043002,"Block Group 2, Census Tract 7043, Montgomery County, Maryland",1400,186
1500000US240317043003,240317043003,"Block Group 3, Census Tract 7043, Montgomery County, Maryland",753,147
1500000US240317043004,240317043004,"Block Group 4, Census Tract 7043, Montgomery County, Maryland",776,134
1500000US240317044011,240317044011,"Block Group 1, Census Tract 7044.01, Montgomery County, Maryland",1790,209
1500000US240317044012,240317044012,"Block Group 2, Census Tract 7044.01, Montgomery County, Maryland",1687,234
1500000US240317044031,240317044031,"Block Group 1, Census Tract 7044.03, Montgomery County, Maryland",1637,160
1500000US240317044041,240317044041,"Block Group 1, Census Tract 7044.04, Montgomery County, Maryland",1455,349
1500000US240317044042,240317044042,"Block Group 2, Census Tract 7044.04, Montgomery County, Maryland",1049,252
1500000US240317044043,240317044043,"Block Group 3, Census Tract 7044.04, Montgomery County, Maryland",1264,265
1500000US240317044044,240317044044,"Block Group 4, Census Tract 7044.04, Montgomery County, Maryland",1488,340
1500000US240317045011,240317045011,"Block Group 1, Census Tract 7045.01, Montgomery County, Maryland",573,165
1500000US240317045012,240317045012,"Block Group 2, Census Tract 7045.01, Montgomery County, Maryland",1241,214
1500000US240317045013,240317045013,"Block Group 3, Census Tract 7045.01, Montgomery County, Maryland",908,237
1500000US240317045014,240317045014,"Block Group 4, Census Tract 7045.01, Montgomery County, Maryland",900,216
1500000US240317045021,240317045021,"Block Group 1, Census Tract 7045.02, Montgomery County, Maryland",724,121
1500000US240317045022,240317045022,"Block Group 2, Census Tract 7045.02, Montgomery County, Maryland",1801,127
1500000US240317045031,240317045031,"Block Group 1, Census Tract 7045.03, Montgomery County, Maryland",1471,204
1500000US240317045032,240317045032,"Block Group 2, Census Tract 7045.03, Montgomery County, Maryland",2677,233
1500000US240317046001,240317046001,"Block Group 1, Census Tract 7046, Montgomery County, Maryland",1099,297
1500000US240317046002,240317046002,"Block Group 2, Census Tract 7046, Montgomery County, Maryland",1720,298
1500000US240317046003,240317046003,"Block Group 3, Census Tract 7046, Montgomery County, Maryland",1159,247
1500000US240317046004,240317046004,"Block Group 4, Census Tract 7046, Montgomery County, Maryland",1015,246
1500000US240317047001,240317047001,"Block Group 1, Census Tract 7047, Montgomery County, Maryland",583,109
1500000US240317047002,240317047002,"Block Group 2, Census Tract 7047, Montgomery County, Maryland",831,129
1500000US240317047003,240317047003,"Block Group 3, Census Tract 7047, Montgomery County, Maryland",1485,283
1500000US240317047004,240317047004,"Block Group 4, Census Tract 7047, Montgomery County, Maryland",853,153
1500000US240317048031,240317048031,"Block Group 1, Census Tract 7048.03, Montgomery County, Maryland",745,166
1500000US240317048032,240317048032,"Block Group 2, Census Tract 7048.03, Montgomery County, Maryland",2016,284
1500000US240317048033,240317048033,"Block Group 3, Census Tract 7048.03, Montgomery County, Maryland",1063,189
1500000US240317048041,240317048041,"Block Group 1, Census Tract 7048.04, Montgomery County, Maryland",1688,173
1500000US240317048051,240317048051,"Block Group 1, Census Tract 7048.05, Montgomery County, Maryland",1238,180
1500000US240317048052,240317048052,"Block Group 2, Census Tract 7048.05, Montgomery County, Maryland",768,127
1500000US240317048061,240317048061,"Block Group 1, Census Tract 7048.06, Montgomery County, Maryland",1989,236
1500000US240317048062,240317048062,"Block Group 2, Census Tract 7048.06, Montgomery County, Maryland",1268,203
1500000US240317050001,240317050001,"Block Group 1, Census Tract 7050, Montgomery County, Maryland",1555,181
1500000US240317050002,240317050002,"Block Group 2, Census Tract 7050, Montgomery County, Maryland",703,137
1500000US240317050003,240317050003,"Block Group 3, Census Tract 7050, Montgomery County, Maryland",860,144
1500000US240317050004,240317050004,"Block Group 4, Census Tract 7050, Montgomery County, Maryland",1642,298
1500000US240317051001,240317051001,"Block Group 1, Census Tract 7051, Montgomery County, Maryland",1534,187
1500000US240317051002,240317051002,"Block Group 2, Census Tract 7051, Montgomery County, Maryland",2126,216
1500000US240317051003,240317051003,"Block Group 3, Census Tract 7051, Montgomery County, Maryland",707,107
1500000US240317051004,240317051004,"Block Group 4, Census Tract 7051, Montgomery County, Maryland",801,103
1500000US240317052001,240317052001,"Block Group 1, Census Tract 7052, Montgomery County, Maryland",758,101
1500000US240317052002,240317052002,"Block Group 2, Census Tract 7052, Montgomery County, Maryland",1148,149
1500000US240317052003,240317052003,"Block Group 3, Census Tract 7052, Montgomery County, Maryland",1391,171
1500000US240317053001,240317053001,"Block Group 1, Census Tract 7053, Montgomery County, Maryland",724,60
1500000US240317053002,240317053002,"Block Group 2, Census Tract 7053, Montgomery County, Maryland",1200,94
1500000US240317054001,240317054001,"Block Group 1, Census Tract 7054, Montgomery County, Maryland",1165,112
1500000US240317054002,240317054002,"Block Group 2, Census Tract 7054, Montgomery County, Maryland",1795,107
1500000US240317055011,240317055011,"Block Group 1, Census Tract 7055.01, Montgomery County, Maryland",920,135
1500000US240317055012,240317055012,"Block Group 2, Census Tract 7055.01, Montgomery County, Maryland",1675,338
1500000US240317055021,240317055021,"Block Group 1, Census Tract 7055.02, Montgomery County, Maryland",1832,191
1500000US240317055022,240317055022,"Block Group 2, Census Tract 7055.02, Montgomery County, Maryland",844,176
1500000US240317055023,240317055023,"Block Group 3, Census Tract 7055.02, Montgomery County, Maryland",1248,149
1500000US240317056011,240317056011,"Block Group 1, Census Tract 7056.01, Montgomery County, Maryland",1101,197
1500000US240317056012,240317056012,"Block Group 2, Census Tract 7056.01, Montgomery County, Maryland",1003,178
1500000US240317056013,240317056013,"Block Group 3, Census Tract 7056.01, Montgomery County, Maryland",825,157
1500000US240317056021,240317056021,"Block Group 1, Census Tract 7056.02, Montgomery County, Maryland",1021,320
1500000US240317056022,240317056022,"Block Group 2, Census Tract 7056.02, Montgomery County, Maryland",3856,716
1500000US240317057011,240317057011,"Block Group 1, Census Tract 7057.01, Montgomery County, Maryland",900,173
1500000US240317057012,240317057012,"Block Group 2, Census Tract 7057.01, Montgomery County, Maryland",1115,200
1500000US240317057013,240317057013,"Block Group 3, Census Tract 7057.01, Montgomery County, Maryland",1619,242
1500000US240317057014,240317057014,"Block Group 4, Census Tract 7057.01, Montgomery County, Maryland",950,165
1500000US240317057021,240317057021,"Block Group 1, Census Tract 7057.02, Montgomery County, Maryland",1159,225
1500000US240317057022,240317057022,"Block Group 2, Census Tract 7057.02, Montgomery County, Maryland",1883,230
1500000US240317057023,240317057023,"Block Group 3, Census Tract 7057.02, Montgomery County, Maryland",1517,213
1500000US240317058001,240317058001,"Block Group 1, Census Tract 7058, Montgomery County, Maryland",2826,355
1500000US240317058002,240317058002,"Block Group 2, Census Tract 7058, Montgomery County, Maryland",2115,324
1500000US240317058003,240317058003,"Block Group 3, Census Tract 7058, Montgomery County, Maryland",1100,251
1500000US240317059011,240317059011,"Block Group 1, Census Tract 7059.01, Montgomery County, Maryland",939,197
1500000US240317059012,240317059012,"Block Group 2, Census Tract 7059.01, Montgomery County, Maryland",1754,208
1500000US240317059013,240317059013,"Block Group 3, Census Tract 7059.01, Montgomery County, Maryland",1492,302
1500000US240317059021,240317059021,"Block Group 1, Census Tract 7059.02, Montgomery County, Maryland",1664,201
1500000US240317059022,240317059022,"Block Group 2, Census Tract 7059.02, Montgomery County, Maryland",1130,169
1500000US240317059023,240317059023,"Block Group 3, Census Tract 7059.02, Montgomery County, Maryland",1376,244
1500000US240317059031,240317059031,"Block Group 1, Census Tract 7059.03, Montgomery County, Maryland",1853,245
1500000US240317059032,240317059032,"Block Group 2, Census Tract 7059.03, Montgomery County, Maryland",1595,245
1500000US240317059033,240317059033,"Block Group 3, Census Tract 7059.03, Montgomery County, Maryland",929,189
1500000US240317060051,240317060051,"Block Group 1, Census Tract 7060.05, Montgomery County, Maryland",1500,251
1500000US240317060052,240317060052,"Block Group 2, Census Tract 7060.05, Montgomery County, Maryland",1121,227
1500000US240317060053,240317060053,"Block Group 3, Census Tract 7060.05, Montgomery County, Maryland",1826,237
1500000US240317060071,240317060071,"Block Group 1, Census Tract 7060.07, Montgomery County, Maryland",1802,335
1500000US240317060072,240317060072,"Block Group 2, Census Tract 7060.07, Montgomery County, Maryland",2761,376
1500000US240317060073,240317060073,"Block Group 3, Census Tract 7060.07, Montgomery County, Maryland",2998,453
1500000US240317060081,240317060081,"Block Group 1, Census Tract 7060.08, Montgomery County, Maryland",1959,352
1500000US240317060082,240317060082,"Block Group 2, Census Tract 7060.08, Montgomery County, Maryland",954,260
1500000US240317060083,240317060083,"Block Group 3, Census Tract 7060.08, Montgomery County, Maryland",2633,324
1500000US240317060091,240317060091,"Block Group 1, Census Tract 7060.09, Montgomery County, Maryland",2136,303
1500000US240317060092,240317060092,"Block Group 2, Census Tract 7060.09, Montgomery County, Maryland",1772,324
1500000US240317060093,240317060093,"Block Group 3, Census Tract 7060.09, Montgomery County, Maryland",1449,188
1500000US240317060101,240317060101,"Block Group 1, Census Tract 7060.10, Montgomery County, Maryland",2024,185
1500000US240317060102,240317060102,"Block Group 2, Census Tract 7060.10, Montgomery County, Maryland",1073,163
1500000US240317060111,240317060111,"Block Group 1, Census Tract 7060.11, Montgomery County, Maryland",2129,234
1500000US240317060112,240317060112,"Block Group 2, Census Tract 7060.11, Montgomery County, Maryland",1357,194
1500000US240317060113,240317060113,"Block Group 3, Census Tract 7060.11, Montgomery County, Maryland",1930,225
1500000US240317060121,240317060121,"Block Group 1, Census Tract 7060.12, Montgomery County, Maryland",1181,232
1500000US240317060122,240317060122,"Block Group 2, Census Tract 7060.12, Montgomery County, Maryland",1149,170
1500000US240317060123,240317060123,"Block Group 3, Census Tract 7060.12, Montgomery County, Maryland",1014,186
1500000US240317060131,240317060131,"Block Group 1, Census Tract 7060.13, Montgomery County, Maryland",1450,163
1500000US240317060132,240317060132,"Block Group 2, Census Tract 7060.13, Montgomery County, Maryland",1511,174
