GEO.id,GEO.id2,GEO.display-label,HD01_VD01,HD02_VD01
Id,Id2,Geography,Estimate; Total,Margin of Error; Total
1500000US240054001001,240054001001,"Block Group 1, Census Tract 4001, Baltimore County, Maryland",1462,335
1500000US240054001002,240054001002,"Block Group 2, Census Tract 4001, Baltimore County, Maryland",1261,206
1500000US240054001003,240054001003,"Block Group 3, Census Tract 4001, Baltimore County, Maryland",1887,585
1500000US240054002001,240054002001,"Block Group 1, Census Tract 4002, Baltimore County, Maryland",1205,166
1500000US240054002002,240054002002,"Block Group 2, Census Tract 4002, Baltimore County, Maryland",1073,156
1500000US240054004001,240054004001,"Block Group 1, Census Tract 4004, Baltimore County, Maryland",1136,248
1500000US240054004002,240054004002,"Block Group 2, Census Tract 4004, Baltimore County, Maryland",1467,389
1500000US240054004003,240054004003,"Block Group 3, Census Tract 4004, Baltimore County, Maryland",1003,278
1500000US240054004004,240054004004,"Block Group 4, Census Tract 4004, Baltimore County, Maryland",615,254
1500000US240054004005,240054004005,"Block Group 5, Census Tract 4004, Baltimore County, Maryland",1462,284
1500000US240054005001,240054005001,"Block Group 1, Census Tract 4005, Baltimore County, Maryland",2525,120
1500000US240054006001,240054006001,"Block Group 1, Census Tract 4006, Baltimore County, Maryland",587,189
1500000US240054006002,240054006002,"Block Group 2, Census Tract 4006, Baltimore County, Maryland",1394,338
1500000US240054006003,240054006003,"Block Group 3, Census Tract 4006, Baltimore County, Maryland",984,246
1500000US240054007011,240054007011,"Block Group 1, Census Tract 4007.01, Baltimore County, Maryland",1139,259
1500000US240054007012,240054007012,"Block Group 2, Census Tract 4007.01, Baltimore County, Maryland",1766,300
1500000US240054007021,240054007021,"Block Group 1, Census Tract 4007.02, Baltimore County, Maryland",2052,202
1500000US240054008001,240054008001,"Block Group 1, Census Tract 4008, Baltimore County, Maryland",1734,375
1500000US240054008002,240054008002,"Block Group 2, Census Tract 4008, Baltimore County, Maryland",811,233
1500000US240054009001,240054009001,"Block Group 1, Census Tract 4009, Baltimore County, Maryland",2044,155
1500000US240054010001,240054010001,"Block Group 1, Census Tract 4010, Baltimore County, Maryland",1110,181
1500000US240054010002,240054010002,"Block Group 2, Census Tract 4010, Baltimore County, Maryland",1454,205
1500000US240054011011,240054011011,"Block Group 1, Census Tract 4011.01, Baltimore County, Maryland",1849,581
1500000US240054011012,240054011012,"Block Group 2, Census Tract 4011.01, Baltimore County, Maryland",1446,381
1500000US240054011013,240054011013,"Block Group 3, Census Tract 4011.01, Baltimore County, Maryland",1713,562
1500000US240054011014,240054011014,"Block Group 4, Census Tract 4011.01, Baltimore County, Maryland",934,549
1500000US240054011021,240054011021,"Block Group 1, Census Tract 4011.02, Baltimore County, Maryland",1010,151
1500000US240054012001,240054012001,"Block Group 1, Census Tract 4012, Baltimore County, Maryland",1362,321
1500000US240054012002,240054012002,"Block Group 2, Census Tract 4012, Baltimore County, Maryland",1521,268
1500000US240054013011,240054013011,"Block Group 1, Census Tract 4013.01, Baltimore County, Maryland",1600,368
1500000US240054013012,240054013012,"Block Group 2, Census Tract 4013.01, Baltimore County, Maryland",694,220
1500000US240054013013,240054013013,"Block Group 3, Census Tract 4013.01, Baltimore County, Maryland",1332,241
1500000US240054013021,240054013021,"Block Group 1, Census Tract 4013.02, Baltimore County, Maryland",1893,216
1500000US240054013022,240054013022,"Block Group 2, Census Tract 4013.02, Baltimore County, Maryland",835,269
1500000US240054014001,240054014001,"Block Group 1, Census Tract 4014, Baltimore County, Maryland",1718,121
1500000US240054015031,240054015031,"Block Group 1, Census Tract 4015.03, Baltimore County, Maryland",1522,296
1500000US240054015032,240054015032,"Block Group 2, Census Tract 4015.03, Baltimore County, Maryland",1408,328
1500000US240054015033,240054015033,"Block Group 3, Census Tract 4015.03, Baltimore County, Maryland",1142,278
1500000US240054015034,240054015034,"Block Group 4, Census Tract 4015.03, Baltimore County, Maryland",940,231
1500000US240054015035,240054015035,"Block Group 5, Census Tract 4015.03, Baltimore County, Maryland",1480,323
1500000US240054015041,240054015041,"Block Group 1, Census Tract 4015.04, Baltimore County, Maryland",2007,486
1500000US240054015042,240054015042,"Block Group 2, Census Tract 4015.04, Baltimore County, Maryland",2832,554
1500000US240054015043,240054015043,"Block Group 3, Census Tract 4015.04, Baltimore County, Maryland",1616,328
1500000US240054015051,240054015051,"Block Group 1, Census Tract 4015.05, Baltimore County, Maryland",1351,422
1500000US240054015052,240054015052,"Block Group 2, Census Tract 4015.05, Baltimore County, Maryland",1706,415
1500000US240054015053,240054015053,"Block Group 3, Census Tract 4015.05, Baltimore County, Maryland",1420,402
1500000US240054015061,240054015061,"Block Group 1, Census Tract 4015.06, Baltimore County, Maryland",1395,418
1500000US240054015062,240054015062,"Block Group 2, Census Tract 4015.06, Baltimore County, Maryland",2110,391
1500000US240054015063,240054015063,"Block Group 3, Census Tract 4015.06, Baltimore County, Maryland",1702,396
1500000US240054015071,240054015071,"Block Group 1, Census Tract 4015.07, Baltimore County, Maryland",1460,524
1500000US240054015072,240054015072,"Block Group 2, Census Tract 4015.07, Baltimore County, Maryland",2364,676
1500000US240054015073,240054015073,"Block Group 3, Census Tract 4015.07, Baltimore County, Maryland",977,304
1500000US240054015074,240054015074,"Block Group 4, Census Tract 4015.07, Baltimore County, Maryland",1323,535
1500000US240054022011,240054022011,"Block Group 1, Census Tract 4022.01, Baltimore County, Maryland",2065,252
1500000US240054022012,240054022012,"Block Group 2, Census Tract 4022.01, Baltimore County, Maryland",1698,320
1500000US240054022021,240054022021,"Block Group 1, Census Tract 4022.02, Baltimore County, Maryland",1520,121
1500000US240054023021,240054023021,"Block Group 1, Census Tract 4023.02, Baltimore County, Maryland",2263,427
1500000US240054023022,240054023022,"Block Group 2, Census Tract 4023.02, Baltimore County, Maryland",3262,464
1500000US240054023031,240054023031,"Block Group 1, Census Tract 4023.03, Baltimore County, Maryland",1200,448
1500000US240054023032,240054023032,"Block Group 2, Census Tract 4023.03, Baltimore County, Maryland",1146,375
1500000US240054023033,240054023033,"Block Group 3, Census Tract 4023.03, Baltimore County, Maryland",1555,583
1500000US240054023034,240054023034,"Block Group 4, Census Tract 4023.03, Baltimore County, Maryland",1498,440
1500000US240054023035,240054023035,"Block Group 5, Census Tract 4023.03, Baltimore County, Maryland",1306,391
1500000US240054023041,240054023041,"Block Group 1, Census Tract 4023.04, Baltimore County, Maryland",1718,410
1500000US240054023042,240054023042,"Block Group 2, Census Tract 4023.04, Baltimore County, Maryland",799,273
1500000US240054023043,240054023043,"Block Group 3, Census Tract 4023.04, Baltimore County, Maryland",1138,304
1500000US240054023051,240054023051,"Block Group 1, Census Tract 4023.05, Baltimore County, Maryland",1076,238
1500000US240054023052,240054023052,"Block Group 2, Census Tract 4023.05, Baltimore County, Maryland",1055,217
1500000US240054023061,240054023061,"Block Group 1, Census Tract 4023.06, Baltimore County, Maryland",2666,306
1500000US240054023062,240054023062,"Block Group 2, Census Tract 4023.06, Baltimore County, Maryland",1294,331
1500000US240054023071,240054023071,"Block Group 1, Census Tract 4023.07, Baltimore County, Maryland",2152,686
1500000US240054023072,240054023072,"Block Group 2, Census Tract 4023.07, Baltimore County, Maryland",2025,432
1500000US240054023073,240054023073,"Block Group 3, Census Tract 4023.07, Baltimore County, Maryland",2171,673
1500000US240054024031,240054024031,"Block Group 1, Census Tract 4024.03, Baltimore County, Maryland",911,180
1500000US240054024032,240054024032,"Block Group 2, Census Tract 4024.03, Baltimore County, Maryland",1064,162
1500000US240054024041,240054024041,"Block Group 1, Census Tract 4024.04, Baltimore County, Maryland",1569,318
1500000US240054024042,240054024042,"Block Group 2, Census Tract 4024.04, Baltimore County, Maryland",1830,509
1500000US240054024043,240054024043,"Block Group 3, Census Tract 4024.04, Baltimore County, Maryland",1895,605
1500000US240054024051,240054024051,"Block Group 1, Census Tract 4024.05, Baltimore County, Maryland",844,264
1500000US240054024052,240054024052,"Block Group 2, Census Tract 4024.05, Baltimore County, Maryland",2673,353
1500000US240054024061,240054024061,"Block Group 1, Census Tract 4024.06, Baltimore County, Maryland",885,359
1500000US240054024062,240054024062,"Block Group 2, Census Tract 4024.06, Baltimore County, Maryland",2032,466
1500000US240054024063,240054024063,"Block Group 3, Census Tract 4024.06, Baltimore County, Maryland",3175,523
1500000US240054024071,240054024071,"Block Group 1, Census Tract 4024.07, Baltimore County, Maryland",792,173
1500000US240054024072,240054024072,"Block Group 2, Census Tract 4024.07, Baltimore County, Maryland",682,146
1500000US240054025031,240054025031,"Block Group 1, Census Tract 4025.03, Baltimore County, Maryland",2503,532
1500000US240054025032,240054025032,"Block Group 2, Census Tract 4025.03, Baltimore County, Maryland",1302,241
1500000US240054025033,240054025033,"Block Group 3, Census Tract 4025.03, Baltimore County, Maryland",1380,376
1500000US240054025041,240054025041,"Block Group 1, Census Tract 4025.04, Baltimore County, Maryland",2058,357
1500000US240054025042,240054025042,"Block Group 2, Census Tract 4025.04, Baltimore County, Maryland",2091,475
1500000US240054025051,240054025051,"Block Group 1, Census Tract 4025.05, Baltimore County, Maryland",1040,379
1500000US240054025052,240054025052,"Block Group 2, Census Tract 4025.05, Baltimore County, Maryland",2837,601
1500000US240054025061,240054025061,"Block Group 1, Census Tract 4025.06, Baltimore County, Maryland",2184,327
1500000US240054025062,240054025062,"Block Group 2, Census Tract 4025.06, Baltimore County, Maryland",2337,435
1500000US240054025091,240054025091,"Block Group 1, Census Tract 4025.09, Baltimore County, Maryland",3308,632
1500000US240054025092,240054025092,"Block Group 2, Census Tract 4025.09, Baltimore County, Maryland",3883,724
1500000US240054025093,240054025093,"Block Group 3, Census Tract 4025.09, Baltimore County, Maryland",2457,600
1500000US240054026021,240054026021,"Block Group 1, Census Tract 4026.02, Baltimore County, Maryland",1012,219
1500000US240054026022,240054026022,"Block Group 2, Census Tract 4026.02, Baltimore County, Maryland",1188,189
1500000US240054026031,240054026031,"Block Group 1, Census Tract 4026.03, Baltimore County, Maryland",2204,513
1500000US240054026032,240054026032,"Block Group 2, Census Tract 4026.03, Baltimore County, Maryland",2352,755
1500000US240054026033,240054026033,"Block Group 3, Census Tract 4026.03, Baltimore County, Maryland",1944,567
1500000US240054026041,240054026041,"Block Group 1, Census Tract 4026.04, Baltimore County, Maryland",2130,431
1500000US240054026042,240054026042,"Block Group 2, Census Tract 4026.04, Baltimore County, Maryland",3059,585
1500000US240054026043,240054026043,"Block Group 3, Census Tract 4026.04, Baltimore County, Maryland",990,504
1500000US240054031001,240054031001,"Block Group 1, Census Tract 4031, Baltimore County, Maryland",1181,277
1500000US240054031002,240054031002,"Block Group 2, Census Tract 4031, Baltimore County, Maryland",1249,182
1500000US240054032011,240054032011,"Block Group 1, Census Tract 4032.01, Baltimore County, Maryland",2564,343
1500000US240054032012,240054032012,"Block Group 2, Census Tract 4032.01, Baltimore County, Maryland",803,221
1500000US240054032021,240054032021,"Block Group 1, Census Tract 4032.02, Baltimore County, Maryland",2167,219
1500000US240054033001,240054033001,"Block Group 1, Census Tract 4033, Baltimore County, Maryland",873,175
1500000US240054033002,240054033002,"Block Group 2, Census Tract 4033, Baltimore County, Maryland",1640,192
1500000US240054034011,240054034011,"Block Group 1, Census Tract 4034.01, Baltimore County, Maryland",2187,272
1500000US240054034012,240054034012,"Block Group 2, Census Tract 4034.01, Baltimore County, Maryland",1303,227
1500000US240054034021,240054034021,"Block Group 1, Census Tract 4034.02, Baltimore County, Maryland",1908,623
1500000US240054034022,240054034022,"Block Group 2, Census Tract 4034.02, Baltimore County, Maryland",1379,331
1500000US240054034023,240054034023,"Block Group 3, Census Tract 4034.02, Baltimore County, Maryland",738,388
1500000US240054034024,240054034024,"Block Group 4, Census Tract 4034.02, Baltimore County, Maryland",1521,477
1500000US240054035001,240054035001,"Block Group 1, Census Tract 4035, Baltimore County, Maryland",1695,210
1500000US240054035002,240054035002,"Block Group 2, Census Tract 4035, Baltimore County, Maryland",2383,321
1500000US240054035003,240054035003,"Block Group 3, Census Tract 4035, Baltimore County, Maryland",1037,298
1500000US240054036011,240054036011,"Block Group 1, Census Tract 4036.01, Baltimore County, Maryland",1075,204
1500000US240054036012,240054036012,"Block Group 2, Census Tract 4036.01, Baltimore County, Maryland",1002,171
1500000US240054036013,240054036013,"Block Group 3, Census Tract 4036.01, Baltimore County, Maryland",2707,271
1500000US240054036021,240054036021,"Block Group 1, Census Tract 4036.02, Baltimore County, Maryland",2433,386
1500000US240054036022,240054036022,"Block Group 2, Census Tract 4036.02, Baltimore County, Maryland",3531,419
1500000US240054037011,240054037011,"Block Group 1, Census Tract 4037.01, Baltimore County, Maryland",1959,408
1500000US240054037012,240054037012,"Block Group 2, Census Tract 4037.01, Baltimore County, Maryland",679,136
1500000US240054037013,240054037013,"Block Group 3, Census Tract 4037.01, Baltimore County, Maryland",1359,402
1500000US240054037014,240054037014,"Block Group 4, Census Tract 4037.01, Baltimore County, Maryland",1107,322
1500000US240054037015,240054037015,"Block Group 5, Census Tract 4037.01, Baltimore County, Maryland",2329,413
1500000US240054037021,240054037021,"Block Group 1, Census Tract 4037.02, Baltimore County, Maryland",2577,578
1500000US240054037022,240054037022,"Block Group 2, Census Tract 4037.02, Baltimore County, Maryland",2522,483
1500000US240054038011,240054038011,"Block Group 1, Census Tract 4038.01, Baltimore County, Maryland",1659,165
1500000US240054038021,240054038021,"Block Group 1, Census Tract 4038.02, Baltimore County, Maryland",1522,187
1500000US240054038022,240054038022,"Block Group 2, Census Tract 4038.02, Baltimore County, Maryland",1303,272
1500000US240054038031,240054038031,"Block Group 1, Census Tract 4038.03, Baltimore County, Maryland",2134,232
1500000US240054038032,240054038032,"Block Group 2, Census Tract 4038.03, Baltimore County, Maryland",1135,217
1500000US240054041011,240054041011,"Block Group 1, Census Tract 4041.01, Baltimore County, Maryland",1333,308
1500000US240054041012,240054041012,"Block Group 2, Census Tract 4041.01, Baltimore County, Maryland",4387,590
1500000US240054041021,240054041021,"Block Group 1, Census Tract 4041.02, Baltimore County, Maryland",2958,653
1500000US240054041022,240054041022,"Block Group 2, Census Tract 4041.02, Baltimore County, Maryland",2888,655
1500000US240054042011,240054042011,"Block Group 1, Census Tract 4042.01, Baltimore County, Maryland",3380,523
1500000US240054042012,240054042012,"Block Group 2, Census Tract 4042.01, Baltimore County, Maryland",1118,374
1500000US240054042013,240054042013,"Block Group 3, Census Tract 4042.01, Baltimore County, Maryland",1726,393
1500000US240054042021,240054042021,"Block Group 1, Census Tract 4042.02, Baltimore County, Maryland",2773,731
1500000US240054042022,240054042022,"Block Group 2, Census Tract 4042.02, Baltimore County, Maryland",1299,466
1500000US240054042023,240054042023,"Block Group 3, Census Tract 4042.02, Baltimore County, Maryland",3259,630
1500000US240054042024,240054042024,"Block Group 4, Census Tract 4042.02, Baltimore County, Maryland",1991,579
1500000US240054044021,240054044021,"Block Group 1, Census Tract 4044.02, Baltimore County, Maryland",1108,298
1500000US240054044022,240054044022,"Block Group 2, Census Tract 4044.02, Baltimore County, Maryland",2702,501
1500000US240054044023,240054044023,"Block Group 3, Census Tract 4044.02, Baltimore County, Maryland",2545,415
1500000US240054044031,240054044031,"Block Group 1, Census Tract 4044.03, Baltimore County, Maryland",1360,313
1500000US240054044032,240054044032,"Block Group 2, Census Tract 4044.03, Baltimore County, Maryland",3691,476
1500000US240054044041,240054044041,"Block Group 1, Census Tract 4044.04, Baltimore County, Maryland",2126,251
1500000US240054044042,240054044042,"Block Group 2, Census Tract 4044.04, Baltimore County, Maryland",2538,322
1500000US240054045011,240054045011,"Block Group 1, Census Tract 4045.01, Baltimore County, Maryland",1963,410
1500000US240054045012,240054045012,"Block Group 2, Census Tract 4045.01, Baltimore County, Maryland",915,304
1500000US240054045013,240054045013,"Block Group 3, Census Tract 4045.01, Baltimore County, Maryland",915,310
1500000US240054045014,240054045014,"Block Group 4, Census Tract 4045.01, Baltimore County, Maryland",3212,542
1500000US240054045021,240054045021,"Block Group 1, Census Tract 4045.02, Baltimore County, Maryland",1724,300
1500000US240054045022,240054045022,"Block Group 2, Census Tract 4045.02, Baltimore County, Maryland",578,152
1500000US240054045023,240054045023,"Block Group 3, Census Tract 4045.02, Baltimore County, Maryland",1657,498
1500000US240054046001,240054046001,"Block Group 1, Census Tract 4046, Baltimore County, Maryland",2129,289
1500000US240054046002,240054046002,"Block Group 2, Census Tract 4046, Baltimore County, Maryland",723,154
1500000US240054048001,240054048001,"Block Group 1, Census Tract 4048, Baltimore County, Maryland",1136,108
1500000US240054048002,240054048002,"Block Group 2, Census Tract 4048, Baltimore County, Maryland",774,99
1500000US240054049001,240054049001,"Block Group 1, Census Tract 4049, Baltimore County, Maryland",1961,165
1500000US240054049002,240054049002,"Block Group 2, Census Tract 4049, Baltimore County, Maryland",1267,187
1500000US240054049003,240054049003,"Block Group 3, Census Tract 4049, Baltimore County, Maryland",1012,204
1500000US240054050001,240054050001,"Block Group 1, Census Tract 4050, Baltimore County, Maryland",2944,312
1500000US240054050002,240054050002,"Block Group 2, Census Tract 4050, Baltimore County, Maryland",1760,303
1500000US240054060001,240054060001,"Block Group 1, Census Tract 4060, Baltimore County, Maryland",1343,250
1500000US240054060002,240054060002,"Block Group 2, Census Tract 4060, Baltimore County, Maryland",1253,325
1500000US240054060003,240054060003,"Block Group 3, Census Tract 4060, Baltimore County, Maryland",1600,346
1500000US240054060004,240054060004,"Block Group 4, Census Tract 4060, Baltimore County, Maryland",1816,333
1500000US240054070011,240054070011,"Block Group 1, Census Tract 4070.01, Baltimore County, Maryland",1398,167
1500000US240054070012,240054070012,"Block Group 2, Census Tract 4070.01, Baltimore County, Maryland",1610,193
1500000US240054070021,240054070021,"Block Group 1, Census Tract 4070.02, Baltimore County, Maryland",2105,336
1500000US240054070022,240054070022,"Block Group 2, Census Tract 4070.02, Baltimore County, Maryland",2178,282
1500000US240054070023,240054070023,"Block Group 3, Census Tract 4070.02, Baltimore County, Maryland",1563,227
1500000US240054081001,240054081001,"Block Group 1, Census Tract 4081, Baltimore County, Maryland",1221,296
1500000US240054081002,240054081002,"Block Group 2, Census Tract 4081, Baltimore County, Maryland",813,438
1500000US240054081003,240054081003,"Block Group 3, Census Tract 4081, Baltimore County, Maryland",2083,353
1500000US240054081004,240054081004,"Block Group 4, Census Tract 4081, Baltimore County, Maryland",1806,326
1500000US240054082001,240054082001,"Block Group 1, Census Tract 4082, Baltimore County, Maryland",953,156
1500000US240054082002,240054082002,"Block Group 2, Census Tract 4082, Baltimore County, Maryland",936,193
1500000US240054083021,240054083021,"Block Group 1, Census Tract 4083.02, Baltimore County, Maryland",823,191
1500000US240054083022,240054083022,"Block Group 2, Census Tract 4083.02, Baltimore County, Maryland",2163,220
1500000US240054083031,240054083031,"Block Group 1, Census Tract 4083.03, Baltimore County, Maryland",1925,239
1500000US240054083032,240054083032,"Block Group 2, Census Tract 4083.03, Baltimore County, Maryland",1436,263
1500000US240054083041,240054083041,"Block Group 1, Census Tract 4083.04, Baltimore County, Maryland",3270,437
1500000US240054083042,240054083042,"Block Group 2, Census Tract 4083.04, Baltimore County, Maryland",983,335
1500000US240054083043,240054083043,"Block Group 3, Census Tract 4083.04, Baltimore County, Maryland",997,264
1500000US240054084001,240054084001,"Block Group 1, Census Tract 4084, Baltimore County, Maryland",817,129
1500000US240054085021,240054085021,"Block Group 1, Census Tract 4085.02, Baltimore County, Maryland",2878,630
1500000US240054085022,240054085022,"Block Group 2, Census Tract 4085.02, Baltimore County, Maryland",1288,255
1500000US240054085023,240054085023,"Block Group 3, Census Tract 4085.02, Baltimore County, Maryland",1162,251
1500000US240054085031,240054085031,"Block Group 1, Census Tract 4085.03, Baltimore County, Maryland",1900,291
1500000US240054085032,240054085032,"Block Group 2, Census Tract 4085.03, Baltimore County, Maryland",1646,332
1500000US240054085051,240054085051,"Block Group 1, Census Tract 4085.05, Baltimore County, Maryland",2038,252
1500000US240054085052,240054085052,"Block Group 2, Census Tract 4085.05, Baltimore County, Maryland",1848,226
1500000US240054085061,240054085061,"Block Group 1, Census Tract 4085.06, Baltimore County, Maryland",2312,395
1500000US240054085062,240054085062,"Block Group 2, Census Tract 4085.06, Baltimore County, Maryland",2268,452
1500000US240054085071,240054085071,"Block Group 1, Census Tract 4085.07, Baltimore County, Maryland",1882,390
1500000US240054085072,240054085072,"Block Group 2, Census Tract 4085.07, Baltimore County, Maryland",2844,663
1500000US240054085073,240054085073,"Block Group 3, Census Tract 4085.07, Baltimore County, Maryland",2041,450
1500000US240054086011,240054086011,"Block Group 1, Census Tract 4086.01, Baltimore County, Maryland",1300,231
1500000US240054086012,240054086012,"Block Group 2, Census Tract 4086.01, Baltimore County, Maryland",876,179
1500000US240054086013,240054086013,"Block Group 3, Census Tract 4086.01, Baltimore County, Maryland",1005,205
1500000US240054086014,240054086014,"Block Group 4, Census Tract 4086.01, Baltimore County, Maryland",834,202
1500000US240054086021,240054086021,"Block Group 1, Census Tract 4086.02, Baltimore County, Maryland",1270,139
1500000US240054086022,240054086022,"Block Group 2, Census Tract 4086.02, Baltimore County, Maryland",845,116
1500000US240054087021,240054087021,"Block Group 1, Census Tract 4087.02, Baltimore County, Maryland",1611,181
1500000US240054087022,240054087022,"Block Group 2, Census Tract 4087.02, Baltimore County, Maryland",886,161
1500000US240054087031,240054087031,"Block Group 1, Census Tract 4087.03, Baltimore County, Maryland",1442,398
1500000US240054087032,240054087032,"Block Group 2, Census Tract 4087.03, Baltimore County, Maryland",2279,472
1500000US240054087033,240054087033,"Block Group 3, Census Tract 4087.03, Baltimore County, Maryland",860,262
1500000US240054087034,240054087034,"Block Group 4, Census Tract 4087.03, Baltimore County, Maryland",1814,338
1500000US240054087041,240054087041,"Block Group 1, Census Tract 4087.04, Baltimore County, Maryland",2376,427
1500000US240054087042,240054087042,"Block Group 2, Census Tract 4087.04, Baltimore County, Maryland",2213,461
1500000US240054087043,240054087043,"Block Group 3, Census Tract 4087.04, Baltimore County, Maryland",1103,311
1500000US240054088001,240054088001,"Block Group 1, Census Tract 4088, Baltimore County, Maryland",1402,214
1500000US240054088002,240054088002,"Block Group 2, Census Tract 4088, Baltimore County, Maryland",1230,272
1500000US240054089001,240054089001,"Block Group 1, Census Tract 4089, Baltimore County, Maryland",1443,228
1500000US240054089002,240054089002,"Block Group 2, Census Tract 4089, Baltimore County, Maryland",1186,205
1500000US240054101001,240054101001,"Block Group 1, Census Tract 4101, Baltimore County, Maryland",640,180
1500000US240054101002,240054101002,"Block Group 2, Census Tract 4101, Baltimore County, Maryland",768,197
1500000US240054101003,240054101003,"Block Group 3, Census Tract 4101, Baltimore County, Maryland",2168,442
1500000US240054101004,240054101004,"Block Group 4, Census Tract 4101, Baltimore County, Maryland",1965,314
1500000US240054102001,240054102001,"Block Group 1, Census Tract 4102, Baltimore County, Maryland",1844,261
1500000US240054102002,240054102002,"Block Group 2, Census Tract 4102, Baltimore County, Maryland",1710,252
1500000US240054102003,240054102003,"Block Group 3, Census Tract 4102, Baltimore County, Maryland",1289,188
1500000US240054111011,240054111011,"Block Group 1, Census Tract 4111.01, Baltimore County, Maryland",2213,128
1500000US240054111021,240054111021,"Block Group 1, Census Tract 4111.02, Baltimore County, Maryland",978,225
1500000US240054111022,240054111022,"Block Group 2, Census Tract 4111.02, Baltimore County, Maryland",492,166
1500000US240054111023,240054111023,"Block Group 3, Census Tract 4111.02, Baltimore County, Maryland",1596,260
1500000US240054112011,240054112011,"Block Group 1, Census Tract 4112.01, Baltimore County, Maryland",962,198
1500000US240054112012,240054112012,"Block Group 2, Census Tract 4112.01, Baltimore County, Maryland",683,150
1500000US240054112013,240054112013,"Block Group 3, Census Tract 4112.01, Baltimore County, Maryland",695,131
1500000US240054112014,240054112014,"Block Group 4, Census Tract 4112.01, Baltimore County, Maryland",814,148
1500000US240054112021,240054112021,"Block Group 1, Census Tract 4112.02, Baltimore County, Maryland",1726,229
1500000US240054112022,240054112022,"Block Group 2, Census Tract 4112.02, Baltimore County, Maryland",1231,253
1500000US240054112023,240054112023,"Block Group 3, Census Tract 4112.02, Baltimore County, Maryland",845,202
1500000US240054113021,240054113021,"Block Group 1, Census Tract 4113.02, Baltimore County, Maryland",3708,304
1500000US240054113031,240054113031,"Block Group 1, Census Tract 4113.03, Baltimore County, Maryland",2129,529
1500000US240054113032,240054113032,"Block Group 2, Census Tract 4113.03, Baltimore County, Maryland",1235,324
1500000US240054113033,240054113033,"Block Group 3, Census Tract 4113.03, Baltimore County, Maryland",2091,445
1500000US240054113034,240054113034,"Block Group 4, Census Tract 4113.03, Baltimore County, Maryland",837,255
1500000US240054113061,240054113061,"Block Group 1, Census Tract 4113.06, Baltimore County, Maryland",1403,312
1500000US240054113062,240054113062,"Block Group 2, Census Tract 4113.06, Baltimore County, Maryland",2444,428
1500000US240054113063,240054113063,"Block Group 3, Census Tract 4113.06, Baltimore County, Maryland",1537,463
1500000US240054113071,240054113071,"Block Group 1, Census Tract 4113.07, Baltimore County, Maryland",1993,299
1500000US240054113072,240054113072,"Block Group 2, Census Tract 4113.07, Baltimore County, Maryland",1862,294
1500000US240054113081,240054113081,"Block Group 1, Census Tract 4113.08, Baltimore County, Maryland",1188,187
1500000US240054113082,240054113082,"Block Group 2, Census Tract 4113.08, Baltimore County, Maryland",476,150
1500000US240054113083,240054113083,"Block Group 3, Census Tract 4113.08, Baltimore County, Maryland",1651,230
1500000US240054113091,240054113091,"Block Group 1, Census Tract 4113.09, Baltimore County, Maryland",2038,499
1500000US240054113092,240054113092,"Block Group 2, Census Tract 4113.09, Baltimore County, Maryland",3856,530
1500000US240054113093,240054113093,"Block Group 3, Census Tract 4113.09, Baltimore County, Maryland",2714,461
1500000US240054114041,240054114041,"Block Group 1, Census Tract 4114.04, Baltimore County, Maryland",2835,311
1500000US240054114042,240054114042,"Block Group 2, Census Tract 4114.04, Baltimore County, Maryland",830,253
1500000US240054114061,240054114061,"Block Group 1, Census Tract 4114.06, Baltimore County, Maryland",1530,269
1500000US240054114062,240054114062,"Block Group 2, Census Tract 4114.06, Baltimore County, Maryland",1599,235
1500000US240054114063,240054114063,"Block Group 3, Census Tract 4114.06, Baltimore County, Maryland",1202,193
1500000US240054114071,240054114071,"Block Group 1, Census Tract 4114.07, Baltimore County, Maryland",1309,735
1500000US240054114072,240054114072,"Block Group 2, Census Tract 4114.07, Baltimore County, Maryland",3558,569
1500000US240054114073,240054114073,"Block Group 3, Census Tract 4114.07, Baltimore County, Maryland",1767,569
1500000US240054114074,240054114074,"Block Group 4, Census Tract 4114.07, Baltimore County, Maryland",3252,1074
1500000US240054114075,240054114075,"Block Group 5, Census Tract 4114.07, Baltimore County, Maryland",1002,441
1500000US240054114081,240054114081,"Block Group 1, Census Tract 4114.08, Baltimore County, Maryland",1120,282
1500000US240054114082,240054114082,"Block Group 2, Census Tract 4114.08, Baltimore County, Maryland",1923,250
1500000US240054114083,240054114083,"Block Group 3, Census Tract 4114.08, Baltimore County, Maryland",531,189
1500000US240054114091,240054114091,"Block Group 1, Census Tract 4114.09, Baltimore County, Maryland",1202,211
1500000US240054114092,240054114092,"Block Group 2, Census Tract 4114.09, Baltimore County, Maryland",1908,243
1500000US240054114093,240054114093,"Block Group 3, Census Tract 4114.09, Baltimore County, Maryland",2132,307
1500000US240054114101,240054114101,"Block Group 1, Census Tract 4114.10, Baltimore County, Maryland",1106,220
1500000US240054114102,240054114102,"Block Group 2, Census Tract 4114.10, Baltimore County, Maryland",1588,249
1500000US240054114103,240054114103,"Block Group 3, Census Tract 4114.10, Baltimore County, Maryland",2089,328
1500000US240054201001,240054201001,"Block Group 1, Census Tract 4201, Baltimore County, Maryland",1669,302
1500000US240054201002,240054201002,"Block Group 2, Census Tract 4201, Baltimore County, Maryland",1189,343
1500000US240054201003,240054201003,"Block Group 3, Census Tract 4201, Baltimore County, Maryland",831,240
1500000US240054202001,240054202001,"Block Group 1, Census Tract 4202, Baltimore County, Maryland",1424,219
1500000US240054202002,240054202002,"Block Group 2, Census Tract 4202, Baltimore County, Maryland",1180,244
1500000US240054203011,240054203011,"Block Group 1, Census Tract 4203.01, Baltimore County, Maryland",2515,237
1500000US240054203021,240054203021,"Block Group 1, Census Tract 4203.02, Baltimore County, Maryland",872,189
1500000US240054203022,240054203022,"Block Group 2, Census Tract 4203.02, Baltimore County, Maryland",1702,251
1500000US240054203031,240054203031,"Block Group 1, Census Tract 4203.03, Baltimore County, Maryland",1352,79
1500000US240054204011,240054204011,"Block Group 1, Census Tract 4204.01, Baltimore County, Maryland",1496,582
1500000US240054204012,240054204012,"Block Group 2, Census Tract 4204.01, Baltimore County, Maryland",2768,898
1500000US240054204013,240054204013,"Block Group 3, Census Tract 4204.01, Baltimore County, Maryland",642,347
1500000US240054204014,240054204014,"Block Group 4, Census Tract 4204.01, Baltimore County, Maryland",1324,832
1500000US240054204021,240054204021,"Block Group 1, Census Tract 4204.02, Baltimore County, Maryland",1017,153
1500000US240054204022,240054204022,"Block Group 2, Census Tract 4204.02, Baltimore County, Maryland",955,202
1500000US240054205001,240054205001,"Block Group 1, Census Tract 4205, Baltimore County, Maryland",1876,270
1500000US240054205002,240054205002,"Block Group 2, Census Tract 4205, Baltimore County, Maryland",1474,333
1500000US240054206001,240054206001,"Block Group 1, Census Tract 4206, Baltimore County, Maryland",2578,640
1500000US240054206002,240054206002,"Block Group 2, Census Tract 4206, Baltimore County, Maryland",617,210
1500000US240054206003,240054206003,"Block Group 3, Census Tract 4206, Baltimore County, Maryland",1254,286
1500000US240054207011,240054207011,"Block Group 1, Census Tract 4207.01, Baltimore County, Maryland",3209,456
1500000US240054207021,240054207021,"Block Group 1, Census Tract 4207.02, Baltimore County, Maryland",2014,202
1500000US240054208001,240054208001,"Block Group 1, Census Tract 4208, Baltimore County, Maryland",960,350
1500000US240054208002,240054208002,"Block Group 2, Census Tract 4208, Baltimore County, Maryland",1100,242
1500000US240054208003,240054208003,"Block Group 3, Census Tract 4208, Baltimore County, Maryland",1160,333
1500000US240054209001,240054209001,"Block Group 1, Census Tract 4209, Baltimore County, Maryland",1513,363
1500000US240054209002,240054209002,"Block Group 2, Census Tract 4209, Baltimore County, Maryland",892,253
1500000US240054209003,240054209003,"Block Group 3, Census Tract 4209, Baltimore County, Maryland",1175,342
1500000US240054210001,240054210001,"Block Group 1, Census Tract 4210, Baltimore County, Maryland",1664,164
1500000US240054211011,240054211011,"Block Group 1, Census Tract 4211.01, Baltimore County, Maryland",1551,349
1500000US240054211012,240054211012,"Block Group 2, Census Tract 4211.01, Baltimore County, Maryland",1482,299
1500000US240054211021,240054211021,"Block Group 1, Census Tract 4211.02, Baltimore County, Maryland",1339,216
1500000US240054211022,240054211022,"Block Group 2, Census Tract 4211.02, Baltimore County, Maryland",1053,195
1500000US240054212001,240054212001,"Block Group 1, Census Tract 4212, Baltimore County, Maryland",870,144
1500000US240054212002,240054212002,"Block Group 2, Census Tract 4212, Baltimore County, Maryland",765,150
1500000US240054213001,240054213001,"Block Group 1, Census Tract 4213, Baltimore County, Maryland",837,288
1500000US240054213002,240054213002,"Block Group 2, Census Tract 4213, Baltimore County, Maryland",1006,247
1500000US240054213003,240054213003,"Block Group 3, Census Tract 4213, Baltimore County, Maryland",1106,352
1500000US240054301011,240054301011,"Block Group 1, Census Tract 4301.01, Baltimore County, Maryland",2886,552
1500000US240054301012,240054301012,"Block Group 2, Census Tract 4301.01, Baltimore County, Maryland",1840,453
1500000US240054301041,240054301041,"Block Group 1, Census Tract 4301.04, Baltimore County, Maryland",1207,277
1500000US240054301042,240054301042,"Block Group 2, Census Tract 4301.04, Baltimore County, Maryland",1632,359
1500000US240054302001,240054302001,"Block Group 1, Census Tract 4302, Baltimore County, Maryland",733,243
1500000US240054302002,240054302002,"Block Group 2, Census Tract 4302, Baltimore County, Maryland",1293,254
1500000US240054302003,240054302003,"Block Group 3, Census Tract 4302, Baltimore County, Maryland",620,230
1500000US240054303001,240054303001,"Block Group 1, Census Tract 4303, Baltimore County, Maryland",1553,351
1500000US240054303002,240054303002,"Block Group 2, Census Tract 4303, Baltimore County, Maryland",1533,395
1500000US240054303003,240054303003,"Block Group 3, Census Tract 4303, Baltimore County, Maryland",886,251
1500000US240054303004,240054303004,"Block Group 4, Census Tract 4303, Baltimore County, Maryland",1696,510
1500000US240054304001,240054304001,"Block Group 1, Census Tract 4304, Baltimore County, Maryland",1221,303
1500000US240054304002,240054304002,"Block Group 2, Census Tract 4304, Baltimore County, Maryland",1405,332
1500000US240054304003,240054304003,"Block Group 3, Census Tract 4304, Baltimore County, Maryland",1803,342
1500000US240054306001,240054306001,"Block Group 1, Census Tract 4306, Baltimore County, Maryland",1519,155
1500000US240054306002,240054306002,"Block Group 2, Census Tract 4306, Baltimore County, Maryland",801,150
1500000US240054307001,240054307001,"Block Group 1, Census Tract 4307, Baltimore County, Maryland",902,277
1500000US240054307002,240054307002,"Block Group 2, Census Tract 4307, Baltimore County, Maryland",2568,377
1500000US240054307003,240054307003,"Block Group 3, Census Tract 4307, Baltimore County, Maryland",1813,325
1500000US240054308001,240054308001,"Block Group 1, Census Tract 4308, Baltimore County, Maryland",1264,244
1500000US240054308002,240054308002,"Block Group 2, Census Tract 4308, Baltimore County, Maryland",874,180
1500000US240054308003,240054308003,"Block Group 3, Census Tract 4308, Baltimore County, Maryland",1359,259
1500000US240054309001,240054309001,"Block Group 1, Census Tract 4309, Baltimore County, Maryland",2678,656
1500000US240054309002,240054309002,"Block Group 2, Census Tract 4309, Baltimore County, Maryland",1212,545
1500000US240054309003,240054309003,"Block Group 3, Census Tract 4309, Baltimore County, Maryland",1748,662
1500000US240054401001,240054401001,"Block Group 1, Census Tract 4401, Baltimore County, Maryland",1376,243
1500000US240054401002,240054401002,"Block Group 2, Census Tract 4401, Baltimore County, Maryland",1333,329
1500000US240054401003,240054401003,"Block Group 3, Census Tract 4401, Baltimore County, Maryland",854,173
1500000US240054401004,240054401004,"Block Group 4, Census Tract 4401, Baltimore County, Maryland",1113,280
1500000US240054402001,240054402001,"Block Group 1, Census Tract 4402, Baltimore County, Maryland",850,213
1500000US240054402002,240054402002,"Block Group 2, Census Tract 4402, Baltimore County, Maryland",1567,189
1500000US240054403001,240054403001,"Block Group 1, Census Tract 4403, Baltimore County, Maryland",2035,174
1500000US240054404001,240054404001,"Block Group 1, Census Tract 4404, Baltimore County, Maryland",1445,429
1500000US240054404002,240054404002,"Block Group 2, Census Tract 4404, Baltimore County, Maryland",558,219
1500000US240054404003,240054404003,"Block Group 3, Census Tract 4404, Baltimore County, Maryland",1589,488
1500000US240054404004,240054404004,"Block Group 4, Census Tract 4404, Baltimore County, Maryland",1384,399
1500000US240054405001,240054405001,"Block Group 1, Census Tract 4405, Baltimore County, Maryland",2520,270
1500000US240054405002,240054405002,"Block Group 2, Census Tract 4405, Baltimore County, Maryland",707,227
1500000US240054406001,240054406001,"Block Group 1, Census Tract 4406, Baltimore County, Maryland",2300,179
1500000US240054407011,240054407011,"Block Group 1, Census Tract 4407.01, Baltimore County, Maryland",2166,793
1500000US240054407012,240054407012,"Block Group 2, Census Tract 4407.01, Baltimore County, Maryland",3514,884
1500000US240054407013,240054407013,"Block Group 3, Census Tract 4407.01, Baltimore County, Maryland",1349,350
1500000US240054407021,240054407021,"Block Group 1, Census Tract 4407.02, Baltimore County, Maryland",2803,595
1500000US240054407022,240054407022,"Block Group 2, Census Tract 4407.02, Baltimore County, Maryland",2023,380
1500000US240054408001,240054408001,"Block Group 1, Census Tract 4408, Baltimore County, Maryland",3173,278
1500000US240054409001,240054409001,"Block Group 1, Census Tract 4409, Baltimore County, Maryland",1821,326
1500000US240054409002,240054409002,"Block Group 2, Census Tract 4409, Baltimore County, Maryland",1924,292
1500000US240054410001,240054410001,"Block Group 1, Census Tract 4410, Baltimore County, Maryland",1806,338
1500000US240054410002,240054410002,"Block Group 2, Census Tract 4410, Baltimore County, Maryland",1941,444
1500000US240054411011,240054411011,"Block Group 1, Census Tract 4411.01, Baltimore County, Maryland",1091,177
1500000US240054411012,240054411012,"Block Group 2, Census Tract 4411.01, Baltimore County, Maryland",1022,180
1500000US240054411021,240054411021,"Block Group 1, Census Tract 4411.02, Baltimore County, Maryland",968,291
1500000US240054411022,240054411022,"Block Group 2, Census Tract 4411.02, Baltimore County, Maryland",958,225
1500000US240054411023,240054411023,"Block Group 3, Census Tract 4411.02, Baltimore County, Maryland",982,290
1500000US240054411024,240054411024,"Block Group 4, Census Tract 4411.02, Baltimore County, Maryland",2077,427
1500000US240054501001,240054501001,"Block Group 1, Census Tract 4501, Baltimore County, Maryland",1564,310
1500000US240054501002,240054501002,"Block Group 2, Census Tract 4501, Baltimore County, Maryland",1099,250
1500000US240054501003,240054501003,"Block Group 3, Census Tract 4501, Baltimore County, Maryland",1164,251
1500000US240054502001,240054502001,"Block Group 1, Census Tract 4502, Baltimore County, Maryland",1293,221
1500000US240054502002,240054502002,"Block Group 2, Census Tract 4502, Baltimore County, Maryland",788,216
1500000US240054502003,240054502003,"Block Group 3, Census Tract 4502, Baltimore County, Maryland",1086,242
1500000US240054503001,240054503001,"Block Group 1, Census Tract 4503, Baltimore County, Maryland",2121,312
1500000US240054503002,240054503002,"Block Group 2, Census Tract 4503, Baltimore County, Maryland",1035,243
1500000US240054504001,240054504001,"Block Group 1, Census Tract 4504, Baltimore County, Maryland",651,146
1500000US240054504002,240054504002,"Block Group 2, Census Tract 4504, Baltimore County, Maryland",1751,164
1500000US240054505011,240054505011,"Block Group 1, Census Tract 4505.01, Baltimore County, Maryland",1210,336
1500000US240054505012,240054505012,"Block Group 2, Census Tract 4505.01, Baltimore County, Maryland",1621,338
1500000US240054505013,240054505013,"Block Group 3, Census Tract 4505.01, Baltimore County, Maryland",1478,271
1500000US240054505031,240054505031,"Block Group 1, Census Tract 4505.03, Baltimore County, Maryland",1145,555
1500000US240054505032,240054505032,"Block Group 2, Census Tract 4505.03, Baltimore County, Maryland",2871,641
1500000US240054505033,240054505033,"Block Group 3, Census Tract 4505.03, Baltimore County, Maryland",2397,459
1500000US240054505041,240054505041,"Block Group 1, Census Tract 4505.04, Baltimore County, Maryland",470,252
1500000US240054505042,240054505042,"Block Group 2, Census Tract 4505.04, Baltimore County, Maryland",2939,646
1500000US240054505043,240054505043,"Block Group 3, Census Tract 4505.04, Baltimore County, Maryland",1970,446
1500000US240054508001,240054508001,"Block Group 1, Census Tract 4508, Baltimore County, Maryland",751,174
1500000US240054508002,240054508002,"Block Group 2, Census Tract 4508, Baltimore County, Maryland",2777,402
1500000US240054508003,240054508003,"Block Group 3, Census Tract 4508, Baltimore County, Maryland",229,133
1500000US240054509001,240054509001,"Block Group 1, Census Tract 4509, Baltimore County, Maryland",1378,252
1500000US240054509002,240054509002,"Block Group 2, Census Tract 4509, Baltimore County, Maryland",2804,380
1500000US240054510001,240054510001,"Block Group 1, Census Tract 4510, Baltimore County, Maryland",965,121
1500000US240054510002,240054510002,"Block Group 2, Census Tract 4510, Baltimore County, Maryland",758,121
1500000US240054511001,240054511001,"Block Group 1, Census Tract 4511, Baltimore County, Maryland",2261,214
1500000US240054512001,240054512001,"Block Group 1, Census Tract 4512, Baltimore County, Maryland",1551,227
1500000US240054512002,240054512002,"Block Group 2, Census Tract 4512, Baltimore County, Maryland",2019,269
1500000US240054513001,240054513001,"Block Group 1, Census Tract 4513, Baltimore County, Maryland",3055,517
1500000US240054513002,240054513002,"Block Group 2, Census Tract 4513, Baltimore County, Maryland",982,242
1500000US240054514011,240054514011,"Block Group 1, Census Tract 4514.01, Baltimore County, Maryland",1909,449
1500000US240054514012,240054514012,"Block Group 2, Census Tract 4514.01, Baltimore County, Maryland",2094,518
1500000US240054514021,240054514021,"Block Group 1, Census Tract 4514.02, Baltimore County, Maryland",1026,388
1500000US240054514022,240054514022,"Block Group 2, Census Tract 4514.02, Baltimore County, Maryland",898,343
1500000US240054514023,240054514023,"Block Group 3, Census Tract 4514.02, Baltimore County, Maryland",3344,584
1500000US240054515001,240054515001,"Block Group 1, Census Tract 4515, Baltimore County, Maryland",1249,303
1500000US240054515002,240054515002,"Block Group 2, Census Tract 4515, Baltimore County, Maryland",1278,402
1500000US240054515003,240054515003,"Block Group 3, Census Tract 4515, Baltimore County, Maryland",1223,423
1500000US240054516001,240054516001,"Block Group 1, Census Tract 4516, Baltimore County, Maryland",824,136
1500000US240054516002,240054516002,"Block Group 2, Census Tract 4516, Baltimore County, Maryland",1209,166
1500000US240054517011,240054517011,"Block Group 1, Census Tract 4517.01, Baltimore County, Maryland",2388,299
1500000US240054517012,240054517012,"Block Group 2, Census Tract 4517.01, Baltimore County, Maryland",1369,243
1500000US240054517021,240054517021,"Block Group 1, Census Tract 4517.02, Baltimore County, Maryland",808,113
1500000US240054517022,240054517022,"Block Group 2, Census Tract 4517.02, Baltimore County, Maryland",1025,160
1500000US240054518011,240054518011,"Block Group 1, Census Tract 4518.01, Baltimore County, Maryland",508,143
1500000US240054518012,240054518012,"Block Group 2, Census Tract 4518.01, Baltimore County, Maryland",1788,432
1500000US240054518013,240054518013,"Block Group 3, Census Tract 4518.01, Baltimore County, Maryland",1559,377
1500000US240054518014,240054518014,"Block Group 4, Census Tract 4518.01, Baltimore County, Maryland",1887,465
1500000US240054518021,240054518021,"Block Group 1, Census Tract 4518.02, Baltimore County, Maryland",1230,200
1500000US240054518022,240054518022,"Block Group 2, Census Tract 4518.02, Baltimore County, Maryland",939,199
1500000US240054518023,240054518023,"Block Group 3, Census Tract 4518.02, Baltimore County, Maryland",1741,354
1500000US240054518031,240054518031,"Block Group 1, Census Tract 4518.03, Baltimore County, Maryland",2040,267
1500000US240054518032,240054518032,"Block Group 2, Census Tract 4518.03, Baltimore County, Maryland",2079,264
1500000US240054519001,240054519001,"Block Group 1, Census Tract 4519, Baltimore County, Maryland",592,188
1500000US240054519002,240054519002,"Block Group 2, Census Tract 4519, Baltimore County, Maryland",882,223
1500000US240054519003,240054519003,"Block Group 3, Census Tract 4519, Baltimore County, Maryland",1130,224
1500000US240054520001,240054520001,"Block Group 1, Census Tract 4520, Baltimore County, Maryland",913,232
1500000US240054520002,240054520002,"Block Group 2, Census Tract 4520, Baltimore County, Maryland",1725,299
1500000US240054521001,240054521001,"Block Group 1, Census Tract 4521, Baltimore County, Maryland",1842,321
1500000US240054521002,240054521002,"Block Group 2, Census Tract 4521, Baltimore County, Maryland",1061,234
1500000US240054521003,240054521003,"Block Group 3, Census Tract 4521, Baltimore County, Maryland",477,175
1500000US240054523001,240054523001,"Block Group 1, Census Tract 4523, Baltimore County, Maryland",1617,469
1500000US240054523002,240054523002,"Block Group 2, Census Tract 4523, Baltimore County, Maryland",1489,319
1500000US240054524001,240054524001,"Block Group 1, Census Tract 4524, Baltimore County, Maryland",1161,274
1500000US240054524002,240054524002,"Block Group 2, Census Tract 4524, Baltimore County, Maryland",2244,283
1500000US240054525001,240054525001,"Block Group 1, Census Tract 4525, Baltimore County, Maryland",688,163
1500000US240054525002,240054525002,"Block Group 2, Census Tract 4525, Baltimore County, Maryland",2261,330
1500000US240054525003,240054525003,"Block Group 3, Census Tract 4525, Baltimore County, Maryland",735,191
1500000US240054901001,240054901001,"Block Group 1, Census Tract 4901, Baltimore County, Maryland",1549,181
1500000US240054901002,240054901002,"Block Group 2, Census Tract 4901, Baltimore County, Maryland",807,129
1500000US240054901003,240054901003,"Block Group 3, Census Tract 4901, Baltimore County, Maryland",1531,267
1500000US240054902001,240054902001,"Block Group 1, Census Tract 4902, Baltimore County, Maryland",1059,243
1500000US240054902002,240054902002,"Block Group 2, Census Tract 4902, Baltimore County, Maryland",1017,243
1500000US240054902003,240054902003,"Block Group 3, Census Tract 4902, Baltimore County, Maryland",832,187
1500000US240054903011,240054903011,"Block Group 1, Census Tract 4903.01, Baltimore County, Maryland",2383,496
1500000US240054903012,240054903012,"Block Group 2, Census Tract 4903.01, Baltimore County, Maryland",2603,507
1500000US240054903013,240054903013,"Block Group 3, Census Tract 4903.01, Baltimore County, Maryland",2192,279
1500000US240054903021,240054903021,"Block Group 1, Census Tract 4903.02, Baltimore County, Maryland",1279,209
1500000US240054903022,240054903022,"Block Group 2, Census Tract 4903.02, Baltimore County, Maryland",3717,494
1500000US240054904001,240054904001,"Block Group 1, Census Tract 4904, Baltimore County, Maryland",1238,132
1500000US240054904002,240054904002,"Block Group 2, Census Tract 4904, Baltimore County, Maryland",610,79
1500000US240054905001,240054905001,"Block Group 1, Census Tract 4905, Baltimore County, Maryland",932,208
1500000US240054905002,240054905002,"Block Group 2, Census Tract 4905, Baltimore County, Maryland",1639,193
1500000US240054905003,240054905003,"Block Group 3, Census Tract 4905, Baltimore County, Maryland",1132,178
1500000US240054906011,240054906011,"Block Group 1, Census Tract 4906.01, Baltimore County, Maryland",1173,132
1500000US240054906012,240054906012,"Block Group 2, Census Tract 4906.01, Baltimore County, Maryland",1009,139
1500000US240054906021,240054906021,"Block Group 1, Census Tract 4906.02, Baltimore County, Maryland",1216,185
1500000US240054906022,240054906022,"Block Group 2, Census Tract 4906.02, Baltimore County, Maryland",1615,196
1500000US240054906031,240054906031,"Block Group 1, Census Tract 4906.03, Baltimore County, Maryland",1467,163
1500000US240054906032,240054906032,"Block Group 2, Census Tract 4906.03, Baltimore County, Maryland",708,140
1500000US240054906051,240054906051,"Block Group 1, Census Tract 4906.05, Baltimore County, Maryland",2399,194
1500000US240054906052,240054906052,"Block Group 2, Census Tract 4906.05, Baltimore County, Maryland",2605,321
1500000US240054907011,240054907011,"Block Group 1, Census Tract 4907.01, Baltimore County, Maryland",1676,155
1500000US240054907031,240054907031,"Block Group 1, Census Tract 4907.03, Baltimore County, Maryland",1852,314
1500000US240054907032,240054907032,"Block Group 2, Census Tract 4907.03, Baltimore County, Maryland",1529,311
1500000US240054908001,240054908001,"Block Group 1, Census Tract 4908, Baltimore County, Maryland",1479,262
1500000US240054908002,240054908002,"Block Group 2, Census Tract 4908, Baltimore County, Maryland",2046,256
1500000US240054909001,240054909001,"Block Group 1, Census Tract 4909, Baltimore County, Maryland",1689,306
1500000US240054909002,240054909002,"Block Group 2, Census Tract 4909, Baltimore County, Maryland",2143,469
1500000US240054909003,240054909003,"Block Group 3, Census Tract 4909, Baltimore County, Maryland",506,193
1500000US240054910001,240054910001,"Block Group 1, Census Tract 4910, Baltimore County, Maryland",1135,165
1500000US240054910002,240054910002,"Block Group 2, Census Tract 4910, Baltimore County, Maryland",1117,136
1500000US240054911001,240054911001,"Block Group 1, Census Tract 4911, Baltimore County, Maryland",1265,263
1500000US240054911002,240054911002,"Block Group 2, Census Tract 4911, Baltimore County, Maryland",1845,352
1500000US240054911003,240054911003,"Block Group 3, Census Tract 4911, Baltimore County, Maryland",994,165
1500000US240054912011,240054912011,"Block Group 1, Census Tract 4912.01, Baltimore County, Maryland",953,153
1500000US240054912012,240054912012,"Block Group 2, Census Tract 4912.01, Baltimore County, Maryland",607,106
1500000US240054912021,240054912021,"Block Group 1, Census Tract 4912.02, Baltimore County, Maryland",1174,127
1500000US240054912022,240054912022,"Block Group 2, Census Tract 4912.02, Baltimore County, Maryland",705,93
1500000US240054913001,240054913001,"Block Group 1, Census Tract 4913, Baltimore County, Maryland",1516,359
1500000US240054913002,240054913002,"Block Group 2, Census Tract 4913, Baltimore County, Maryland",2122,423
1500000US240054914011,240054914011,"Block Group 1, Census Tract 4914.01, Baltimore County, Maryland",1145,326
1500000US240054914012,240054914012,"Block Group 2, Census Tract 4914.01, Baltimore County, Maryland",1872,495
1500000US240054914013,240054914013,"Block Group 3, Census Tract 4914.01, Baltimore County, Maryland",2692,532
1500000US240054914021,240054914021,"Block Group 1, Census Tract 4914.02, Baltimore County, Maryland",1503,276
1500000US240054914022,240054914022,"Block Group 2, Census Tract 4914.02, Baltimore County, Maryland",1443,307
1500000US240054915001,240054915001,"Block Group 1, Census Tract 4915, Baltimore County, Maryland",1273,281
1500000US240054915002,240054915002,"Block Group 2, Census Tract 4915, Baltimore County, Maryland",1015,194
1500000US240054915003,240054915003,"Block Group 3, Census Tract 4915, Baltimore County, Maryland",1621,379
1500000US240054916001,240054916001,"Block Group 1, Census Tract 4916, Baltimore County, Maryland",817,320
1500000US240054916002,240054916002,"Block Group 2, Census Tract 4916, Baltimore County, Maryland",1252,332
1500000US240054916003,240054916003,"Block Group 3, Census Tract 4916, Baltimore County, Maryland",1258,421
1500000US240054917011,240054917011,"Block Group 1, Census Tract 4917.01, Baltimore County, Maryland",1090,222
1500000US240054917012,240054917012,"Block Group 2, Census Tract 4917.01, Baltimore County, Maryland",1732,313
1500000US240054917013,240054917013,"Block Group 3, Census Tract 4917.01, Baltimore County, Maryland",1264,256
1500000US240054919001,240054919001,"Block Group 1, Census Tract 4919, Baltimore County, Maryland",986,186
1500000US240054919002,240054919002,"Block Group 2, Census Tract 4919, Baltimore County, Maryland",886,165
1500000US240054920011,240054920011,"Block Group 1, Census Tract 4920.01, Baltimore County, Maryland",812,132
1500000US240054920012,240054920012,"Block Group 2, Census Tract 4920.01, Baltimore County, Maryland",631,125
1500000US240054920021,240054920021,"Block Group 1, Census Tract 4920.02, Baltimore County, Maryland",777,191
1500000US240054920022,240054920022,"Block Group 2, Census Tract 4920.02, Baltimore County, Maryland",1045,228
1500000US240054920023,240054920023,"Block Group 3, Census Tract 4920.02, Baltimore County, Maryland",1004,244
1500000US240054920024,240054920024,"Block Group 4, Census Tract 4920.02, Baltimore County, Maryland",1137,164
1500000US240054921011,240054921011,"Block Group 1, Census Tract 4921.01, Baltimore County, Maryland",687,181
1500000US240054921012,240054921012,"Block Group 2, Census Tract 4921.01, Baltimore County, Maryland",977,211
1500000US240054921013,240054921013,"Block Group 3, Census Tract 4921.01, Baltimore County, Maryland",710,248
1500000US240054921014,240054921014,"Block Group 4, Census Tract 4921.01, Baltimore County, Maryland",1327,362
1500000US240054921021,240054921021,"Block Group 1, Census Tract 4921.02, Baltimore County, Maryland",921,255
1500000US240054921022,240054921022,"Block Group 2, Census Tract 4921.02, Baltimore County, Maryland",1167,151
1500000US240054922001,240054922001,"Block Group 1, Census Tract 4922, Baltimore County, Maryland",1469,408
1500000US240054922002,240054922002,"Block Group 2, Census Tract 4922, Baltimore County, Maryland",2474,364
1500000US240054922003,240054922003,"Block Group 3, Census Tract 4922, Baltimore County, Maryland",1082,368
1500000US240054923001,240054923001,"Block Group 1, Census Tract 4923, Baltimore County, Maryland",1502,472
1500000US240054923002,240054923002,"Block Group 2, Census Tract 4923, Baltimore County, Maryland",2711,429
1500000US240054924011,240054924011,"Block Group 1, Census Tract 4924.01, Baltimore County, Maryland",1932,328
1500000US240054924012,240054924012,"Block Group 2, Census Tract 4924.01, Baltimore County, Maryland",1782,280
1500000US240054924021,240054924021,"Block Group 1, Census Tract 4924.02, Baltimore County, Maryland",3294,579
1500000US240054924022,240054924022,"Block Group 2, Census Tract 4924.02, Baltimore County, Maryland",3363,574
1500000US240054925001,240054925001,"Block Group 1, Census Tract 4925, Baltimore County, Maryland",2702,782
1500000US240054925002,240054925002,"Block Group 2, Census Tract 4925, Baltimore County, Maryland",357,194
1500000US240054926001,240054926001,"Block Group 1, Census Tract 4926, Baltimore County, Maryland",102,19
1500000US240054926002,240054926002,"Block Group 2, Census Tract 4926, Baltimore County, Maryland",1231,269
1500000US240054926003,240054926003,"Block Group 3, Census Tract 4926, Baltimore County, Maryland",2384,336
1500000US240059800001,240059800001,"Block Group 1, Census Tract 9800, Baltimore County, Maryland",0,12
1500000US240059801001,240059801001,"Block Group 1, Census Tract 9801, Baltimore County, Maryland",0,12
1500000US240059802001,240059802001,"Block Group 1, Census Tract 9802, Baltimore County, Maryland",0,12
